date,SPY,EFA,EEM,TLT,IEF,SHY,GLD,VNQ,DBC
2010-01-04,84.5785064697,34.5812110901,30.1945571899,55.2818412781,60.9318428040,65.2325210571,109.8000030518,23.3463211060,21.3388462067
2010-01-05,84.8023681641,34.6116752625,30.4137306213,55.6388702393,61.1993370056,65.3111114502,109.6999969482,23.3201179504,21.3642082214
2010-01-06,84.8620529175,34.7579803467,30.4773483276,54.8940925598,60.9524154663,65.3189926147,111.5100021362,23.2781963348,21.7446556091
2010-01-07,85.2203063965,34.6238861084,30.3006134033,54.9863777161,60.9524154663,65.3032913208,110.8199996948,23.5297470093,21.4741153717
2010-01-08,85.5039062500,34.8981895447,30.5409908295,54.9617500305,61.0279273987,65.3661499023,111.3700027466,23.3568229675,21.4572067261
2010-01-11,85.6232986450,35.1847000122,30.4773483276,54.6601524353,61.0690422058,65.3975372314,112.8499984741,23.4930553436,21.3895702362
2010-01-12,84.8247604370,34.7701797485,29.9895381927,55.5957641602,61.5081024170,65.4524612427,110.4899978638,23.1000213623,20.9330368042
2010-01-13,85.5412368774,35.0627708435,30.0814514160,54.9494323730,61.2131080627,65.3975372314,111.5400009155,23.5664272308,20.9499435425
2010-01-14,85.7725677490,35.3309860229,30.0036888123,55.7188606262,61.5012016296,65.4603118896,112.0299987793,23.5454635620,20.8400344849
2010-01-15,84.8098297119,34.7762718201,29.6572666168,56.0635757446,61.7756156921,65.5152969360,110.8600006104,23.3672847748,20.6033134460
2010-01-19,85.8695831299,35.1176300049,30.2581920624,55.9035339355,61.6658592224,65.5309982300,111.5199966431,23.8441810608,20.7385826111
2010-01-20,84.9964065552,34.2215499878,29.5300178528,56.4698295593,61.8785285950,65.5309982300,108.9400024414,23.5769023895,20.3496837616
2010-01-21,83.3619995117,33.4900703430,28.6392345428,56.7283096313,62.1048774719,65.5859451294,107.3700027466,22.9008731842,20.0960502625
2010-01-22,81.5037460327,32.8378295898,28.0029659271,56.6299095154,62.1597785950,65.6409454346,107.1699981689,22.3244209290,19.8846931458
2010-01-25,81.9216461182,33.2401428223,28.2079830170,56.3713531494,62.0225830078,65.5859451294,107.4800033569,22.4816455841,19.9776916504
2010-01-26,81.5783386230,33.0511703491,27.6212062836,56.3898162842,62.1460494995,65.5938568115,107.5599975586,22.2720298767,19.7578773499
2010-01-27,81.9664077759,33.0146026611,27.5505065918,56.3590698242,62.0019683838,65.5703125000,106.5299987793,22.4711647034,19.4704265594
2010-01-28,81.0261077881,32.4598808289,27.3596324921,56.3282966614,61.9814834595,65.6016921997,106.4800033569,22.2772712708,19.4027938843
2010-01-29,80.1454544067,31.9905204773,27.0627098083,56.8207244873,62.2215461731,65.6645355225,105.9599990845,22.1514968872,19.1829795837
2010-02-01,81.3917770386,32.5756988525,27.7908763885,56.3049163818,62.0081672668,65.6362304688,108.3499984741,22.5550003052,19.6479682922
2010-02-02,82.3768615723,33.1182289124,28.0171089172,56.4655113220,62.1114234924,65.6440963745,109.1299972534,22.8641967773,20.0706882477
2010-02-03,81.9664077759,32.7707710266,27.8545055389,55.8107528687,61.8154449463,65.5969467163,108.6999969482,22.4921169281,19.8255119324
2010-02-04,79.4364318848,31.4357986450,26.5960979462,56.6941184998,62.3247871399,65.6912078857,104.3700027466,21.6588840485,19.1660690308
2010-02-05,79.6006546021,31.3809432983,26.2991771698,56.8176307678,62.5243721008,65.7934265137,104.6800003052,22.0571708679,18.9208927155
2010-02-08,79.0259780884,30.7591609955,26.0375995636,56.8917274475,62.4693336487,65.7462768555,104.0400009155,21.5750484467,18.9293479919
2010-02-09,80.0185852051,31.7283878326,26.8859500885,56.3234519958,62.1320648193,65.6833724976,105.4100036621,21.5069160461,19.2675228119
2010-02-10,79.8618469238,31.5272388458,26.8152637482,55.7860221863,61.9599914551,65.6126480103,105.1200027466,21.5488395691,19.3436107635
2010-02-11,80.6977005005,31.8198337555,27.5222358704,55.4833564758,61.8842697144,65.6362304688,107.1299972534,21.7532157898,19.5718803406
2010-02-12,80.6305618286,31.5455303192,27.1758117676,55.7118873596,62.0287857056,65.6912078857,107.0400009155,22.0099983215,19.4619731903
2010-02-16,81.8992309570,32.2465400696,27.8757171631,55.8169250488,62.1664695740,65.6990661621,109.6200027466,22.6336135864,20.0537796021
2010-02-17,82.2873306274,32.2892074585,27.9746818542,55.1806564331,61.8361167908,65.6440963745,109.2500000000,22.8380050659,19.9523258209
2010-02-18,82.7724304199,32.4720764160,28.0807361603,54.9583015442,61.6158218384,65.6047897339,109.9800033569,23.1786327362,20.1298694611
2010-02-19,82.9440383911,32.2709121704,27.8403644562,55.2547950745,61.6502151489,65.5811691284,109.4700012207,23.1943492889,20.2482299805
2010-02-22,82.9589996338,32.3318824768,27.8757171631,55.0262565613,61.6020126343,65.6047897339,109.0699996948,23.2519950867,20.1383228302
2010-02-23,81.9515075684,31.8747005463,27.2323646545,55.8848571777,62.0700874329,65.6598358154,107.8899993896,23.0738220215,19.8086051941
2010-02-24,82.7052612305,32.0758590698,27.4939537048,56.0207748413,62.1044998169,65.6912078857,107.3600006104,23.3096446991,19.9692363739
2010-02-25,82.5933227539,31.8807907104,27.2677116394,56.3358039856,62.3316574097,65.7462768555,108.3099975586,23.3987236023,19.6310596466
2010-02-26,82.6455688477,32.0758590698,27.5434398651,56.6261482239,62.4280357361,65.7698287964,109.4300003052,23.3882446289,19.9776916504
2010-03-01,83.5038070679,32.3257713318,28.0100345612,56.6013183594,62.4929046631,65.7580718994,109.4300003052,23.5873889923,19.7747859955
2010-03-02,83.7351455688,32.5696144104,28.3281650543,56.5269851685,62.5274467468,65.7580718994,111.0199966431,23.5978698730,19.9861431122
2010-03-03,83.8097915649,32.9597358704,28.3635234833,56.3844566345,62.4653129578,65.7501144409,111.6299972534,23.5349788666,20.1805973053
2010-03-04,84.0635452271,32.8743896484,28.2150611877,56.6818847656,62.5756607056,65.7265243530,110.8300018311,23.6817150116,20.0030536652
2010-03-05,85.2650833130,33.5144615173,28.9503040314,55.9382553101,62.2789726257,65.6715164185,110.8099975586,24.3262977600,20.2397766113
2010-03-08,85.2800292969,33.5144615173,28.9715099335,55.6470527649,62.1133308411,65.6399993896,109.8799972534,24.5725975037,20.2144145966
2010-03-09,85.4217987061,33.4352073669,29.1341075897,55.6594390869,62.2720832825,65.6872177124,109.7200012207,24.6302394867,19.9945983887
2010-03-10,85.8024063110,33.5753974915,29.3391323090,55.5169105530,62.1685867310,65.6715164185,108.4700012207,24.8503379822,20.0537796021
2010-03-11,86.1606597900,33.7034149170,29.3461990356,55.7213821411,62.1133308411,65.5928421021,108.5999984741,24.9970779419,20.0030536652
2010-03-12,86.1680908203,33.9289665222,29.2472229004,56.0683670044,62.2099533081,65.6006622314,107.9499969482,25.1962146759,19.8846931458
2010-03-15,86.1904830933,33.6912307739,29.0351409912,55.9940223694,62.2099533081,65.6242523193,108.3600006104,25.1385746002,19.6479682922
2010-03-16,86.8770675659,34.1179275513,29.4098358154,56.4401893616,62.4514770508,65.6399993896,110.4000015259,25.7464599609,19.9100570679
2010-03-17,87.3920135498,34.3007965088,29.7279624939,56.6818847656,62.5274467468,65.6557006836,109.5899963379,26.1290168762,20.0875968933
2010-03-18,87.3472518921,34.0996398926,29.5017356873,56.4959411621,62.3617515564,65.6164398193,110.3399963379,25.9875259399,20.0453262329
2010-03-19,86.9051208496,33.7521781921,29.1199779510,56.5517196655,62.2789726257,65.5691833496,108.2799987793,25.7045326233,19.8001499176
2010-03-22,87.3697357178,33.8497085571,29.2260208130,56.6137237549,62.4860267639,65.5928421021,107.7500000000,26.0294342041,19.8001499176
2010-03-23,87.9842453003,34.0874557495,29.4310493469,56.3472290039,62.3548545837,65.5691833496,108.3199996948,25.9560813904,19.7156009674
2010-03-24,87.5570526123,33.5266456604,28.9927234650,55.3185882568,61.7337341309,65.4669570923,106.3000030518,26.0975704193,19.4957904816
2010-03-25,87.4147109985,33.5083580017,28.9149532318,54.9653625488,61.5059547424,65.4905166626,106.7799987793,26.1614608765,19.3858833313
2010-03-26,87.3622589111,33.8375244141,29.0563411713,55.1203041077,61.6509284973,65.5298690796,108.5899963379,26.0241851807,19.4197006226
2010-03-29,87.9167861938,34.1240348816,29.5795001984,54.9095878601,61.5611610413,65.5613479614,108.7500000000,26.1033706665,19.8593292236
2010-03-30,87.9767684937,34.1240348816,29.6926116943,55.0831413269,61.6233139038,65.5456314087,107.9700012207,26.0664176941,19.9015998840
2010-03-31,87.6769943237,34.1240348816,29.7774562836,55.4611434937,61.7682266235,65.5928421021,108.9499969482,25.7707481384,19.8846931458
2010-04-01,88.2765045166,34.7275085449,30.5551147461,55.3255271912,61.6402473450,65.5691604614,110.2600021362,25.9027481079,20.2735919952
2010-04-05,88.9959030151,34.7640724182,30.8308315277,54.4050102234,61.0864677429,65.3880233765,110.8899993896,26.4729671478,20.5948619843
2010-04-06,89.2057342529,34.6665458679,30.9227390289,54.4921035767,61.2664413452,65.4353103638,111.0299987793,27.0801486969,20.5779495239
2010-04-07,88.6961441040,34.4227256775,30.6540946960,55.1887321472,61.6471519470,65.5376968384,112.4899978638,26.4835186005,20.5018596649
2010-04-08,89.0033950806,34.3861351013,30.7601375580,55.2135848999,61.5778770447,65.5219879150,112.6500015259,26.5152072906,20.4680423737
2010-04-09,89.5878982544,34.8372268677,30.9510116577,55.3441963196,61.6471519470,65.5376968384,113.6399993896,26.8900775909,20.5103168488
2010-04-12,89.7302780151,34.9469566345,30.7035732269,55.6365089417,61.8132667542,65.5691604614,113.0100021362,26.7211246490,20.4934082031
2010-04-13,89.7977218628,34.9164695740,30.6399517059,55.8168983459,61.9308891296,65.5534133911,112.6900024414,27.3758087158,20.5694961548
2010-04-14,90.8168869019,35.3797454834,31.0924129486,55.4250297546,61.7648048401,65.5534133911,113.0299987793,27.4180488586,20.8062210083
2010-04-15,90.8918151855,35.3553733826,30.9227390289,55.4872207642,61.8685836792,65.6006698608,113.6500015259,26.6683235168,20.8823089600
2010-04-16,89.4455108643,34.5751152039,30.0178260803,55.8915367126,62.2422981262,65.7030487061,111.2399978638,26.0558662415,20.5018596649
2010-04-19,89.7827072144,34.4836807251,29.8976402283,55.7547149658,62.0900573730,65.6400527954,111.1500015259,26.1720142365,20.2397766113
2010-04-20,90.5845642090,34.6970214844,30.2511234283,55.9537086487,62.1177940369,65.6479568481,111.4599990845,26.6155166626,20.4004096985
2010-04-21,90.4197082520,34.4714927673,30.1521472931,56.4140090942,62.3184700012,65.6557617188,112.3099975586,27.0801486969,20.5018596649
2010-04-22,90.6895141602,34.1606025696,30.2793979645,56.2460136414,62.1731834412,65.6086120605,111.8399963379,27.4972476959,20.5525856018
2010-04-23,91.2814636230,34.4166183472,30.4420051575,56.0470542908,62.0001220703,65.5849304199,113.1900024414,27.8615570068,20.6878585815
2010-04-26,90.9368057251,34.4532089233,30.4420051575,56.1092376709,62.0416145325,65.5849304199,112.7500000000,28.0833053589,20.5864067078
2010-04-27,88.7860565186,33.0694694519,29.3532695770,56.8991203308,62.6229858398,65.7109603882,114.6299972534,27.1857490540,20.2735919952
2010-04-28,89.4604949951,33.0755577087,29.6007080078,56.4140090942,62.3046379089,65.6952209473,114.3099975586,27.2702140808,20.3412284851
2010-04-29,90.5695724487,33.5876045227,30.0885181427,56.6503448486,62.4084701538,65.7109603882,114.2799987793,28.5004272461,20.5018596649
2010-04-30,89.0333328247,33.1669921875,29.7279624939,57.3034782410,62.7891311646,65.7896804810,115.3600006104,27.6134014130,20.6624965668
2010-05-03,90.1874008179,33.4047279358,29.8905582428,57.2285652161,62.6245880127,65.7250823975,115.7300033569,28.5320892334,20.7639484406
2010-05-04,88.0666503906,32.0819396973,28.5190505981,58.2583885193,63.0480575562,65.7644424438,114.8700027466,27.8826828003,20.2059574127
2010-05-05,87.5420913696,31.4662818909,28.0029659271,58.6016311646,63.2910232544,65.8511428833,115.0899963379,27.5078182220,19.7494220734
2010-05-06,84.6345443726,30.0642509460,26.8576831818,60.4117240906,63.9852142334,65.9930953979,118.4899978638,26.3779315948,19.3605213165
2010-05-07,83.3755722046,29.9972000122,26.9990673065,59.6564559937,63.8116569519,65.9693984985,118.2699966431,25.9344196320,19.2590713501
2010-05-10,87.0475082397,31.9417552948,28.9432353973,58.4206733704,63.3257637024,65.8827514648,117.5699996948,27.6450881958,19.6310596466
2010-05-11,86.8002243042,31.4236049652,28.4200859070,58.2708282471,63.4021072388,65.9221191406,120.6600036621,27.8087558746,19.5972442627
2010-05-12,88.0142059326,31.7771663666,28.7735633850,57.8277244568,63.2424011230,65.9063720703,121.4000015259,28.2575416565,19.7578773499
2010-05-13,86.9201202393,31.3626518250,28.5049095154,58.2084693909,63.4160079956,65.9457397461,120.5599975586,27.7981987000,19.5887889862
2010-05-14,85.3464050293,30.4726715088,27.9181365967,59.2195739746,63.8255767822,66.0324935913,120.3700027466,26.9164714813,19.0899810791
2010-05-17,85.3914108276,30.5153388977,27.7484588623,59.0011367798,63.6867446899,66.0088195801,119.3600006104,26.9534263611,18.5488986969
2010-05-18,84.2298583984,29.8570003510,27.1687412262,59.9061622620,64.1518096924,66.0797882080,119.4899978638,26.2723331451,18.5235366821
2010-05-19,83.7502593994,29.9728126526,26.9071693420,60.1059188843,64.2074203491,66.0482940674,116.6299972534,26.0294570923,18.3544521332
2010-05-20,80.5878829956,28.9304466248,25.5709953308,61.3728790283,64.8321533203,66.1271209717,115.8399963379,24.6936721802,17.9740047455
2010-05-21,81.7644119263,29.6375579834,26.3981456757,61.4353218079,64.8668670654,66.0797882080,115.2200012207,25.5226020813,18.1599998474
2010-05-24,80.7153015137,28.9548301697,26.1224384308,61.2231483459,64.8668670654,66.0719146729,116.8399963379,24.9523887634,18.1430892944
2010-05-25,80.7977294922,28.8451023102,25.8396434784,61.5227432251,65.0889968872,66.0639801025,117.3600006104,25.1530151367,17.9993667603
2010-05-26,80.3106155396,28.4183940887,25.8255081177,61.3479309082,64.9570846558,66.0088195801,118.4700012207,25.1002216339,18.1938171387
2010-05-27,83.0008697510,30.0337791443,27.3879032135,59.9560852051,64.3392868042,65.9615097046,118.6900024414,26.4782409668,18.7264442444
2010-05-28,81.9592666626,29.4546699524,26.9354476929,60.2306976318,64.6307907104,66.0876083374,118.8799972534,26.1403388977,18.5658073425
2010-06-01,80.5803909302,29.1620864868,26.4405689240,60.6540603638,64.7144165039,66.0884323120,119.9100036621,25.5965232849,18.2191772461
2010-06-02,82.6786422729,29.9423370361,27.3666954041,60.0779457092,64.3454360962,66.0410690308,119.7799987793,26.0980949402,18.4389934540
2010-06-03,82.9634246826,29.8508968353,27.2677116394,59.6395187378,64.2549514771,66.0252838135,117.9599990845,26.0241851807,18.5404472351
2010-06-04,80.0483245850,28.5768909454,26.2991771698,61.2427482605,65.1460189819,66.1752395630,119.1900024414,24.5511150360,17.9655494690
2010-06-07,79.0516815186,28.2172431946,25.8891277313,61.7124977112,65.4105072021,66.1515502930,121.4899978638,24.4191131592,17.9993667603
2010-06-08,79.8984832764,28.6683254242,26.4829826355,61.4056434631,65.2086563110,66.1436843872,121.0000000000,24.8573532104,18.1430892944
2010-06-09,79.4713439941,28.5646991730,26.3415851593,61.3366928101,65.2155838013,66.1515502930,120.5599975586,25.0051784515,18.2276344299
2010-06-10,81.7943954468,29.7716598511,27.2606506348,60.2407379150,64.6099700928,66.0647430420,118.9700012207,26.0875358582,18.5319938660
2010-06-11,82.1915512085,29.8143234253,27.4020462036,61.0047454834,65.0206832886,66.1357879639,120.0100021362,26.3990688324,18.5573558807
2010-06-14,82.0641479492,30.0033073425,27.4091091156,60.6916618347,64.9649963379,66.1515502930,119.5999984741,26.7263927460,18.6080818176
2010-06-15,83.9301071167,30.9542369843,28.2362728119,60.4411125183,64.7631454468,66.1200027466,120.9899978638,27.3230152130,18.9208927155
2010-06-16,83.9001388550,30.8079357147,28.2362728119,60.7855834961,64.9440994263,66.1357879639,120.3300018311,27.0748615265,18.9631652832
2010-06-17,84.0350418091,30.9054737091,28.0948810577,61.2803382874,65.2504196167,66.1752395630,121.9000015259,27.1329479218,18.9716186523
2010-06-18,84.1261291504,30.8506031036,28.2221240997,61.1801147461,65.1181488037,66.1831436157,122.8300018311,27.0484676361,18.9378032684
2010-06-21,83.8851852417,30.8445110321,28.7099304199,61.0047454834,65.0694274902,66.1910247803,120.3899993896,26.8372764587,18.8617115021
2010-06-22,82.4997711182,30.4543762207,28.1585025787,61.7312927246,65.4592666626,66.2225418091,121.4499969482,26.0400218964,18.8194408417
2010-06-23,82.2437744141,30.6584339142,28.2310886383,62.1508102417,65.7029037476,66.2699203491,120.9499969482,26.1086616516,18.5066299438
2010-06-24,80.8809738159,30.1250343323,27.7329349518,61.7813453674,65.6472702026,66.2856826782,121.3000030518,25.5559768677,18.5488986969
2010-06-25,81.2197799683,30.2987041473,28.0602970123,62.0318756104,65.7516021729,66.3093109131,122.7600021362,26.2008609772,18.8870754242
2010-06-28,80.9637680054,30.0754165649,27.8681488037,62.6142730713,66.2181015015,66.3487777710,121.0899963379,25.8917388916,18.6841697693
2010-06-29,78.4640121460,29.0458126068,26.7366237640,63.2969055176,66.5035018921,66.3803176880,121.2699966431,25.0443153381,18.1684551239
2010-06-30,77.7186279297,28.8473377228,26.5587120056,63.7227973938,66.6009292603,66.3646087646,121.6800003052,24.7778263092,18.2360897064
2010-07-01,77.3722152710,29.2691078186,26.7508621216,63.8232841492,66.5715942383,66.3432464600,117.0400009155,24.6925582886,17.9570960999
2010-07-02,76.9506225586,29.2070789337,26.8647251129,63.3144721985,66.4530029297,66.3432464600,118.4899978638,24.2182044983,17.9232769012
2010-07-06,77.4550704956,29.7901020050,27.3628749847,63.8358726501,66.6135330200,66.3432464600,116.5100021362,23.6799163818,17.9740047455
2010-07-07,79.8946075439,30.7204627991,27.9677829742,63.0883331299,66.4041442871,66.3353958130,117.7300033569,24.8311309814,18.3798141479
2010-07-08,80.6852111816,31.0181713104,28.1029930115,62.6862792969,66.2435760498,66.3432464600,117.2099990845,25.1402473450,18.5488986969
2010-07-09,81.2875442505,31.0491867065,28.4445819855,62.3282012939,66.0691223145,66.3195571899,118.3600006104,25.4600429535,18.5827178955
2010-07-12,81.3402481079,30.9313449860,28.2168636322,62.3030853271,66.1807785034,66.3274765015,117.3399963379,25.5399761200,18.3713588715
2010-07-13,82.5675354004,31.5019683838,28.5442123413,61.7691192627,65.8527755737,66.2801132202,118.3600006104,26.1688823700,18.6672630310
2010-07-14,82.5600051880,31.6136150360,28.4872856140,62.3910179138,66.1807785034,66.3511047363,118.3000030518,26.0143184662,18.6334457397
2010-07-15,82.5825958252,31.7686653137,28.3520679474,63.0129394531,66.5227737427,66.3669586182,118.2300033569,25.9290542603,18.8109874725
2010-07-16,80.3087387085,30.7514820099,27.5052089691,63.3207092285,66.9066772461,66.4300918579,116.6699981689,25.0869560242,18.5742626190
2010-07-19,80.7830581665,30.9499588013,27.8681488037,62.9312515259,66.7322082520,66.4064559937,115.7300033569,25.3960666656,18.5573558807
2010-07-20,81.6790695190,31.1608409882,28.5228595734,63.0255088806,66.8019485474,66.4300918579,116.6500015259,25.8704280853,18.7095336914
2010-07-21,80.6174240112,30.5964279175,28.2310886383,64.0934295654,67.2277450562,66.4617004395,115.8499984741,25.3321228027,18.6588077545
2010-07-22,82.4169692993,31.6260128021,29.0850639343,63.3521995544,66.8578567505,66.4380035400,116.8600006104,26.2808074951,19.0307998657
2010-07-23,83.1322555542,31.9981594086,29.2843246460,62.6800041199,66.6414489746,66.4064559937,116.0899963379,26.6165809631,18.9716186523
2010-07-26,83.9981384277,32.2214393616,29.4835987091,62.5731964111,66.6205444336,66.3826904297,115.5199966431,27.2828006744,18.9547138214
2010-07-27,83.9906158447,32.3144836426,29.4337730408,61.9701499939,66.3901901245,66.3432464600,113.5100021362,27.2774696350,18.7518062592
2010-07-28,83.4484786987,32.1470184326,29.2700843811,62.1711959839,66.6763763428,66.4064559937,113.7799987793,27.2241687775,18.8278961182
2010-07-29,83.0418930054,32.2958755493,29.3199157715,62.1522903442,66.8159103394,66.4617004395,114.2900009155,26.9949893951,19.0984344482
2010-07-30,83.0268554688,32.1966323853,29.4622383118,63.1197471619,67.2067871094,66.4932937622,115.4899978638,27.1548862457,19.3520660400
2010-08-02,84.9016571045,33.2820510864,30.2237033844,62.2336425781,66.9989776611,66.4782714844,115.5400009155,28.0662612915,19.7240581512
2010-08-03,84.4950637817,33.2324371338,30.0813770294,62.5928649902,67.3139038086,66.5256805420,115.9899978638,27.7944374084,19.7916946411
2010-08-04,85.0597686768,33.2634391785,30.1240730286,62.1138954163,67.0339508057,66.4704132080,116.7200012207,27.9916477203,19.9607810974
2010-08-05,84.9694366455,33.2386360168,29.9888629913,62.4038314819,67.3558273315,66.5493850708,116.9800033569,27.6398906708,19.8677845001
2010-08-06,84.6230926514,33.3378829956,29.9461612701,63.0844421387,67.7966842651,66.5652236938,117.8399963379,27.5119724274,19.6902408600
2010-08-09,85.0748214722,33.3750915527,30.1027240753,62.8512344360,67.7827453613,66.5256805420,117.4000015259,27.8264312744,19.7578773499
2010-08-10,84.6155700684,33.1083869934,29.6899719238,62.9836158752,68.1256027222,66.5572738647,117.7300033569,27.5546131134,19.5465164185
2010-08-11,82.2964782715,31.6011962891,28.7434749603,63.8280868530,68.5105361938,66.5730895996,117.3399963379,26.8670749664,19.1068897247
2010-08-12,81.7920303345,31.5639915466,28.7932815552,63.6705322266,68.3355789185,66.5572738647,118.7699966431,26.5312995911,18.9631652832
2010-08-13,81.5510940552,31.4523487091,28.9498596191,64.4646072388,68.6295013428,66.5493850708,118.7399978638,26.5312995911,18.9462566376
2010-08-16,81.5134277344,31.7066440582,29.2202816010,66.0779113770,69.1263580322,66.6125869751,119.7300033569,26.5099945068,18.8870754242
2010-08-17,82.5148391724,32.0601844788,29.5262928009,65.6998138428,68.7764511108,66.5968093872,119.7500000000,27.1175746918,19.1576156616
2010-08-18,82.6654052734,32.0477828979,29.5049381256,65.8763122559,68.7064819336,66.6125869751,120.2200012207,27.1442337036,19.0815277100
2010-08-19,81.2273025513,31.5329875946,29.2772121429,66.9035186768,69.0143585205,66.6284332275,120.3899993896,26.4513587952,18.8870754242
2010-08-20,80.9637680054,31.2042579651,29.1918106079,66.8279266357,68.7904586792,66.6046829224,119.9700012207,26.3660850525,18.7687149048
2010-08-23,80.6550369263,31.1422309875,28.9285049438,66.8405151367,68.8814468384,66.6125869751,119.7799987793,26.2275066376,18.6418991089
2010-08-24,79.4579010010,30.7142620087,28.5584564209,67.9119033813,69.4272766113,66.6600112915,120.3600006104,26.1209068298,18.4305400848
2010-08-25,79.7665863037,30.7452640533,28.3734073639,67.6912994385,69.1123733521,66.5968093872,121.3600006104,26.5366249084,18.5235366821
2010-08-26,79.2320098877,30.7328681946,28.1955070496,68.3277969360,69.4272766113,66.5968093872,120.9599990845,26.3767471313,18.7348957062
2010-08-27,80.4593200684,31.3345069885,28.8146457672,66.3930511475,68.6295013428,66.5493850708,121.0100021362,26.8137798309,19.0561637878
2010-08-30,79.2922363281,30.8817195892,28.3378334045,67.6661300659,69.1543426514,66.6284332275,120.9100036621,26.6059207916,19.0223464966
2010-08-31,79.2922363281,30.9747676849,28.5086326599,68.4160614014,69.4622192383,66.6521148682,122.0800018311,26.8084564209,18.7687149048
2010-09-01,81.6640090942,32.0787925720,29.5120620728,67.0014724731,68.9620666504,66.6125564575,121.6900024414,27.6825122833,19.1407051086
2010-09-02,82.4244918823,32.2586631775,29.5618686676,66.2934799194,68.6744537354,66.5967636108,122.2900009155,28.0342769623,19.2759780884
2010-09-03,83.4936599731,32.5563812256,29.9105739594,65.4717864990,68.2815017700,66.5651245117,121.8600006104,28.4446735382,19.3774318695
2010-09-07,82.5524826050,32.1036071777,29.4764671326,66.8118286133,68.8217544556,66.6363296509,122.6999969482,28.0076351166,19.4788837433
2010-09-08,83.1322555542,32.3517036438,29.7967090607,66.2808532715,68.6323471069,66.5888595581,122.7099990845,28.0662612915,19.5211544037
2010-09-09,83.5162353516,32.6556091309,29.9675083160,64.9724273682,68.0921325684,66.5177154541,121.5599975586,27.7411499023,19.4112453461
2010-09-10,83.9378967285,32.7548561096,30.0742645264,64.6753845215,67.8956909180,66.5097198486,121.7300033569,27.8903865814,19.6141548157
2010-09-13,84.8715438843,33.3502769470,30.7930202484,64.9913864136,68.2184524536,66.5651245117,121.6200027466,28.3487358093,19.7578773499
2010-09-14,84.8188171387,33.5735664368,30.7788028717,65.6171722412,68.5621871948,66.6125564575,124.0199966431,28.2421474457,19.8170566559
2010-09-15,85.1425857544,33.5859718323,30.8214797974,64.6437835693,68.3236389160,66.6284332275,123.9400024414,28.4873161316,19.7832412720
2010-09-16,85.1199951172,33.4247131348,30.6649227142,64.0053482056,68.0851364136,66.6442031860,124.6299972534,28.3380794525,19.6817874908
2010-09-17,85.1517944336,33.2634391785,30.6151161194,64.2645187378,68.2394866943,66.6600189209,124.5400009155,28.4233589172,19.7494220734
2010-09-20,86.4538040161,33.8402709961,31.0990219116,64.6373977661,68.4499435425,66.6679916382,124.8700027466,29.1162147522,19.9100570679
2010-09-21,86.2796936035,33.8340644836,31.0065174103,65.5349731445,69.0883636475,66.7153701782,126.0100021362,28.6898422241,19.6986961365
2010-09-22,85.8557815552,33.7844505310,31.0278644562,66.1228637695,69.1935729980,66.7075271606,126.1999969482,28.3007678986,19.8170566559
2010-09-23,85.1593704224,33.4185142517,30.8285942078,66.3124847412,69.2917938232,66.7153701782,126.3000030518,27.6025810242,19.8339672089
2010-09-24,86.9155578613,34.3488655090,31.3979282379,65.4212646484,68.9480056763,66.7075271606,126.6900024414,28.3834209442,20.1383228302
2010-09-27,86.4991989136,34.1752052307,31.3409881592,66.5589981079,69.4811630249,66.7233200073,126.7200012207,28.0338726044,20.0030536652
2010-09-28,86.8020019531,34.3736686707,31.5687332153,67.0140686035,69.7126617432,66.7391586304,127.8499984741,28.1467971802,20.0030536652
2010-09-29,86.6505966187,34.3178596497,31.6754646301,66.7359619141,69.5443267822,66.7233200073,127.9499969482,27.9263095856,20.2651386261
2010-09-30,86.3932800293,34.0635528564,31.8604965210,66.6917343140,69.4601898193,66.7312011719,127.9100036621,28.0069789886,20.3835029602
2010-10-01,86.7565917969,34.4046936035,32.3301811218,66.3694381714,69.4974670410,66.7430725098,128.9100036621,28.1467971802,20.4257736206
2010-10-04,86.1055679321,33.9084854126,32.2305526733,66.5406951904,69.7435455322,66.7510223389,128.4600067139,28.4049320221,20.3581390381
2010-10-05,87.8390731812,34.8698692322,32.8140983582,66.1410293579,69.7575988770,66.7826995850,130.9900054932,28.8566627502,20.7723999023
2010-10-06,87.8314819336,35.1613845825,32.7998733521,66.9721374512,70.2076187134,66.7905731201,131.8099975586,28.7007064819,20.7808570862
2010-10-07,87.7255020142,35.0435409546,32.5080947876,66.4138183594,70.2779846191,66.8460159302,130.3699951172,28.7813739777,20.5694961548
2010-10-08,88.2175445557,35.2730178833,32.8994941711,66.1219863892,70.3061141968,66.8460159302,131.6600036621,28.8620300293,21.2542991638
2010-10-11,88.3007965088,35.2296104431,32.8781509399,66.1346969604,70.3764419556,66.8539581299,132.2899932861,28.8566627502,21.1528472900
2010-10-12,88.5732955933,35.1551856995,32.7429389954,65.4811630249,70.1724700928,66.8063888550,131.9600067139,29.0610008240,21.2542991638
2010-10-13,89.2621612549,35.5521354675,33.3478431702,65.3797073364,70.1724700928,66.8143310547,134.0700073242,29.3621540070,21.3557529449
2010-10-14,88.9139556885,35.8002395630,33.2908973694,64.4026336670,69.7716598511,66.7826995850,134.7500000000,29.2868728638,21.3219356537
2010-10-15,89.0956420898,35.6823730469,33.2482109070,63.6158866882,69.4693374634,66.8063888550,133.6799926758,29.2492256165,21.0852146149
2010-10-18,89.5346603394,35.7630081177,33.2624473572,64.1297988892,69.7998199463,66.8222808838,134.2799987793,29.6256656647,21.2965736389
2010-10-19,88.3613510132,34.9753112793,32.2091903687,64.5168151855,70.0388641357,66.8539581299,130.1100006104,29.2599868774,20.6709499359
2010-10-20,89.2243194580,35.6327705383,32.7215766907,64.6564025879,69.9967117310,66.8617935181,131.3200073242,29.8999271393,21.1613044739
2010-10-21,89.4211196899,35.4404869080,32.7215766907,63.8887062073,69.6099472046,66.8697433472,129.4700012207,29.8676567078,20.8992176056
2010-10-22,89.5876541138,35.5335235596,32.7571640015,64.3201599121,69.6310272217,66.8539581299,129.7299957275,29.8837947845,21.0767593384
2010-10-25,89.8526229858,35.6699752808,33.1129989624,64.5041809082,69.6099472046,66.8697433472,130.8500061035,29.9375648499,21.1866664886
2010-10-26,89.8677062988,35.4404869080,33.0845451355,63.5080871582,69.1458053589,66.8063888550,130.8800048828,29.7224597931,21.2965736389
2010-10-27,89.6103668213,35.0993576050,32.5223274231,62.9497222900,68.7450180054,66.7747726440,129.5200042725,29.5127372742,21.2289371490
2010-10-28,89.6255187988,35.3722610474,32.7287063599,63.1210403442,69.1458053589,66.8617935181,131.2400054932,29.3298931122,21.3388462067
2010-10-29,89.6936340332,35.3598518372,32.8212165833,63.7110710144,69.4552154541,66.8776550293,132.6199951172,29.3352718353,21.2881183624
2010-11-01,89.7238998413,35.2296104431,33.1841621399,63.4367599487,69.3389358521,66.9069900513,131.9199981689,29.5880184174,21.4233875275
2010-11-02,90.4355087280,35.8126373291,33.5969200134,64.2705230713,69.5714950562,66.8673629761,132.4900054932,29.7923717499,21.6178417206
2010-11-03,90.7988433838,36.0607261658,33.8032989502,62.9593963623,69.7970733643,66.8911209106,131.5700073242,29.7923717499,21.7192916870
2010-11-04,92.5474090576,36.8794517517,34.5718688965,63.4495468140,70.3609848022,66.9069900513,136.0299987793,30.4807262421,22.2350082397
2010-11-05,92.8956375122,36.7181816101,34.5078239441,62.3611373901,70.0649642944,66.8514862061,136.3800048828,30.8087463379,22.3280067444
2010-11-08,92.7215270996,36.4949111938,34.3655014038,62.6411666870,70.0860977173,66.8198242188,137.7799987793,30.6420516968,22.3871879578
2010-11-09,92.0553817749,36.1289558411,33.9314002991,61.2600364685,69.4940185547,66.7326736450,135.5899963379,29.3997936249,22.2350082397
2010-11-10,92.4262924194,36.2343940735,34.1804618835,61.3428077698,69.7547988892,66.7722473145,137.2400054932,29.7654819489,22.4717311859
2010-11-11,92.0780792236,35.9242782593,33.8459930420,61.3109703064,69.6772613525,66.6693420410,137.6600036621,29.5288677216,22.2857360840
2010-11-12,90.9880447388,35.6265640259,33.0275993347,60.9799728394,69.0992660522,66.6693420410,133.6900024414,29.2546005249,21.3557529449
2010-11-15,90.8593444824,35.6017532349,33.0133552551,59.7070846558,68.2110824585,66.6296691895,132.4199981689,28.9749660492,21.3895702362
2010-11-16,89.4438323975,34.7644233704,32.1451492310,61.1900520325,68.7186508179,66.6613540649,130.9700012207,27.9800872803,20.7554931641
2010-11-17,89.4892272949,34.9567146301,32.3088340759,60.8526954651,68.5212860107,66.7009506226,130.3800048828,28.1951980591,20.5948619843
2010-11-18,90.8064041138,35.8312416077,33.0774154663,61.1009750366,68.3591613770,66.7089157104,132.0899963379,28.4479503632,21.1528472900
2010-11-19,91.0562057495,35.8312416077,33.0987663269,61.4764442444,68.5001449585,66.6693420410,132.1999969482,28.5985202789,20.8484897614
2010-11-22,90.9804992676,35.4466934204,32.9991340637,61.7373619080,68.8666610718,66.7326736450,133.4799957275,28.6738128662,20.9161281586
2010-11-23,89.6633682251,34.3798751831,31.9530029297,62.0429267883,69.0076370239,66.7722473145,134.4100036621,28.4479503632,20.8654003143
2010-11-24,90.9880447388,34.9256858826,32.6931228638,60.9354782104,68.2674942017,66.6534347534,134.1799926758,28.9964809418,21.2542991638
2010-11-26,89.9282989502,34.3426666260,31.8818454742,61.7819519043,68.5635910034,66.7009506226,133.1100006104,28.9373264313,21.3557529449
2010-11-29,90.2007904053,34.0387458801,32.1309127808,62.3101768494,68.7115859985,66.6931152344,133.5099945068,28.9211864471,21.3980216980
2010-11-30,89.6936340332,33.6541938782,31.8675975800,62.6348304749,68.8314285278,66.7405776978,135.4199981689,28.7921180725,21.1951217651
2010-12-01,91.6012115479,34.6093673706,32.7785148621,61.2424583435,67.9262466431,66.6407470703,135.3800048828,28.9588298798,21.8207435608
2010-12-02,92.7745056152,35.2668228149,33.4261207581,61.0827903748,67.7566528320,66.6407470703,135.1999969482,29.4051704407,22.0067424774
2010-12-03,93.0243148804,35.6079521179,33.5471076965,60.6038284302,67.7637329102,66.7278976440,138.0700073242,29.3997936249,22.2857360840
2010-12-06,92.9259033203,35.4466934204,33.4901733398,61.4596366882,68.1876983643,66.7675857544,139.1100006104,29.4589576721,22.2603721619
2010-12-07,92.9788894653,35.4653015137,33.3336105347,60.1439590454,67.0571136475,66.6486358643,136.5000000000,29.5234832764,22.1081943512
2010-12-08,93.3195419312,35.5707359314,33.1201095581,59.5628242493,66.4847564697,66.5455322266,134.7899932861,29.0878982544,22.2772808075
2010-12-09,93.6828613281,35.6637687683,33.0062446594,59.8566093445,66.6261138916,66.5376663208,135.3699951172,28.8297691345,22.2181015015
2010-12-10,94.2279281616,35.7444000244,33.1556968689,59.4925155640,66.0608139038,66.5138320923,135.4100036621,29.0179843903,22.1842803955
2010-12-13,94.2884521484,36.1289558411,33.3691978455,59.7161102295,66.2727508545,66.5535125732,136.0500030518,29.0663928986,22.4040985107
2010-12-14,94.3717193604,36.1847801208,33.4189987183,58.8474655151,65.5732574463,66.5218200684,136.1799926758,28.7813739777,22.3449153900
2010-12-15,93.9402542114,35.7071876526,32.8781509399,58.0810737610,65.3046951294,66.4979858398,134.6999969482,28.5070934296,22.2857360840
2010-12-16,94.4852676392,35.9056701660,32.9706573486,58.4834594727,65.6933593750,66.5138320923,133.8099975586,28.5555019379,22.2096443176
2010-12-17,94.5864868164,35.7071876526,33.0204887390,59.5500450134,66.2586746216,66.5693130493,134.1999969482,28.7921180725,22.3787307739
2010-12-20,94.8147659302,35.7878265381,32.8710403442,59.4861183167,66.2515945435,66.5852203369,135.1100006104,29.1362915039,22.5816364288
2010-12-21,95.4159164429,36.0870819092,33.3508644104,59.9012641907,66.3928985596,66.5693130493,135.3200073242,29.4428215027,22.7253608704
2010-12-22,95.7126922607,36.1559638977,33.4656105042,59.4733848572,66.2092361450,66.5535125732,135.0500030518,29.6686782837,22.8437252045
2010-12-23,95.5757446289,36.1371803284,33.4297485352,59.3520355225,65.9760055542,66.4663085938,134.6600036621,29.5342388153,22.9282684326
2010-12-27,95.6137619019,36.0620384216,33.3221664429,59.8821372986,66.2304000854,66.5059509277,135.0200042725,29.9012145996,22.8859958649
2010-12-28,95.7507476807,36.0933494568,33.3508644104,58.7093811035,65.5346450806,66.4170684814,137.2200012207,30.0208034515,23.1311721802
2010-12-29,95.8192291260,36.4063835144,33.7778244019,59.7026939392,66.2715301514,66.5757522583,137.7100067139,30.0806083679,23.1396293640
2010-12-30,95.6670303345,36.2310905457,33.9500541687,59.6578330994,66.1368789673,66.5519638062,137.0299987793,30.1621589661,22.8606338501
2010-12-31,95.6898727417,36.4502105713,34.1868705750,60.3179473877,66.4698715210,66.6313629150,138.7200012207,30.1023654938,23.2918052673
2011-01-03,96.6791305542,36.7507209778,34.5169563293,59.8628654480,66.2643890381,66.6154556274,138.0000000000,30.6623420715,23.3932590485
2011-01-04,96.6258468628,36.6380348206,34.6748466492,59.9334144592,66.4202804565,66.5995254517,134.7500000000,30.0751838684,23.0804443359
2011-01-05,97.1280746460,36.4815177917,34.5887374878,58.6132202148,65.7046585083,66.4805679321,134.3699951172,30.1839008331,23.3256244659
2011-01-06,96.9378433228,36.0620384216,34.2227478027,58.8695831299,66.0447769165,66.5519638062,133.8300018311,29.9012145996,23.0128116608
2011-01-07,96.7475891113,35.9180412292,33.9070053101,59.1835975647,66.4840850830,66.6471862793,133.5800018311,29.9120864868,22.9282684326
2011-01-10,96.6258468628,35.8554382324,33.5553741455,59.5040016174,66.7107925415,66.6789169312,134.1199951172,29.9066524506,23.1988086700
2011-01-11,96.9682464600,36.0996093750,33.9141807556,59.1707954407,66.4485931396,66.6392593384,134.9100036621,29.8414039612,23.4608955383
2011-01-12,97.8433914185,36.8947334290,34.5959129333,58.7093811035,66.2573089600,66.6392593384,135.4600067139,29.9664535522,23.6130714417
2011-01-13,97.6835327148,36.9948959351,34.2945060730,59.2348289490,66.7036666870,66.6630401611,134.0500030518,30.0643100739,23.5792541504
2011-01-14,98.3912429810,37.2202949524,34.3949775696,58.8567276001,66.5194549561,66.6630401611,132.6900024414,30.2654590607,23.6891632080
2011-01-18,98.5586547852,37.4644546509,34.3447456360,58.5811843872,66.3565139771,66.6471862793,133.4299926758,30.5264225006,23.6637992859
2011-01-19,97.5922775269,37.2077713013,34.0792274475,59.0041618347,66.5265350342,66.6789169312,133.7200012207,30.1241073608,23.6384353638
2011-01-20,97.4628753662,36.8884658813,33.7060775757,58.1902542114,66.0093383789,66.6074829102,131.1999969482,30.1295528412,23.4017105103
2011-01-21,97.6835327148,37.0888175964,33.3544464111,58.6516494751,66.2289886475,66.6233596802,131.0299987793,30.1512813568,23.6384353638
2011-01-24,98.2390670776,37.4832344055,33.6127891541,58.6773490906,66.2360763550,66.6154556274,130.3600006104,30.3035144806,23.4355316162
2011-01-25,98.2923507690,37.4081115723,33.4118537903,59.2348289490,66.5689926147,66.6630401611,130.1000061035,30.6569004059,23.1396293640
2011-01-26,98.6728134155,37.6460227966,33.7060775757,58.3376579285,66.1652297974,66.6471862793,131.1600036621,30.7058277130,23.6553421021
2011-01-27,98.9163131714,37.7336730957,33.5912513733,58.6004333496,66.4132003784,66.6947860718,127.9300003052,31.1896858215,23.4524383545
2011-01-28,97.1889343262,36.8947334290,32.5291976929,58.9079742432,66.7178344727,66.7265472412,130.2799987793,30.6732139587,23.7483425140
2011-01-31,97.9194869995,37.2140388489,32.8736457825,58.4594001770,66.4556732178,66.7186050415,129.8699951172,31.0809440613,24.1203346252
2011-02-01,99.4869918823,38.0968055725,33.6701927185,58.1700515747,66.1467132568,66.6455078125,130.8000030518,31.1570587158,24.2978763580
2011-02-02,99.2967834473,38.0654869080,33.4190330505,58.1828956604,65.9904785156,66.6058197021,130.4499969482,31.1570587158,24.5345993042
2011-02-03,99.5174560547,38.0717506409,33.3759765625,57.7005500793,65.6140518188,66.5423355103,132.1999969482,31.2440490723,24.3739662170
2011-02-04,99.7990112305,38.0592269897,33.3688011169,57.1152915955,65.2091751099,66.4866867065,131.6600036621,31.0157089233,24.2386970520
2011-02-07,100.4230194092,38.1781806946,33.4118537903,57.4110908508,65.1807937622,66.4549255371,131.6799926758,31.3201751709,24.1710624695
2011-02-08,100.8795928955,38.4286155701,33.4262046814,56.8837814331,64.7333068848,66.3676528931,133.1399993896,31.4560718536,24.3316936493
2011-02-09,100.6512832642,38.3159217834,32.6583671570,57.3790092468,65.1026382446,66.4152603149,133.0700073242,31.4778213501,24.4500560760
2011-02-10,100.6893005371,38.0654869080,32.3498001099,56.7165412903,64.8895416260,66.3834762573,132.8500061035,31.6082916260,24.3063316345
2011-02-11,101.2904815674,38.0842781067,32.7444725037,57.5333328247,65.1878662109,66.3834762573,132.3200073242,31.8148956299,24.2217884064
2011-02-14,101.5339889526,38.1594085693,32.5794296265,57.5719146729,65.2091751099,66.3834762573,132.9499969482,31.8203239441,24.3401489258
2011-02-15,101.2143630981,38.0467071533,32.6440124512,57.8291664124,65.3583374023,66.4152603149,133.9700012207,31.7007236481,24.0273361206
2011-02-16,101.8535842896,38.5037460327,32.9167022705,57.6426391602,65.2660064697,66.4073638916,134.1000061035,31.7714004517,24.2048759460
2011-02-17,102.1579742432,38.6352233887,33.0315132141,57.7326927185,65.5074844360,66.4866867065,135.0399932861,31.8040142059,24.2809696198
2011-02-18,102.3710403442,38.7667007446,33.2324562073,57.5526428223,65.4933013916,66.5105285645,135.4100036621,31.9290523529,24.2556037903
2011-02-22,100.3164596558,37.6585426331,32.1703948975,58.4144096375,66.1254348755,66.5820465088,136.2899932861,31.6517829895,24.2217884064
2011-02-23,99.7000961304,37.7086257935,32.1991004944,58.6266403198,65.9620590210,66.5661163330,137.5099945068,31.3854103088,24.7628688812
2011-02-24,99.6315841675,37.7399291992,32.2780227661,58.9996452332,66.1325531006,66.5978698730,136.4799957275,31.1461811066,24.5430545807
2011-02-25,100.6969070435,38.1907081604,32.6655464172,59.3469200134,66.3455734253,66.6137924194,137.3800048828,31.7550868988,25.0841312408
2011-02-28,101.3209152222,38.5350379944,32.8593025208,59.4240951538,66.3171844482,66.6376113892,137.6600036621,32.5433959961,25.1264038086
2011-03-01,99.6315841675,37.9966239929,32.5220260620,59.5963706970,66.3926620483,66.6781005859,140.0299987793,31.5756759644,25.5068511963
2011-03-02,99.8446731567,38.1969718933,32.9669380188,58.6801986694,66.0438766479,66.6463470459,139.9199981689,31.2875518799,25.6083049774
2011-03-03,101.5644149780,38.6853065491,33.6199531555,58.1059684753,65.5952987671,66.5112228394,138.0899963379,31.7387752533,25.5998497009
2011-03-04,100.8034744263,38.3347053528,33.6558494568,58.5898551941,66.0651550293,66.6622543335,139.3500061035,31.4343147278,25.7266674042
2011-03-07,100.0120697021,37.9653129578,33.1822166443,58.2156372070,65.9014358521,66.6145324707,139.7200012207,31.2059917450,25.6083049774
2011-03-08,100.8871917725,38.0842781067,33.6271400452,57.8608093262,65.7447967529,66.5906829834,139.3600006104,31.6463623047,25.3884944916
2011-03-09,100.7426147461,38.0968055725,33.6917152405,58.4220924377,66.1292495728,66.6384277344,139.4100036621,31.6137256622,25.4899425507
2011-03-10,98.8782653809,37.1514167786,32.6942481995,59.4028434753,66.6916503906,66.7099151611,137.7700042725,31.1298809052,25.0756778717
2011-03-11,99.5631103516,37.1514167786,33.0315132141,59.0672683716,66.5350341797,66.7178497314,138.2200012207,31.4451980591,24.9319553375
2011-03-14,98.9619522095,36.4877738953,33.2252731323,59.0414428711,66.6845321655,66.7575531006,138.8600006104,31.1298809052,24.9995880127
2011-03-15,97.8281631470,35.7239646912,32.6727180481,59.9253883362,66.9265670776,66.7257690430,136.2700042725,30.9667835236,24.0865192413
2011-03-16,96.0170822144,34.6158142090,32.0053367615,60.6028709412,67.4961013794,66.8450698853,136.2400054932,30.5101089478,24.2302398682
2011-03-17,97.2878646851,35.7677879333,32.4000205994,60.1382980347,67.2896575928,66.8132629395,136.9700012207,30.7438697815,24.9826793671
2011-03-18,97.6417312622,36.2623939514,32.4574394226,60.2995758057,67.2469329834,66.7813949585,138.3699951172,31.0537662506,25.1264038086
2011-03-21,99.1549682617,37.1576728821,33.0817527771,59.9447937012,66.8980865479,66.7099151611,139.1399993896,31.3908329010,25.2447681427
2011-03-22,98.8110198975,37.0512390137,33.1822166443,60.1447715759,66.9337081909,66.6940155029,139.0500030518,31.1896858215,25.4307632446
2011-03-23,99.0938339233,37.0950698853,33.6199531555,60.0673179626,66.8482666016,66.7019271851,140.3399963379,30.8471717834,25.4814891815
2011-03-24,100.0414886475,37.5896759033,34.0074653625,59.6156883240,66.5065612793,66.6542510986,139.2200012207,30.9776611328,25.5660324097
2011-03-25,100.3471908569,37.1764526367,33.9715843201,59.4673538208,66.3285522461,66.6066207886,139.2599945068,31.2197055817,25.6336669922
2011-03-28,100.1026153564,37.1576728821,33.7993659973,59.5511932373,66.3499298096,66.5748214722,138.5399932861,31.1813659668,25.2870368958
2011-03-29,100.7751846313,37.3517646790,34.1868705750,59.0931358337,66.1577148438,66.5510025024,138.2100067139,31.3073196411,25.4307632446
2011-03-30,101.4706192017,37.7962760925,34.6246032715,59.5640830994,66.3855361938,66.5906829834,138.6699981689,31.7618331909,25.3969478607
2011-03-31,101.3330993652,37.6147117615,34.9260101318,59.4414863586,66.2147140503,66.5510025024,139.8600006104,32.0192375183,25.7943019867
2011-04-01,101.7610778809,37.9715805054,35.4857406616,59.7304954529,66.3560256958,66.6042861938,139.1999969482,32.0685081482,25.9718418121
2011-04-04,101.8451309204,38.0216636658,35.7871475220,59.7952423096,66.5059204102,66.6201934814,139.8399963379,32.0466079712,26.2085647583
2011-04-05,101.8298873901,37.9277496338,35.7153778076,59.5555114746,66.1704254150,66.5485610962,142.0500030518,32.0794601440,26.2339305878
2011-04-06,102.1508255005,38.2407951355,35.9091377258,58.6614456177,65.8848724365,66.5485610962,142.3800048828,32.0958938599,26.3100185394
2011-04-07,101.8909988403,38.0529632568,35.8732490540,58.5448036194,65.8920364380,66.5963211060,142.5099945068,31.7399387360,26.3607444763
2011-04-08,101.5394515991,38.3660163879,35.9091377258,58.2338180542,65.6992797852,66.5724105835,143.6600036621,31.5099411011,26.9863700867
2011-04-11,101.2337722778,38.2908668518,35.4857406616,58.2856369019,65.7849197388,66.5644989014,142.6399993896,31.5318412781,26.4875583649
2011-04-12,100.4771423340,37.9340171814,34.8183593750,58.9141044617,66.1561431885,66.6758041382,141.6100006104,31.4770908356,25.9464817047
2011-04-13,100.4694747925,38.0467071533,35.1054191589,59.2834053040,66.4131317139,66.7076492310,141.8999938965,31.4278011322,26.1493835449
2011-04-14,100.5458679199,38.2157402039,35.2130508423,59.2380828857,66.1918411255,66.6440200806,143.8099975586,31.8823127747,26.2170219421
2011-04-15,100.9127120972,38.1594085693,35.2561035156,60.0414810181,66.6772308350,66.7712631226,145.0500030518,32.2930374146,26.3522891998
2011-04-18,99.7816390991,37.3768043518,34.3734588623,60.1775169373,66.8413925171,66.7871932983,145.9299926758,32.0028038025,26.1916561127
2011-04-19,100.3548278809,37.6522789001,34.8686027527,60.4366569519,66.9270477295,66.8030548096,145.9299926758,32.2547073364,26.2001132965
2011-04-20,101.7228698730,38.6101837158,35.6938476562,60.0479850769,66.6629104614,66.7951431274,146.5000000000,32.6325645447,26.6143760681
2011-04-21,102.2425842285,38.8606109619,36.0095977783,59.9961433411,66.7128524780,66.7792434692,146.7400054932,32.8516006470,26.8088245392
2011-04-25,102.1355743408,38.8606109619,35.7153778076,60.2228965759,66.9484863281,66.7871932983,146.8699951172,33.0706405640,26.7327365875
2011-04-26,103.0144424438,39.1611213684,36.0239562988,60.8060112000,67.2339630127,66.8507995605,146.3800048828,33.3608818054,26.7242813110
2011-04-27,103.6870117188,39.6494674683,35.9593620300,60.1839904785,67.0412902832,66.8746337891,149.1999969482,33.6073150635,26.8849163055
2011-04-28,104.0232543945,39.9186706543,35.6651496887,60.6440658569,67.2982254028,66.8746337891,149.8200073242,34.0563659668,26.6904640198
2011-04-29,104.2678222656,39.7308616638,35.8804244995,60.8319282532,67.4338073730,66.9064407349,152.3699951172,33.8592224121,26.9694595337
2011-05-02,104.1073455811,39.9875488281,35.8876075745,60.9294929504,67.4130935669,66.8953170776,150.4100036621,33.9085159302,26.6989192963
2011-05-03,103.7328414917,39.6619834900,35.0910644531,61.2743568420,67.5920028687,66.9192428589,149.8800048828,33.6182594299,26.4199256897
2011-05-04,103.0450363159,39.3239021301,34.5097923279,61.5476799011,67.7637557983,66.9510192871,147.7299957275,33.4266052246,25.9972076416
2011-05-05,102.1126022339,38.5475692749,34.1796989441,62.1332473755,68.1001739502,66.9669494629,143.4700012207,33.4046974182,24.2556037903
2011-05-06,102.5635604858,38.5663528442,34.6246032715,61.8600082397,68.1359024048,66.9749145508,145.3000030518,33.1089859009,24.1795158386
2011-05-09,102.9609527588,38.8418235779,34.6891975403,61.7949180603,68.2360992432,67.0067672729,147.3800048828,33.2787284851,25.0672264099
2011-05-10,103.8398666382,39.2112121582,35.0982322693,61.3524856567,67.9068984985,66.9430694580,147.8999938965,33.8044548035,25.2954921722
2011-05-11,102.7469482422,38.4223556519,34.3232231140,61.7038192749,68.1502151489,67.0067672729,146.5399932861,33.4485168457,24.4838695526
2011-05-12,103.2360839844,38.5475692749,34.4236831665,61.3134231567,67.9999313354,66.9749145508,146.5899963379,33.5032730103,24.5092334747
2011-05-13,102.4412384033,37.9465293884,33.6701927185,61.8665008545,68.2647399902,67.0067672729,145.6300048828,33.1473121643,24.5515098572
2011-05-16,101.7916641235,37.8776664734,33.6199531555,62.2113380432,68.4293441772,67.0385894775,145.3699951172,33.1966018677,24.2302398682
2011-05-17,101.7763671875,37.9590568542,33.7276000977,62.8490104675,68.6297149658,67.0465545654,144.7400054932,33.1856536865,24.2894210815
2011-05-18,102.6858367920,38.1907081604,34.2729873657,62.0161514282,68.2360992432,67.0147018433,145.6000061035,33.5087471008,24.7797737122
2011-05-19,102.9303817749,38.4098281860,34.0505256653,61.9901275635,68.3075942993,67.0226745605,145.6499938965,33.6511230469,24.5853252411
2011-05-20,102.1126022339,37.8651428223,33.7778244019,62.0226364136,68.4722290039,67.0465545654,147.4900054932,33.2403984070,24.8135948181
2011-05-23,100.9280090332,36.9886436462,33.0745849609,62.3219604492,68.5652999878,67.0544357300,147.8300018311,32.9008979797,24.4162387848
2011-05-24,100.8439331055,37.2015113831,33.4046745300,62.5562438965,68.6368560791,67.0544357300,148.5899963379,32.9994544983,24.7459602356
2011-05-25,101.1802444458,37.4394111633,33.4764480591,62.2634391785,68.6439971924,67.0863571167,148.5800018311,33.1527938843,25.1940422058
2011-05-26,101.6464309692,37.7900199890,33.9070053101,62.7969894409,69.0232849121,67.1261596680,148.2200012207,33.5963630676,25.2870368958
2011-05-27,102.0361938477,38.0654869080,34.2658042908,62.7709159851,69.0161590576,67.1499862671,149.6999969482,33.7880363464,25.4307632446
2011-05-31,103.0985183716,38.8543548584,34.8255462646,62.9140815735,69.1234588623,67.1499862671,149.6399993896,34.3247032166,25.5744876862
2011-06-01,100.7828216553,37.9340171814,34.2012214661,63.7643775940,69.6931152344,67.1946487427,149.9100036621,33.3389816284,25.2532215118
2011-06-02,100.6758041382,38.1281013489,34.5241584778,62.5496978760,69.2770538330,67.1547851562,149.5000000000,33.0980415344,25.4730358124
2011-06-03,99.6746292114,38.1468772888,34.3519172668,62.9088630676,69.5496368408,67.1787185669,150.2200012207,33.2294578552,25.5744876862
2011-06-06,98.6200027466,37.6522789001,33.7993659973,62.4321479797,69.5066146851,67.1865844727,150.4799957275,32.7420730591,25.2785854340
2011-06-07,98.5588455200,37.9966239929,34.0648727417,62.7195014954,69.6357192993,67.2344436646,150.4199981689,33.0870742798,25.5153083801
2011-06-08,98.1461486816,37.5082893372,33.8208923340,63.2092704773,69.7863845825,67.2423934937,149.8099975586,32.9939765930,25.7266674042
2011-06-09,98.8950881958,37.8964500427,34.0864143372,62.9545898438,69.5066146851,67.1707153320,150.5599975586,32.6380271912,25.8703880310
2011-06-10,97.5194549561,37.0199432373,33.3472709656,63.4378585815,69.7290039062,67.2264785767,149.2400054932,31.8165988922,25.5998497009
2011-06-13,97.5958404541,37.0762901306,33.2898483276,63.1178207397,69.5783843994,67.2025604248,147.7700042725,31.9480228424,25.4307632446
2011-06-14,98.8339538574,37.7336730957,33.7921829224,62.1643981934,69.0259246826,67.1468200684,148.6699981689,32.4244537354,25.6083049774
2011-06-15,97.0761871338,36.4940376282,33.0674018860,63.2942123413,69.7720642090,67.2423934937,149.1199951172,31.9042243958,24.9235019684
2011-06-16,97.2901458740,36.3688240051,32.8162345886,63.5815086365,69.9657669067,67.2503433228,148.9700012207,32.1561355591,24.8220500946
2011-06-17,97.5804595947,36.7256851196,32.8593025208,63.2810668945,69.9155273438,67.2663345337,149.9400024414,32.4627876282,24.7121410370
2011-06-20,98.0796890259,36.6818618774,32.8090667725,63.3594703674,69.8079833984,67.2663345337,150.0299987793,32.8570785522,24.5768718719
2011-06-21,99.4238052368,37.4769744873,33.4118537903,63.0786285400,69.7146606445,67.2742614746,150.7599945068,33.1144676208,24.5937805176
2011-06-22,98.8247070312,37.1138114929,33.0791740417,63.1178207397,69.6859588623,67.2583236694,150.9900054932,33.0158882141,24.7036838531
2011-06-23,98.5405273438,36.7946968079,33.0357017517,63.6010971069,70.0518493652,67.2981414795,148.3399963379,32.3478012085,24.1795158386
2011-06-24,97.3961334229,36.4436683655,32.9777069092,63.3333511353,70.3460006714,67.3379592896,146.2599945068,32.3527641296,23.8920650482
2011-06-27,98.2640304565,36.7436447144,33.3618354797,62.4648017883,70.0733795166,67.2742614746,145.7299957275,32.4908218384,23.8836097717
2011-06-28,99.5466842651,37.1840209961,33.8184547424,61.9618949890,69.4277420044,67.1547851562,146.2400054932,32.7614593506,24.3063316345
2011-06-29,100.3992309570,37.8350296021,34.1301269531,61.5504913330,69.0115966797,67.1547851562,147.1799926758,33.1038627625,24.7459602356
2011-06-30,101.3592834473,38.3839263916,34.4997596741,61.4525337219,68.7747879028,67.1468200684,146.0000000000,33.1922264099,24.4838695526
2011-07-01,102.8569488525,38.8051567078,34.9056396484,61.3542976379,68.6029052734,67.1236877441,144.9299926758,33.7610931396,24.5176925659
2011-07-05,102.7724914551,38.5753974915,34.8911361694,61.4918479919,69.0344085693,67.2034149170,147.6300048828,34.0206527710,24.8474102020
2011-07-06,102.8953323364,38.3328552246,34.6592063904,61.8063735962,69.1566925049,67.2273788452,148.9100036621,34.2747116089,24.8389568329
2011-07-07,103.9629745483,38.6647415161,35.1375656128,61.6229095459,68.8906097412,67.1635589600,149.1499938965,34.7054862976,25.3631267548
2011-07-08,103.2256393433,38.1860733032,34.7389373779,62.4944572449,69.6241760254,67.2591857910,150.2500000000,34.6613006592,25.3377628326
2011-07-11,101.3592834473,37.0308456421,33.7677192688,63.4314460754,70.1563644409,67.3070220947,151.5899963379,34.0593147278,25.1433162689
2011-07-12,100.9214935303,36.7819404602,33.4270820618,63.6477622986,70.2570648193,67.2990646362,152.7700042725,34.1752891541,25.3631267548
2011-07-13,101.2594299316,37.3308181763,33.9706726074,63.8247032166,70.3721160889,67.3150329590,154.1399993896,33.8383903503,25.7097587585
2011-07-14,100.5605087280,37.0053215027,33.6082725525,62.9138412476,69.9693374634,67.2910842896,154.5399932861,33.5235939026,25.5660324097
2011-07-15,101.1442413330,37.1329689026,33.8184547424,63.0186691284,70.2570648193,67.3070220947,155.1999969482,33.8936347961,25.7943019867
2011-07-18,100.3147430420,36.5840835571,33.4270820618,62.4092521667,70.2138595581,67.3070220947,156.5700073242,33.6561622620,25.6505775452
2011-07-19,101.9429702759,37.1329689026,33.9126892090,63.7067146301,70.4800262451,67.3070220947,154.6600036621,34.1973991394,25.8281173706
2011-07-20,101.8815460205,37.5733489990,34.0141563416,62.9531745911,70.1347885132,67.2831344604,156.0200042725,34.4459152222,25.9126605988
2011-07-21,103.2947845459,38.3711585999,34.5577354431,62.4682502747,69.7464218140,67.2512283325,154.8300018311,34.7220611572,25.7858448029
2011-07-22,103.3639068604,38.4094505310,34.5360031128,62.9400329590,70.0125122070,67.2591857910,156.1199951172,34.8932647705,25.9972076416
2011-07-25,102.7878417969,38.1669235229,34.4635162354,62.2520065308,69.7895507812,67.2273788452,157.3399963379,34.5674209595,25.8703880310
2011-07-26,102.4038314819,38.3966903687,34.5794906616,62.6779441833,70.0844573975,67.2671737671,157.7700042725,34.6447448730,26.0732955933
2011-07-27,100.3070678711,37.4648437500,33.9706726074,62.6845054626,69.9693374634,67.2273788452,157.1900024414,33.6727218628,25.8957538605
2011-07-28,100.0151901245,37.3754997253,33.9996643066,62.9204444885,70.1060180664,67.2671737671,157.3200073242,33.7058525085,25.8112106323
2011-07-29,99.3316497803,37.4712371826,34.1446113586,64.1654052734,70.9546890259,67.3388900757,158.2899932861,33.7113876343,25.5998497009
2011-08-01,98.9092102051,36.9989433289,34.1156082153,64.8129730225,71.2127532959,67.3157424927,157.7200012207,33.2032814026,25.5998497009
2011-08-02,96.3823165894,36.0224227905,33.0646820068,66.7591094971,71.8687210083,67.4035415649,161.5200042725,32.1428985596,25.5998497009
2011-08-03,96.9045715332,36.2330436707,32.9487228394,66.8906097412,71.9264144897,67.3955612183,161.4900054932,31.8778038025,25.2194023132
2011-08-04,92.3654327393,33.7056007385,31.0642738342,69.2706756592,72.8780288696,67.4593811035,160.6399993896,30.3203716278,24.2640609741
2011-08-05,92.2271957397,34.2991676331,30.8613376617,67.2719955444,72.0345382690,67.4434127808,161.7500000000,29.5637340546,24.3655128479
2011-08-08,86.2210540771,31.7398147583,28.2883529663,69.3955993652,73.1808471680,67.4673080444,167.1199951172,26.9956169128,23.4608955383
2011-08-09,90.2302474976,33.8779335022,29.9481067657,69.6059494019,73.6061553955,67.5391464233,168.6100006104,29.4532794952,23.6891632080
2011-08-10,86.2440872192,31.8546943665,28.3608283997,71.6769790649,74.5794754028,67.5869827271,174.5800018311,28.7739791870,23.7906150818
2011-08-11,90.1150665283,33.3801040649,29.9263610840,68.0609130859,73.4835968018,67.5710449219,170.7500000000,30.2651309967,24.3063316345
2011-08-12,90.7218093872,33.7630424500,29.9118690491,69.4086990356,73.9954910278,67.5790252686,169.9700012207,30.2596130371,24.2725143433
2011-08-15,92.6419219971,34.5480804443,30.6076641083,68.7052764893,73.7215881348,67.5551300049,171.8000030518,31.3641757965,24.5684146881
2011-08-16,91.8508529663,34.0438690186,30.3467350006,69.8426742554,74.0603866577,67.5551300049,173.9199981689,31.2702884674,24.5684146881
2011-08-17,91.9123077393,34.2417335510,30.5641746521,71.0655441284,74.5794754028,67.5710449219,174.4199981689,31.3586540222,24.7797737122
2011-08-18,87.9491653442,32.5759162903,29.1218624115,72.5251159668,74.9687576294,67.5630493164,177.7200012207,29.9613819122,24.1710624695
2011-08-19,86.5129241943,32.0206260681,28.7594642639,73.1102447510,75.0480575562,67.5630493164,179.9499969482,29.3870124817,24.6022357941
2011-08-22,86.5820007324,32.2248802185,28.7304611206,72.9261169434,74.9110717773,67.5551300049,184.5899963379,29.4201374054,24.6445064545
2011-08-23,89.4314727783,33.2715988159,29.7379245758,71.9202117920,74.6082687378,67.5232086182,177.6699981689,30.1436309814,24.8981399536
2011-08-24,90.6910705566,33.2843589783,29.4480094910,69.8754730225,73.8080520630,67.5232086182,171.6499938965,30.5412769318,24.6445064545
2011-08-25,89.3086013794,32.4801788330,28.8754272461,70.6316299438,74.2621917725,67.5630493164,172.3600006104,29.9724311829,24.7544116974
2011-08-26,90.6066284180,32.9907722473,29.3682727814,71.3285369873,74.5001296997,67.5710449219,177.4700012207,30.3369407654,25.0334072113
2011-08-29,93.2102737427,33.7758064270,30.3177490234,70.3423004150,74.0099029541,67.5551300049,173.8899993896,31.3752250671,25.1179523468
2011-08-30,93.4560852051,33.5779533386,30.3612346649,71.4731597900,74.5218048096,67.5710449219,179.1000061035,31.4636001587,25.4561252594
2011-08-31,93.8708038330,34.1906661987,30.9845447540,70.3686218262,74.2550659180,67.5710449219,177.7200012207,31.8170566559,25.4983978271
2011-09-01,92.8877029419,33.7694282532,30.8178501129,71.8602905273,74.8467788696,67.5902481079,177.8699951172,31.3586540222,25.3208560944
2011-09-02,90.5144195557,33.0163002014,30.1220531464,74.1947326660,75.5332260132,67.5582504272,183.2400054932,30.6185932159,25.1855850220
2011-09-06,89.8539123535,31.9312858582,29.8103923798,74.9663238525,75.6343383789,67.5662384033,182.8999938965,30.4860477448,25.1010437012
2011-09-07,92.3884963989,32.8822746277,30.6946411133,73.5352935791,75.2297134399,67.5503387451,177.0800018311,31.6347885132,25.3293094635
2011-09-08,91.4284133911,32.2312660217,30.0133285522,74.1947326660,75.5982589722,67.5742111206,181.8099975586,31.3917999268,25.1602230072
2011-09-09,89.0321121216,31.1143417358,28.9986438751,74.9860687256,75.9666900635,67.5981521606,180.6999969482,30.4087219238,24.7628688812
2011-09-12,89.6081161499,30.9802970886,28.9406547546,75.0651931763,75.7354736328,67.5503387451,176.6699981689,30.5081501007,24.7036838531
2011-09-13,90.4299697876,31.3121910095,28.9841423035,73.9969100952,75.5115737915,67.5582504272,178.5399932861,30.5799369812,24.6275978088
2011-09-14,91.6818466187,31.7844924927,28.9044170380,74.6233825684,75.5548706055,67.5582504272,177.2100067139,30.7787532806,24.5092334747
2011-09-15,93.2640686035,32.4738006592,29.3247966766,73.4825744629,74.9913024902,67.5662384033,174.3999938965,31.2868595123,24.6106872559
2011-09-16,93.8160247803,32.4865608215,29.3755302429,74.0166778564,75.1357955933,67.5822296143,176.0299987793,31.5906085968,24.5007801056
2011-09-19,92.8818740845,31.5930213928,28.5057811737,75.4279479980,75.7499542236,67.6141662598,173.3099975586,30.9002532959,24.0865192413
2011-09-20,92.7737960815,31.7206687927,28.2956008911,75.7444305420,75.8511657715,67.5822296143,175.7799987793,30.8836898804,24.0442485809
2011-09-21,90.0408630371,30.7760639191,27.2446632385,78.2503585815,76.1762466431,67.5103836060,173.5899963379,29.2544574738,23.6891632080
2011-09-22,87.1303482056,29.7804050446,25.3312339783,81.1914749146,76.8843536377,67.5183715820,169.0500030518,28.5420036316,22.8521804810
2011-09-23,87.6553497314,30.1186847687,26.0052795410,79.6813201904,76.2484970093,67.5263442993,159.8000030518,28.7522392273,22.4463672638
2011-09-26,89.7397460938,30.7377662659,26.3966617584,78.4020156860,75.9305648804,67.5023956299,157.5800018311,29.1537513733,22.5224552155
2011-09-27,90.7433929443,31.4972705841,27.2374172211,77.2018508911,75.4247817993,67.4785003662,160.6300048828,29.4437160492,22.9029045105
2011-09-28,88.8905410767,30.9611492157,26.4184074402,77.1755142212,75.4392471313,67.4544830322,156.2200012207,28.6964817047,22.2857360840
2011-09-29,89.5931015015,31.5674934387,26.7808055878,77.7095947266,75.4392471313,67.4704895020,157.6999969482,29.1425914764,22.5478191376
2011-09-30,87.3542251587,30.4952335358,25.4399471283,79.6615676880,75.9161071777,67.5023956299,158.0599975586,28.3674659729,21.7700176239
2011-10-03,84.8683319092,29.6910533905,24.9036045074,81.8538665771,76.6191177368,67.5176162720,160.9600067139,27.0291175842,21.6601123810
2011-10-04,86.7288818359,30.1888904572,25.2877445221,80.8159408569,76.2281799316,67.4776763916,157.6399993896,28.0942153931,21.6178417206
2011-10-05,88.3346710205,30.6547966003,25.8748226166,80.2341003418,75.9096221924,67.4776763916,159.4600067139,27.8544349670,21.9221973419
2011-10-06,89.9327545166,31.4781360626,26.7300662994,78.7532043457,75.3810729980,67.4616470337,160.4900054932,28.6184120178,22.3787307739
2011-10-07,89.3305969238,31.2611293793,26.4111537933,78.1714019775,74.9901504517,67.4376983643,159.1799926758,27.8209743500,22.2772808075
2011-10-10,92.3183135986,32.4546432495,27.5925617218,77.0673446655,74.2010345459,67.3817977905,163.2700042725,29.2095069885,22.7760887146
2011-10-11,92.4109725952,32.3972053528,27.6070537567,76.8095474243,74.4471664429,67.4137496948,162.1000061035,28.6295700073,22.9451770782
2011-10-12,93.2215805054,32.8695144653,28.3825683594,75.6921997070,74.1937789917,67.4137496948,163.2599945068,29.0979843140,22.9874496460
2011-10-13,93.0362701416,32.8822746277,28.1288986206,76.4458694458,74.4906005859,67.4297485352,162.3000030518,28.9083824158,23.0381736755
2011-10-14,94.6266555786,33.2652130127,28.6942405701,75.3351898193,74.1214141846,67.4616470337,163.3999938965,29.5775585175,23.5623474121
2011-10-17,92.8201370239,32.4993247986,27.7230167389,76.6376190186,74.6064529419,67.4696044922,162.6199951172,28.9362716675,23.2241706848
2011-10-18,94.6343841553,32.9652442932,28.4622955322,76.1615829468,74.5268096924,67.4696044922,161.8399963379,29.9567489624,23.3509864807
2011-10-19,93.5149459839,32.3716812134,27.9187068939,76.1351776123,74.6426544189,67.4936447144,159.8699951172,29.6110095978,22.8944511414
2011-10-20,93.9241256714,32.4546432495,27.3823623657,75.5930480957,74.4906005859,67.5015945435,157.7700042725,29.7783126831,22.8606338501
2011-10-21,95.7074813843,33.2396888733,28.1651344299,74.7930755615,74.3530731201,67.4776763916,159.5200042725,30.7597694397,22.9789943695
2011-10-24,96.8809509277,33.7375106812,29.2668056488,74.9186859131,74.3169021606,67.4776763916,161.0200042725,31.5237445831,23.3425331116
2011-10-25,94.9972381592,33.1567192078,28.6869773865,76.8227157593,74.9539642334,67.5176162720,165.5899963379,31.0107097626,23.4186229706
2011-10-26,95.9622802734,33.6098632812,29.2160854340,75.4806594849,74.4037551880,67.4776763916,167.3999938965,31.2393550873,23.2833518982
2011-10-27,99.3051376343,35.4671440125,30.9917888641,72.9220886230,73.5060043335,67.4297485352,169.5500030518,32.7226982117,23.9005222321
2011-10-28,99.2819595337,35.2629127502,30.7308788300,73.6889877319,73.9476242065,67.4616470337,169.6199951172,32.7895927429,23.7990684509
2011-10-31,96.8886795044,33.4311561584,29.5784664154,76.6111145020,74.9394836426,67.5255813599,167.3399963379,32.4215507507,23.4355316162
2011-11-01,94.1866302490,32.3844413757,28.8609294891,79.1756439209,75.8383255005,67.5319137573,167.3800048828,31.3787574768,23.1565361023
2011-11-02,95.7229461670,32.6588821411,29.7451763153,78.1880416870,75.6569595337,67.5479202271,169.0599975586,31.9810104370,23.3002605438
2011-11-03,97.4677200317,33.4822196960,30.0495758057,77.1142349243,75.3015060425,67.5559768677,171.7200012207,32.4215507507,23.5877075195
2011-11-04,96.8732910156,33.0609779358,29.8538837433,77.2070999146,75.5263671875,67.5559768677,170.8500061035,32.1594734192,23.6637992859
2011-11-07,97.4754409790,33.2013854980,30.1075649261,77.6975250244,75.6134109497,67.5399322510,174.9799957275,32.1650428772,24.0104293823
2011-11-08,98.7260818481,33.6034851074,30.4627017975,76.7033081055,75.2724380493,67.5319137573,173.5299987793,32.5832748413,24.1287899017
2011-11-09,95.0821762085,31.8802261353,28.6797313690,78.2941207886,75.9398422241,67.5479202271,172.0700073242,31.0943470001,23.5961647034
2011-11-10,95.9777221680,32.2567977905,28.8681850433,77.1274871826,75.5698699951,67.5559768677,171.1399993896,31.0887832642,23.5708007812
2011-11-11,97.7842407227,33.0609779358,29.5639820099,76.6568984985,75.2216796875,67.5239791870,173.9600067139,31.9252567291,23.7990684509
2011-11-14,96.8578033447,32.4738006592,29.1580924988,77.8897705078,75.6931762695,67.5559768677,173.1999969482,31.3341484070,23.5454368591
2011-11-15,97.3364715576,32.3844413757,29.3392944336,77.7837371826,75.5916366577,67.5479202271,173.3600006104,31.5683517456,23.7145252228
2011-11-16,95.7924041748,31.7653446198,28.5492744446,78.4929275513,75.8673171997,67.5319137573,171.5099945068,31.2672195435,23.6553421021
2011-11-17,94.2715454102,31.4206905365,27.8244857788,79.1226654053,76.0196456909,67.5399322510,167.1000061035,30.6928482056,23.1058082581
2011-11-18,94.1711959839,31.5292034149,27.9332180023,79.1027297974,75.7367553711,67.5159606934,167.6199951172,30.8880271912,23.0719909668
2011-11-21,92.3801040649,30.7313938141,27.0344753265,79.5734100342,75.9471054077,67.5239791870,163.5000000000,30.1073226929,22.9029045105
2011-11-22,92.0172576904,30.6420364380,27.1287002563,80.4615859985,76.1792297363,67.5319137573,165.3099975586,29.9679183960,23.0550842285
2011-11-23,89.9868087769,29.7995586395,26.2517070770,81.2503814697,76.4404602051,67.5399322510,164.8300018311,29.0645198822,22.7084560394
2011-11-25,89.8169708252,29.6463813782,26.1647338867,80.0705032349,75.9543533325,67.5399322510,163.3999938965,29.1927852631,22.5224552155
2011-11-28,92.4187088013,30.9100971222,27.4186077118,80.0307312012,75.9616088867,67.5479202271,166.6300048828,29.8452281952,22.8014488220
2011-11-29,92.6811904907,31.1143417358,27.2953910828,79.3745040894,75.8166122437,67.5559768677,166.8800048828,29.8006172180,23.0973529816
2011-11-30,96.4949493408,32.7035598755,28.9986438751,78.1350479126,75.3740310669,67.5559768677,170.1300048828,31.1891593933,23.3678932190
2011-12-01,96.4795150757,32.4227333069,28.9116630554,77.7430114746,75.3521881104,67.5599517822,169.6300048828,30.9326381683,23.2833518982
2011-12-02,96.3946075439,32.4163513184,28.8246955872,78.8327407837,75.6864929199,67.5439453125,169.8200073242,30.9047527313,23.4862575531
2011-12-05,97.4445648193,32.7865295410,29.2957973480,78.6732559204,75.6429443359,67.5519180298,167.3200073242,31.1668510437,23.3594398499
2011-12-06,97.4754409790,32.6333580017,28.8971672058,77.9224166870,75.4467391968,67.5519180298,168.1799926758,31.1166629791,23.4862575531
2011-12-07,97.8382949829,32.8631134033,29.0131301880,78.2014541626,75.7883300781,67.5758743286,169.3999938965,31.4568195343,23.2833518982
2011-12-08,95.6920700073,31.7844924927,27.9694480896,79.1782836914,76.1735229492,67.5838775635,165.9799957275,30.7430458069,22.9874496460
2011-12-09,97.3132781982,32.5759162903,28.5347747803,77.5502929688,75.6502532959,67.5838775635,166.3999938965,31.4178047180,23.0719909668
2011-12-12,95.8927917480,31.6249294281,27.4620933533,78.4140930176,75.9118576050,67.5838775635,161.9900054932,30.8601493835,22.7760887146
2011-12-13,94.9972381592,31.1973094940,27.2084236145,79.1449966431,76.2607803345,67.5838775635,158.4499969482,30.4976749420,22.8690872192
2011-12-14,93.9858932495,30.8271293640,26.8170356750,80.6400909424,76.5805892944,67.5679016113,152.8899993896,30.6761169434,22.0574684143
2011-12-15,94.3255767822,30.9802970886,26.9909954071,80.3410339355,76.5151519775,67.5599517822,152.3300018311,31.1891593933,21.9475593567
2011-12-16,94.4654464722,30.8526592255,27.1939373016,81.2779541016,76.8858642578,67.5919647217,155.2299957275,31.5348873138,22.1251029968
2011-12-19,93.4554367065,30.5654430389,26.4908828735,82.3078994751,77.1474990845,67.5838775635,154.8699951172,31.2616596222,22.0236511230
2011-12-20,96.2834014893,31.6434860229,27.6009216309,80.2546768188,76.4497375488,67.5679016113,156.9799957275,32.2096405029,22.5309104919
2011-12-21,96.4698562622,31.4755439758,27.6887378693,79.1383666992,76.2026290894,67.5439453125,157.1600036621,32.1984977722,22.6915454865
2011-12-22,97.3244857788,31.7597408295,28.0545978546,79.4705505371,76.2971115112,67.5359420776,156.0399932861,32.6613578796,22.7169075012
2011-12-23,98.1946411133,31.9793529510,28.1643657684,78.5869140625,75.9845886230,67.5519180298,156.3099975586,32.8034210205,22.8268127441
2011-12-27,98.2723388672,31.8372516632,27.8936157227,78.9601440430,76.0275344849,67.5271453857,154.9100036621,32.9500198364,22.9282684326
2011-12-28,96.9826583862,31.2623920441,27.4253120422,80.4200363159,76.5081329346,67.5431594849,151.0299987793,32.5553436279,22.6577262878
2011-12-29,97.9848632812,31.8372516632,27.7399559021,80.5667343140,76.6027908325,67.5511093140,150.3399963379,32.8428916931,22.7253608704
2011-12-30,97.5031661987,31.9922771454,27.7619037628,80.8266830444,76.8722000122,67.5911483765,151.9900054932,32.7019309998,22.6915454865
2012-01-03,99.0570068359,32.8642692566,28.6106987000,79.6134338379,76.3843765259,67.5511093140,155.9199981689,32.9782104492,23.3678932190
2012-01-04,99.2123641968,32.6704940796,28.4497337341,78.6668243408,76.1440658569,67.5590972900,156.7100067139,32.4143981934,23.5454368591
2012-01-05,99.4765548706,32.1860580444,28.3253345490,78.5268707275,76.1586151123,67.5671157837,157.7799987793,32.7188568115,23.2241706848
2012-01-06,99.2201538086,31.7468395233,27.9667873383,79.1468276978,76.4571228027,67.5590972900,157.1999969482,32.6117095947,23.3256244659
2012-01-09,99.4609909058,31.8695545197,28.2594814301,79.0068283081,76.4717178345,67.5750885010,156.5000000000,32.4989547729,23.3509864807
2012-01-10,100.3233642578,32.3539962769,28.8741340637,78.8734970093,76.3188400269,67.5831069946,158.6399993896,32.8598060608,23.5200748444
2012-01-11,100.3777542114,32.2506446838,28.8960857391,79.9001007080,76.7630004883,67.6071014404,159.6699981689,33.0909843445,23.4524383545
2012-01-12,100.6186294556,32.3862838745,29.0131683350,79.7867584229,76.6027908325,67.5990982056,160.3800048828,32.8485336304,23.1227188110
2012-01-13,100.0980911255,32.0374908447,28.7497386932,80.5800094604,76.9450454712,67.6151504517,159.2599945068,32.9218330383,23.0719909668
2012-01-17,100.4865188599,32.4185791016,29.2985343933,80.9533233643,77.0178222656,67.6231155396,160.5000000000,33.1924629211,23.2326240540
2012-01-18,101.5975341797,32.9611511230,30.0375843048,79.9733734131,76.7775421143,67.6151504517,161.6000061035,33.4236335754,23.2410793304
2012-01-19,102.1336212158,33.3680877686,30.3010005951,78.8734970093,76.3188400269,67.6151504517,161.2200012207,33.5533103943,23.3425331116
2012-01-20,102.5142593384,33.5424842834,30.2790527344,77.9802703857,76.0566329956,67.5990982056,162.0700073242,33.7619209290,23.1734447479
2012-01-23,102.2501296997,33.6716613770,30.5717487335,77.4869537354,75.8892135620,67.6071014404,163.1600036621,33.9254379272,23.4439830780
2012-01-24,102.1336212158,33.4843482971,30.6156558990,77.6269302368,75.9765472412,67.6071014404,162.0099945068,34.1848106384,23.4862575531
2012-01-25,102.9882202148,33.8331451416,30.9595680237,77.4402694702,76.3406219482,67.6471252441,166.4199981689,34.6245841980,23.6807079315
2012-01-26,102.4599227905,33.8460655212,30.8351802826,78.4669113159,76.7484283447,67.6551666260,167.2700042725,34.8670234680,23.7483425140
2012-01-27,102.4132766724,33.9042015076,30.9961566925,78.7135314941,76.9814910889,67.6711196899,168.9700012207,34.8783149719,23.8328857422
2012-01-30,102.0636596680,33.5037231445,30.5498008728,79.6401214600,77.2435531616,67.6471252441,168.0299987793,34.6189498901,23.5877075195
2012-01-31,102.0248565674,33.6781311035,30.8132286072,80.5600280762,77.5348510742,67.6471252441,169.3099975586,34.7880973816,23.5285282135
2012-02-01,102.9182815552,34.2077713013,31.4937324524,79.6372451782,77.2656250000,67.6239013672,169.5599975586,35.1320381165,23.6046180725
2012-02-02,103.0814590454,34.2788200378,31.5815315247,79.6038208008,77.3750610352,67.6319046021,171.0500030518,35.2109527588,23.6637992859
2012-02-03,104.5265426636,34.8149337769,32.1083831787,77.8932571411,76.7622985840,67.6319046021,167.6399993896,35.7014808655,23.9427928925
2012-02-06,104.4565963745,34.6470069885,31.8376426697,78.6683349609,76.9738159180,67.6159744263,167.1799926758,35.5887260437,24.0611534119
2012-02-07,104.7207107544,34.8601531982,31.9035015106,77.6927032471,76.4778213501,67.5998764038,169.6999969482,35.4985122681,24.0442485809
2012-02-08,105.0315551758,34.9828681946,32.1303520203,77.7528381348,76.5142440796,67.5998764038,168.5000000000,35.5605392456,24.1541519165
2012-02-09,105.1635818481,35.0733032227,32.1156997681,77.1715087891,76.3392410278,67.5678787231,168.0200042725,35.3011703491,24.2809696198
2012-02-10,104.3866806030,34.4080123901,31.4059200287,78.1738815308,76.7696304321,67.5839004517,167.1399993896,34.9741668701,24.0526981354
2012-02-13,105.1635818481,34.8020133972,31.9181346893,78.2740707397,76.7185516357,67.5439300537,167.5099945068,35.3293762207,24.1118831635
2012-02-14,105.0315551758,34.5436515808,31.6547145844,78.6883468628,76.8790206909,67.5599136353,167.1199951172,34.9685211182,24.1034240723
2012-02-15,104.5420455933,34.5824012756,31.7425365448,78.5480194092,76.9373474121,67.5678787231,168.1100006104,34.7599029541,24.1879692078
2012-02-16,105.6996612549,35.0603828430,32.0864372253,77.9199447632,76.5872192383,67.5439300537,168.0000000000,35.1263885498,24.2978763580
2012-02-17,105.9793395996,35.2154006958,32.1449737549,77.8999252319,76.5070266724,67.5279083252,167.3500061035,35.1545867920,24.2556037903
2012-02-21,106.0259933472,35.2218704224,32.0132637024,77.0379028320,76.2298431396,67.5118865967,171.0200042725,34.6076698303,24.6360492706
2012-02-22,105.6840896606,35.1185264587,32.0718040466,78.0068206787,76.5288925171,67.5439300537,172.9400024414,34.3144760132,24.8643207550
2012-02-23,106.1502685547,35.4091873169,32.0132637024,78.0068206787,76.6382827759,67.5358810425,173.0200042725,34.7429809570,24.9404087067
2012-02-24,106.3833541870,35.6223373413,32.3352203369,78.5146484375,76.6966552734,67.5198898315,172.2299957275,34.7880973816,25.0925903320
2012-02-27,106.5620346069,35.4414787292,32.0132637024,79.2095794678,76.9519653320,67.5358810425,171.6999969482,34.7317199707,24.8896827698
2012-02-28,106.8727874756,35.7709045410,32.4596252441,78.9489898682,76.9884490967,67.5518798828,173.4900054932,34.5287399292,24.8812294006
2012-02-29,106.4532012939,35.3058357239,32.4376678467,78.4678649902,76.6820602417,67.5518798828,164.2899932861,34.3877792358,24.7882308960
2012-03-01,107.0048675537,35.7063102722,32.7449913025,77.7291488647,76.4336547852,67.5398941040,166.6100006104,34.5963897705,25.1771335602
2012-03-02,106.6785812378,35.3768844604,32.6644973755,78.4591217041,76.7405014038,67.5559158325,166.3399963379,34.5456428528,24.9235019684
2012-03-05,106.2434921265,35.1895675659,32.1010665894,77.8362655640,76.5870819092,67.5559158325,165.6499938965,34.8952026367,24.8051376343
2012-03-06,104.6896896362,34.0656700134,31.0254287720,78.7806625366,76.9086151123,67.5559158325,162.6999969482,34.4328842163,24.3993282318
2012-03-07,105.4199752808,34.4855232239,31.3986110687,78.2984848022,76.7624359131,67.5398941040,163.6300048828,34.6189498901,24.5092334747
2012-03-08,106.4688110352,35.2283248901,32.0571746826,77.5148239136,76.5359573364,67.5158843994,165.2799987793,34.4385337830,24.7121410370
2012-03-09,106.8805923462,35.1120605469,32.0425415039,77.6688842773,76.4774627686,67.5158843994,166.3800048828,34.6076698303,24.7797737122
2012-03-12,106.8883438110,35.0216293335,31.6912975311,77.6554641724,76.4555969238,67.5238876343,165.0700073242,34.8614082336,24.7459602356
2012-03-13,108.8150787354,35.5900382996,32.5547523499,76.2892227173,75.9075775146,67.4838485718,162.3000030518,35.5661735535,24.8558654785
2012-03-14,108.6985549927,35.2735481262,32.0425415039,74.3671035767,75.0381317139,67.3877563477,159.5700073242,35.4703254700,24.6867790222
2012-03-15,109.3278732300,35.6094093323,32.2986412048,74.4809417725,75.0161285400,67.4278335571,161.0800018311,35.4195632935,24.7036838531
2012-03-16,109.4792480469,35.8548660278,32.2620582581,74.6282882690,74.9942932129,67.4678344727,161.3000030518,35.6225509644,25.0080451965
2012-03-19,109.9084396362,36.0421714783,32.1376495361,73.7375259399,74.5339584351,67.4198303223,161.5899963379,35.8706398010,24.9657745361
2012-03-20,109.5885009766,35.6158638000,31.5815315247,74.0322265625,74.5705032349,67.4037551880,160.1300048828,35.8198928833,24.6614151001
2012-03-21,109.4090118408,35.3833389282,31.6400737762,74.8693923950,74.9504241943,67.4438095093,160.2100067139,35.7691535950,24.6022357941
2012-03-22,108.6208801270,35.1378898621,31.1571369171,75.1104660034,75.0454177856,67.4518508911,159.5700073242,35.2786293030,24.4077854156
2012-03-23,108.9720840454,35.3833389282,31.3912868500,75.8204345703,75.3230743408,67.4598236084,161.5299987793,35.4985122681,24.6445064545
2012-03-26,110.5014648438,35.8354835510,31.9400882721,75.4319534302,75.2353820801,67.4758529663,164.3999938965,35.9145622253,24.7544116974
2012-03-27,110.1581115723,35.6094093323,31.7717895508,75.9744186401,75.6518554688,67.4998474121,163.2400054932,35.9202461243,24.6529617310
2012-03-28,109.6118850708,35.3639755249,31.2376251221,75.8673019409,75.5203552246,67.4838485718,161.5099945068,35.8634071350,24.4162387848
2012-03-29,109.4246215820,35.1378898621,31.2010459900,76.4366149902,75.8345413208,67.5078964233,161.2799987793,35.8804397583,24.0780620575
2012-03-30,109.8772277832,35.4543876648,31.4278736115,75.1439743042,75.4618606567,67.4998474121,162.1199951172,36.1759948730,24.3486022949
2012-04-02,110.6809310913,35.8677864075,31.8595924377,75.5603103638,75.6426773071,67.5158538818,162.9400024414,36.4317588806,24.6614151001
2012-04-03,110.2283172607,35.2412338257,31.6766643524,74.2509155273,75.0864257812,67.4677963257,159.8899993896,36.2896652222,24.5515098572
2012-04-04,109.1359024048,34.4532318115,31.1059131622,75.2715377808,75.4670410156,67.4838256836,157.2100067139,35.8918075562,24.1710624695
2012-04-05,109.0812835693,34.2465286255,31.2742156982,75.8154525757,75.8036499023,67.5078887939,158.3099975586,35.7554092407,24.2640609741
2012-04-09,107.8561477661,34.0979690552,30.8132286072,77.5881347656,76.5795211792,67.5559158325,159.3699951172,35.3746185303,24.1541519165
2012-04-10,106.0458297729,33.3680877686,30.2132015228,78.4677581787,76.9381637573,67.5879211426,161.1000061035,34.6130065918,23.8328857422
2012-04-11,106.9041748047,33.8331451416,30.5424785614,77.5276947021,76.6380233765,67.5799713135,161.0700073242,35.0563354492,23.8920650482
2012-04-12,108.3009414673,34.4532318115,31.3254356384,77.2053756714,76.4843978882,67.5879211426,162.6999969482,35.5394439697,24.2048759460
2012-04-13,107.0134124756,33.7943916321,30.8498115540,78.4542694092,76.9454498291,67.5959854126,160.8500061035,35.3916702271,23.9597015381
2012-04-16,106.9432449341,34.0398330688,30.6961460114,78.3401870728,76.9234848022,67.5959854126,160.4600067139,35.8747673035,23.7229785919
2012-04-17,108.5272293091,34.5824012756,31.0473747253,78.2931594849,76.8429946899,67.5959854126,160.2500000000,36.1816787720,23.8328857422
2012-04-18,108.1605072021,34.4015541077,30.9010334015,78.5214385986,76.9967041016,67.6119461060,159.3099975586,35.9372901917,23.6046180725
2012-04-19,107.4660568237,34.1948471069,30.7619934082,78.5953140259,77.0845108032,67.6199645996,159.4299926758,35.9372901917,23.6130714417
2012-04-20,107.6454696655,34.5242805481,30.9742050171,78.6088027954,77.0918273926,67.6199645996,159.5399932861,36.3749198914,23.7060737610
2012-04-23,106.7402725220,33.8331451416,30.3814945221,79.1794815063,77.2455139160,67.6359939575,159.0700073242,35.9998092651,23.6637992859
2012-04-24,107.1461029053,34.1044235229,30.4473571777,78.6222000122,77.0479202271,67.6119461060,159.3000030518,36.5397567749,23.6637992859
2012-04-25,108.6131210327,34.5694923401,30.7254199982,78.2192916870,76.9527816772,67.6280059814,159.6199951172,36.9603309631,23.7990684509
2012-04-26,109.3700180054,34.7761726379,30.9156703949,78.6893386841,77.2089462280,67.6359939575,161.0299987793,37.0512619019,23.8497943878
2012-04-27,109.5494689941,34.9182815552,30.9595680237,78.7565155029,77.2894287109,67.6199645996,161.3800048828,37.3070220947,23.9258823395
2012-04-30,109.1436996460,34.7180519104,30.8937129974,78.7766418457,77.3553466797,67.6359939575,161.8800048828,37.2104110718,24.0188808441
2012-05-01,109.8225631714,34.8601531982,31.0985965729,78.3680572510,77.2145767212,67.6343460083,161.3200073242,37.6139488220,24.0188808441
2012-05-02,109.4948577881,34.5888748169,31.0400543213,78.9200057983,77.3612136841,67.6423950195,160.5899963379,37.5571136475,23.7060737610
2012-05-03,108.6599044800,34.2852935791,30.8059062958,78.8998107910,77.3538665771,67.6343460083,158.9700012207,37.4263877869,23.4439830780
2012-05-04,106.9041748047,33.7620887756,30.2644271851,79.5190811157,77.6617355347,67.6584167480,159.4700012207,37.0967292786,23.0297183990
2012-05-07,106.9822311401,34.0075416565,30.3741874695,79.5325164795,77.6398010254,67.6584167480,159.0800018311,37.3581771851,22.9789943695
2012-05-08,106.5530166626,33.4843482971,29.8912467957,79.9565887451,77.8156890869,67.6664276123,156.0000000000,37.2899856567,22.8944511414
2012-05-09,105.9209899902,33.0967979431,29.5034294128,80.0104370117,77.8816757202,67.6584167480,154.4700012207,37.1706352234,22.7169075012
2012-05-10,106.1394577026,33.2518234253,29.6278228760,79.7748031616,77.7716751099,67.6504135132,154.7700042725,37.1990356445,22.7253608704
2012-05-11,105.8195190430,33.0451202393,29.2473163605,80.4344711304,78.0282821655,67.6584167480,153.5599975586,37.2786140442,22.5562744141
2012-05-14,104.6490707397,32.4121284485,28.5814476013,81.5584945679,78.3728027344,67.6504135132,151.3300018311,36.8068885803,22.2603721619
2012-05-15,104.0481872559,32.0051956177,28.3326454163,81.8883438110,78.3948287964,67.6423950195,149.7400054932,36.6136360168,22.3026447296
2012-05-16,103.6502227783,31.6887016296,27.9301929474,82.1238937378,78.4534835815,67.6343460083,149.4600067139,36.2100944519,22.2772808075
2012-05-17,102.1130142212,31.3011436462,27.5497035980,83.5777893066,78.7466583252,67.6023788452,152.8000030518,35.1529502869,22.2265548706
2012-05-18,101.2390518188,31.0750789642,27.2862777710,83.5980300903,78.6953659058,67.6103820801,154.5500030518,34.7266883850,22.2096443176
2012-05-21,102.9791870117,31.7597408295,27.9375171661,83.4229583740,78.4901046753,67.6184005737,154.6499938965,35.4826049805,22.5055484772
2012-05-22,103.1586151123,31.6434860229,27.6448154449,82.4941177368,78.3214874268,67.5943603516,152.0800018311,35.5508079529,22.1842803955
2012-05-23,103.2132797241,31.3851070404,27.4545860291,83.0662536621,78.5267791748,67.6264266968,151.6199951172,35.6019515991,21.9391059875
2012-05-24,103.4161224365,31.1784210205,27.3155498505,82.7499084473,78.3581619263,67.6023788452,151.4100036621,35.7610855103,21.9475593567
2012-05-25,103.0806121826,31.0686149597,27.1838321686,83.0594711304,78.5853729248,67.6343460083,152.6799926758,35.6189956665,22.0236511230
2012-05-29,104.3291244507,31.4626216888,27.9521503448,82.8037490845,78.5194625854,67.6184005737,151.0200042725,36.1248435974,21.9306507111
2012-05-30,102.8153076172,30.7198238373,27.4692115784,84.9037857056,79.2671890259,67.6504135132,151.9100036621,35.2666282654,21.5248394012
2012-05-31,102.5890197754,30.8490104675,27.5862846375,85.8864440918,79.5750656128,67.6744384766,151.6199951172,35.5337600708,21.3388462067
2012-06-01,100.0061416626,30.0674514771,26.8472347260,87.9254760742,80.2586822510,67.6808929443,157.5000000000,34.6641693115,20.8992176056
2012-06-04,99.9593276978,30.3193550110,26.9643096924,87.2307586670,79.7960815430,67.6728439331,157.3200073242,34.4254608154,21.0175781250
2012-06-05,100.7162170410,30.5389690399,27.0374946594,86.0638656616,79.5317840576,67.6888732910,157.1399993896,35.1358947754,20.9414901733
2012-06-06,102.9791870117,31.3915786743,27.8277492523,84.3439559937,79.0104827881,67.6648406982,157.2100067139,35.9145622253,21.3303909302
2012-06-07,103.0416107178,31.4367885590,27.9960498810,84.4721145630,79.2013702393,67.6568222046,154.5000000000,35.6587982178,21.1866664886
2012-06-08,103.8609466553,31.3334274292,27.7545833588,84.4518585205,79.2600860596,67.6568222046,154.7299957275,36.1646423340,21.2542991638
2012-06-11,102.5421905518,31.0298690796,27.3521289825,84.8363113403,79.4729766846,67.6568222046,155.3600006104,35.3518905640,20.8654003143
2012-06-12,103.7204437256,31.5465927124,27.9228839874,84.0606536865,79.0471649170,67.6247711182,156.4600067139,35.6871910095,20.9668540955
2012-06-13,103.0571670532,31.2946834564,27.8204364777,84.8902359009,79.4656677246,67.6167221069,157.1199951172,35.5053367615,20.8062210083
2012-06-14,104.1496200562,31.5272159576,28.0180091858,84.7823638916,79.2527847290,67.6247711182,157.7500000000,36.0225410461,21.0513954163
2012-06-15,105.2148132324,31.9729042053,28.5302276611,85.2545166016,79.6198654175,67.6487731934,157.8399963379,36.2442016602,21.0175781250
2012-06-18,105.4187545776,31.8824634552,28.5887584686,85.7131500244,79.5978164673,67.6328201294,157.9299926758,36.5454330444,21.0344867706
2012-06-19,106.4384231567,32.4121284485,29.0497455597,84.5935134888,79.3261413574,67.6247711182,157.1600036621,36.6932029724,21.2120323181
2012-06-20,106.2658538818,32.5994377136,28.9546222687,85.0116806030,79.1646575928,67.6007308960,155.9700012207,36.6761627197,20.8654003143
2012-06-21,103.8813934326,31.7461280823,27.8942432404,85.4635848999,79.3335189819,67.6087341309,152.0200042725,36.0793724060,20.4173164368
2012-06-22,104.6814346313,32.0171318054,27.9831123352,84.3236770630,78.9884338379,67.6167221069,152.6399993896,36.0850639343,20.6202239990
2012-06-25,103.0029067993,31.3032836914,27.4647617340,85.5512771606,79.4216156006,67.6167221069,153.7599945068,35.9011077881,20.8315830231
2012-06-26,103.5205688477,31.5081863403,27.7017135620,85.2140502930,79.2453918457,67.6007308960,152.6199951172,36.0214614868,20.9753055573
2012-06-27,104.4539947510,31.8056144714,27.8794384003,85.3489913940,79.3555297852,67.6007308960,152.8300018311,36.1647224426,21.0936679840
2012-06-28,104.1559295654,31.8717098236,27.7461509705,85.5580215454,79.6125183105,67.6087341309,151.0500030518,36.5601196289,20.8654003143
2012-06-29,106.7521286011,33.0217971802,28.9753570557,84.4451599121,79.2453918457,67.6087341309,155.1900024414,37.4941749573,21.7700176239
2012-07-02,107.0737762451,33.2399139404,28.9753570557,85.3163909912,79.6130371094,67.6295700073,155.0899963379,37.9067611694,21.7277469635
2012-07-03,107.7796936035,33.5439567566,29.5529384613,84.6607666016,79.4145050049,67.6135864258,157.4600067139,38.1302642822,22.3364620209
2012-07-05,107.2933578491,32.9887466431,29.2419357300,85.0933837891,79.6277847290,67.6375732422,155.6799926758,37.8953056335,22.4210033417
2012-07-06,106.2737045288,32.6780891418,28.7087821960,85.8841476440,79.9071884155,67.6616287231,153.7100067139,37.9869995117,21.9052848816
2012-07-09,106.1403579712,32.6053886414,28.6051158905,86.6412582397,80.1278152466,67.6616287231,154.0399932861,38.0271072388,22.2941913605
2012-07-10,105.2148132324,32.3872718811,28.2867031097,86.8170089722,80.1645050049,67.6616287231,152.1499938965,37.6202430725,22.0067424774
2012-07-11,105.2305297852,32.4864234924,28.4347991943,86.9251403809,80.0910186768,67.6696319580,152.9900054932,37.6603622437,22.2519149780
2012-07-12,104.7206649780,32.1625442505,27.9608840942,87.5402145386,80.2748947144,67.6856918335,152.5899963379,37.7749633789,22.3026447296
2012-07-13,106.4776458740,32.6185989380,28.5014514923,87.3104171753,80.2086944580,67.7017288208,154.1399993896,38.2391281128,22.5731849670
2012-07-16,106.2266464233,32.6119995117,28.4347991943,87.7160339355,80.3851699829,67.7257461548,154.2100067139,38.3136215210,22.8521804810
2012-07-17,106.9561004639,32.7045364380,28.8124504089,87.0265274048,80.1792831421,67.7178039551,153.4700012207,38.6803665161,22.8775424957
2012-07-18,107.7483215332,32.9623031616,28.7384033203,87.0738372803,80.2601852417,67.7338180542,153.0500030518,38.4511566162,23.0804443359
2012-07-19,108.0306472778,33.2663574219,29.0049705505,86.8507308960,80.1425094604,67.7498245239,153.3800048828,38.0500221252,23.3594398499
2012-07-20,107.0424118042,32.4864234924,28.5754947662,87.9120330811,80.4586715698,67.7578048706,153.6699981689,37.8494682312,23.3594398499
2012-07-23,105.9599304199,31.8188362122,27.8276042938,88.4054260254,80.5910797119,67.7658309937,153.0299987793,37.5744056702,22.8690872192
2012-07-24,105.0500793457,31.4751434326,27.7091217041,89.1016540527,80.7454528809,67.7498245239,153.5200042725,37.4483375549,22.7338180542
2012-07-25,105.0736389160,31.6403808594,27.8424091339,89.3314666748,80.7895965576,67.7578048706,155.6699981689,37.4311408997,22.9029045105
2012-07-26,106.8070678711,32.6053886414,28.4718303680,88.5135650635,80.5395278931,67.7578048706,156.7700042725,37.7635002136,22.9451770782
2012-07-27,108.7758331299,33.2927932739,29.2715530396,86.8440475464,79.9585952759,67.7097320557,157.5399932861,38.1245155334,23.1818981171
2012-07-30,108.7758331299,33.2531433105,29.1012401581,87.4928817749,80.2160263062,67.7417831421,157.4299926758,38.3021583557,23.3171672821
2012-07-31,108.0150222778,33.0482444763,28.9679565430,87.6686782837,80.3557205200,67.7578048706,156.4900054932,38.2448577881,23.0381736755
2012-08-01,107.9208755493,33.0548439026,29.0197887421,87.2303924561,80.0626831055,67.7465820312,155.1399993896,38.0614891052,23.0719909668
2012-08-02,107.1757125854,32.5921707153,28.6791610718,87.7248687744,80.2540893555,67.7546234131,154.1300048828,38.1703720093,22.8775424957
2012-08-03,109.3013610840,33.7025909424,29.5677471161,86.3091888428,79.8343582153,67.7305679321,155.5500030518,38.4683456421,23.2664413452
2012-08-06,109.5131454468,33.9405364990,29.7528858185,86.3430480957,79.8859176636,67.7385635376,156.3000030518,38.4282417297,23.4017105103
2012-08-07,110.0622024536,34.2247581482,29.8343296051,85.2322006226,79.4661102295,67.7064743042,156.2799987793,37.9755210876,23.5792541504
2012-08-08,110.1955261230,34.2049255371,29.8935585022,84.7783966064,79.3556747437,67.6824874878,156.4799957275,37.7176589966,23.6468868256
2012-08-09,110.2896575928,34.2247581482,30.0194492340,84.7173995972,79.2968368530,67.6824874878,156.9900054932,37.5973243713,23.8413429260
2012-08-10,110.4700698853,34.2842407227,30.1601390839,85.1441574097,79.5250473022,67.6985168457,157.1799926758,37.6488876343,23.7145252228
2012-08-13,110.4151763916,34.1189956665,29.8935585022,85.0018997192,79.4735412598,67.7064743042,155.9900054932,37.6202430725,23.5285282135
2012-08-14,110.4308319092,34.1983108521,29.8861598969,83.8503723145,79.0832290649,67.6904296875,155.1300048828,37.5400314331,23.5538921356
2012-08-15,110.5563354492,34.0991668701,29.8417339325,82.6718063354,78.6855621338,67.6664047241,155.6300048828,37.7119407654,23.7567958832
2012-08-16,111.3720855713,34.5221939087,30.1157093048,81.9673538208,78.4940719604,67.6583938599,156.5599975586,37.9984436035,23.8497943878
2012-08-17,111.5211105347,34.5684585571,29.9676246643,82.3669662476,78.5897979736,67.6664047241,156.7200012207,38.0099143982,23.8836097717
2012-08-20,111.5289535522,34.5287933350,29.9528121948,82.5363082886,78.6340179443,67.6664047241,157.2599945068,37.9010314941,23.9935188293
2012-08-21,111.1916656494,34.7270774841,29.9083805084,82.9021148682,78.7002563477,67.6664047241,158.8300018311,37.9812583923,24.2133331299
2012-08-22,111.2387466431,34.6874275208,29.9231929779,84.2703857422,79.3114929199,67.7064743042,160.5399932861,37.9583320618,24.3401489258
2012-08-23,110.3289184570,34.4891357422,29.6492042542,84.6226043701,79.4514389038,67.7145080566,161.8899993896,37.8437271118,24.2217884064
2012-08-24,110.9955978394,34.4362602234,29.6566143036,84.5413208008,79.4145812988,67.7145080566,161.9700012207,37.9698066711,24.1118831635
2012-08-27,111.0191116333,34.4560928345,29.3530044556,85.0357742310,79.6207885742,67.7064743042,161.3600006104,38.0843963623,24.0019741058
2012-08-28,110.9093093872,34.4230461121,29.2937755585,85.2389602661,79.6502304077,67.7145080566,161.6399993896,38.2161979675,24.0188808441
2012-08-29,110.9955978394,34.3172912598,29.1530742645,84.8663787842,79.5987014771,67.7145080566,160.5899963379,38.2047462463,24.0611534119
2012-08-30,110.1955261230,33.8083419800,28.8124504089,85.3067169189,79.7459869385,67.7225112915,160.5200042725,38.1187820435,24.0865192413
2012-08-31,110.7210998535,34.1057739258,29.0864334106,86.5124282837,80.2614746094,67.7626342773,164.2200012207,38.2391281128,24.3401489258
2012-09-04,110.6190872192,33.9339294434,28.9235210419,86.4255523682,80.0778427124,67.7577896118,164.4799957275,38.5084571838,24.3486022949
2012-09-05,110.5249710083,33.8414001465,28.7754344940,86.0182647705,80.0484008789,67.7577896118,164.3099975586,38.4397048950,24.2302398682
2012-09-06,112.7682495117,34.6808242798,29.4122505188,84.5859985352,79.5027008057,67.7257308960,164.8899993896,38.7835273743,24.2217884064
2012-09-07,113.2074584961,35.2029762268,30.0935020447,84.1922225952,79.6059265137,67.7417755127,168.4400024414,38.8179054260,24.4923286438
2012-09-10,112.5643157959,34.9253730774,29.7084426880,84.3958892822,79.6427688599,67.7257308960,167.2899932861,38.5141906738,24.5261459351
2012-09-11,112.8780746460,35.3219451904,30.0638847351,83.8663940430,79.4953002930,67.7417755127,167.8999938965,38.6287994385,24.5768718719
2012-09-12,113.2546081543,35.5532951355,30.1971664429,82.8210830688,79.1044464111,67.7338180542,167.9199981689,38.7090187073,24.7036838531
2012-09-13,114.9801559448,36.0952911377,31.0117111206,82.4952392578,79.3330459595,67.7577896118,171.3099975586,39.1846580505,24.8727741241
2012-09-14,115.4900131226,36.4522132874,31.3745536804,80.3026809692,78.5882263184,67.7257308960,171.8000030518,39.4024124146,25.1348590851
2012-09-17,115.0978088379,36.2605247498,31.0339298248,81.2666473389,78.7504577637,67.7257308960,170.3999938965,39.2878074646,24.4416007996
2012-09-18,115.0037307739,36.1084976196,31.0487327576,81.6738662720,78.9495925903,67.7338180542,171.7200012207,38.9153327942,24.2640609741
2012-09-19,115.0664672852,36.2605247498,31.0487327576,82.2101669312,79.1339263916,67.7338180542,171.7400054932,38.6975555420,23.9089756012
2012-09-20,115.0742874146,36.0291900635,30.8636150360,82.4137954712,79.1782226562,67.7177658081,171.4700012207,38.1245155334,24.0442485809
2012-09-21,115.0261917114,36.0490150452,30.9376564026,82.5088195801,79.3477630615,67.7257308960,171.9600067139,38.1302642822,24.2048759460
2012-09-24,114.8527297974,35.9234390259,30.9080486298,83.1537017822,79.5248031616,67.7338180542,171.0500030518,37.9887351990,23.9512462616
2012-09-25,113.6305007935,35.6722679138,30.4489326477,83.9750595093,79.8197631836,67.7177658081,170.7700042725,37.4284820557,23.9766120911
2012-09-26,112.9916915894,35.3153495789,30.3082370758,84.8778839111,80.1516036987,67.7338180542,169.8099975586,37.4226913452,23.8075218201
2012-09-27,114.0562515259,35.7383537292,30.7895679474,84.2737274170,79.9819717407,67.7417755127,172.3399963379,37.5844154358,24.1034240723
2012-09-28,113.5279159546,35.0311203003,30.6044330597,84.3212356567,79.9819717407,67.7738723755,171.8899993896,37.5266571045,24.2471523285
2012-10-01,113.8275985718,35.3153495789,30.9080486298,84.6340789795,80.1303787231,67.7754669189,172.2899932861,37.2494010925,24.2809696198
2012-10-02,113.9458541870,35.4541549683,30.9524650574,84.5185241699,80.0787506104,67.7593765259,172.1000061035,37.5324325562,24.1541519165
2012-10-03,114.4111175537,35.3087387085,30.7451190948,84.5457000732,80.1599502563,67.7593765259,172.4100036621,37.6075210571,23.7398891449
2012-10-04,115.2312393188,35.7383537292,31.0635414124,83.4913177490,79.8424377441,67.7593765259,173.6100006104,37.5959663391,24.2556037903
2012-10-05,115.2390975952,35.7846298218,31.0635414124,82.4097900391,79.4806365967,67.7273406982,172.6199951172,37.6421813965,24.1287899017
2012-10-08,114.8448181152,35.5731239319,30.7895679474,83.1036071777,79.7390441895,67.7353515625,172.0500030518,37.5613174438,24.0611534119
2012-10-09,113.7093276978,35.0575637817,30.5600070953,82.9539947510,79.5766143799,67.7353515625,170.9900054932,37.4226913452,24.2386970520
2012-10-10,112.9838027954,34.9584197998,30.3748893738,83.5389633179,79.7685928345,67.7273406982,170.8399963379,37.5728797913,24.1964244843
2012-10-11,113.0469665527,35.1831512451,30.6562728882,84.1171722412,79.8424377441,67.7193679810,171.3200073242,37.5439949036,24.4754180908
2012-10-12,112.6763153076,35.1434936523,30.5600070953,84.3280563354,79.8498382568,67.7433929443,170.0599975586,37.4111442566,24.1372451782
2012-10-15,113.6147155762,35.4871940613,30.7377243042,84.1375579834,79.8719940186,67.7273406982,168.3500061035,37.6595191956,24.0188808441
2012-10-16,114.7659606934,36.0754623413,31.0561275482,82.9743576050,79.4953994751,67.7273406982,169.4199981689,37.8905334473,24.0357933044
2012-10-17,115.2864151001,36.4125518799,31.3004951477,82.2057189941,78.9933166504,67.6872329712,169.5399932861,37.7865791321,24.0442485809
2012-10-18,114.9867630005,36.2737426758,31.2116432190,81.7023239136,78.8529663086,67.6952819824,168.7899932861,38.1735725403,24.0357933044
2012-10-19,113.0705795288,35.7846298218,30.7303256989,82.8111190796,79.1852951050,67.6952819824,166.9700012207,37.8558921814,23.6722526550
2012-10-22,113.0863723755,36.0357894897,31.0265178680,82.2805252075,78.9194412231,67.6711807251,167.5800018311,37.6652946472,23.5623474121
2012-10-23,111.5171051025,35.2624664307,30.3896999359,83.4573440552,79.2960205078,67.7032318115,165.4299926758,37.2840576172,23.2748966217
2012-10-24,111.2017440796,35.2822914124,30.4193172455,82.6342315674,79.1262054443,67.6952819824,164.8600006104,37.2551841736,23.2072620392
2012-10-25,111.5250320435,35.4938049316,30.7525253296,82.2125167847,78.8382034302,67.6711807251,166.0200042725,37.1512222290,23.2664413452
2012-10-26,111.4619064331,35.4409255981,30.5155773163,83.4233016968,79.3403396606,67.6872329712,165.9299926758,36.8277740479,23.3171672821
2012-10-31,111.4619064331,35.4144859314,30.4711513519,83.9130783081,79.6652450562,67.7273406982,166.8300018311,37.1858711243,23.3002605438
2012-11-01,112.6289901733,35.8309020996,30.9672698975,83.2260360718,79.5062637329,67.7113342285,166.0700073242,37.3649215698,23.3425331116
2012-11-02,111.6275253296,35.4871940613,30.8043708801,83.1648330688,79.5727844238,67.7032318115,162.6000061035,37.6132965088,22.9451770782
2012-11-05,111.8561859131,35.4012641907,30.9524650574,83.6342086792,79.7650375366,67.7032318115,163.2299957275,37.3649215698,23.1396293640
2012-11-06,112.7315063477,35.7383537292,31.1968307495,82.8452301025,79.4027023315,67.6791763306,166.3000030518,37.5266571045,23.5538921356
2012-11-07,110.1765975952,35.2029762268,30.6858940125,84.3484268188,80.0681991577,67.7353515625,166.4900054932,37.3591461182,23.1142654419
2012-11-08,108.8518142700,34.8857192993,30.3008327484,85.6000366211,80.4231109619,67.7353515625,167.9900054932,36.9144020081,23.1480827332
2012-11-09,108.9464263916,34.8989334106,30.3600788116,85.6952896118,80.4304504395,67.7353515625,167.8200073242,36.8162155151,23.3340759277
2012-11-12,109.0332031250,34.8724975586,30.4711513519,85.8381271362,80.4822387695,67.7353515625,167.4499969482,36.7295799255,23.2241706848
2012-11-13,108.6547012329,34.7006492615,30.1971664429,86.1238327026,80.5783615112,67.7433929443,167.1000061035,36.7006912231,23.1818981171
2012-11-14,107.1879882812,34.3371200562,29.7306690216,86.2054367065,80.6005401611,67.7593765259,167.1399993896,36.0133590698,23.2495346069
2012-11-15,107.0065994263,34.4494781494,29.8343296051,86.0354080200,80.5635681152,67.7593765259,166.0899963379,35.8458404541,23.1565361023
2012-11-16,107.5349121094,34.4296493530,29.9231929779,85.9606018066,80.6153182983,67.7593765259,165.8800048828,36.0653266907,23.2579879761
2012-11-19,109.7113647461,35.1765441895,30.4489326477,85.4775924683,80.4526824951,67.7514343262,167.8699951172,36.5100746155,23.6976165771
2012-11-20,109.7586898804,35.2294273376,30.3896999359,84.6205368042,80.1199264526,67.7353515625,167.3899993896,36.7815589905,23.5369834900
2012-11-21,109.9636764526,35.2889099121,30.3304481506,84.5728759766,80.0016098022,67.7273406982,167.5599975586,36.7180137634,23.6384353638
2012-11-23,111.4619064331,36.0490150452,30.8265743256,84.4913101196,79.9572982788,67.7273406982,169.6100006104,36.9894866943,23.7229785919
2012-11-26,111.2253952026,35.9630889893,30.8265743256,84.8926010132,80.0903244019,67.7193679810,169.4299926758,37.0645675659,23.6891632080
2012-11-27,110.6576232910,35.7846298218,30.5674133301,85.2258987427,80.2751846313,67.7273406982,168.7100067139,36.8566551208,23.6553421021
2012-11-28,111.5486526489,36.0424118042,30.7377243042,85.1035232544,80.3787460327,67.7353515625,166.5500030518,36.8104248047,23.5792541504
2012-11-29,112.0691223145,36.3530540466,30.9598770142,85.1170806885,80.4600982666,67.7353515625,167.1799926758,37.0125961304,23.7398891449
2012-11-30,112.0928115845,36.3993263245,30.9450569153,84.8858261108,80.4452819824,67.7433929443,166.0500030518,37.0876770020,23.7567958832
2012-12-03,111.5407714844,36.4455833435,30.9302501678,84.9642333984,80.4134368896,67.7514343262,166.1300048828,37.2378654480,23.8159770966
2012-12-04,111.3830947876,36.5381317139,31.0191116333,85.4549179077,80.5541381836,67.7514343262,164.4199981689,37.2956123352,23.6046180725
2012-12-05,111.5802536011,36.5910034180,31.3523387909,85.4140548706,80.6207199097,67.7674789429,164.1199951172,37.1800918579,23.5792541504
2012-12-06,111.9586791992,36.6637153625,31.5892868042,85.5980377197,80.6651382446,67.7674789429,164.5000000000,37.5266571045,23.3678932190
2012-12-07,112.2977752686,36.6769371033,31.6855506897,84.8074493408,80.4356155396,67.7674789429,165.1600036621,37.6652946472,23.3425331116
2012-12-10,112.3451080322,36.7165870667,31.8632640839,85.1823043823,80.5096740723,67.7674789429,165.8000030518,37.6479568481,23.2918052673
2012-12-11,113.1100006104,36.9281005859,32.0261688232,84.5348358154,80.3542480469,67.7674789429,165.6499938965,37.7403717041,23.2495346069
2012-12-12,113.1652069092,37.0470733643,32.1224403381,83.5533447266,80.0136871338,67.7593841553,165.7700042725,37.6364097595,23.3594398499
2012-12-13,112.4712905884,36.9347038269,31.9817466736,83.6146926880,79.8581619263,67.7593841553,164.3699951172,37.3475990295,23.1480827332
2012-12-14,112.0533676147,37.0669021606,32.1224403381,84.2417297363,80.0358657837,67.7754745483,164.1300048828,37.3418235779,23.2918052673
2012-12-17,113.3702239990,37.2189254761,32.2038955688,82.9808349609,79.6139450073,67.7593841553,164.4400024414,37.5382156372,23.2748966217
2012-12-18,114.6319503784,37.6064796448,32.4288749695,82.1357040405,79.3029785156,67.7193603516,162.0800018311,37.9252090454,23.3340759277
2012-12-19,113.7802810669,37.7401275635,32.4139785767,82.4083633423,79.4140472412,67.7353591919,161.6900024414,37.8732147217,23.4186229706
2012-12-20,114.4347610474,37.9940414429,32.6076774597,82.4219589233,79.4658432007,67.7273330688,159.7299957275,38.3699760437,23.3087120056
2012-12-21,113.3960494995,37.7601623535,32.2351837158,83.3216400146,79.6805572510,67.7353591919,160.3300018311,38.3064041138,23.2664413452
2012-12-24,113.0466308594,37.6599349976,32.1681365967,83.1716918945,79.5990600586,67.7353591919,160.6199951172,38.3572769165,23.1903553009
2012-12-26,112.5701293945,37.6532516479,32.2649765015,83.4708023071,79.7629547119,67.7361831665,160.7799987793,38.1760482788,23.4270763397
2012-12-27,112.4192504883,37.8269920349,32.4468193054,83.7509002686,79.9260330200,67.7602691650,161.1600036621,38.3163528442,23.4270763397
2012-12-28,111.2042083740,37.4260673523,32.5660552979,84.2290496826,80.1113891602,67.7602691650,160.5399932861,38.0649681091,23.3594398499
2012-12-31,113.0942306519,37.9940414429,33.0504417419,82.7741546631,79.6888046265,67.7602691650,162.0200042725,38.4683532715,23.4862575531
2013-01-02,115.9929046631,38.5820617676,33.6987762451,81.6675796509,79.3255233765,67.7441711426,163.1699981689,38.9477653503,23.5708007812
2013-01-03,115.7308120728,38.2078666687,33.4603080750,80.5609970093,78.9177856445,67.7441711426,161.1999969482,38.9419097900,23.3763465881
2013-01-04,116.2390518188,38.4016418457,33.5273818970,80.8752365112,78.9548950195,67.7522354126,160.4400024414,39.1231422424,23.2748966217
2013-01-07,115.9213943481,38.2345962524,33.2740020752,80.9093399048,78.9993362427,67.7522354126,159.4299926758,39.2108345032,23.3171672821
2013-01-08,115.5878753662,38.0207710266,32.9759292603,81.4421386719,79.1921234131,67.7602691650,160.5599975586,39.1348304749,23.3763465881
2013-01-09,115.8816986084,38.2145462036,33.1175193787,81.3670120239,79.2365875244,67.7843399048,160.4900054932,39.2459144592,23.3425331116
2013-01-10,116.8029403687,38.7023315430,33.4081497192,81.1415939331,79.0067367554,67.7762298584,161.9799957275,39.2868309021,23.4270763397
2013-01-11,116.7949295044,38.7825202942,33.1398620605,81.8656387329,79.2587966919,67.7682876587,161.0599975586,39.2634544373,23.3256244659
2013-01-14,116.7155303955,38.8292884827,33.2814559937,81.6402359009,79.2291336060,67.7682876587,161.5399932861,39.3745346069,23.4778022766
2013-01-15,116.7949295044,38.7691574097,33.1398620605,82.0159149170,79.4219055176,67.7762298584,162.5599975586,39.5616111755,23.3763465881
2013-01-16,116.7790985107,38.5820617676,33.1100578308,82.1866378784,79.5257339478,67.7762298584,162.6499938965,39.5148468018,23.4017105103
2013-01-17,117.5335464478,38.8961143494,33.2963676453,81.3670120239,79.1624450684,67.7682876587,163.3500061035,39.6376075745,23.5031642914
2013-01-18,117.7955551147,38.8560142517,33.3708839417,81.9954757690,79.3848114014,67.7682876587,163.0899963379,39.8071556091,23.6553421021
2013-01-22,118.4309616089,38.8760643005,33.3187179565,82.1525497437,79.4515533447,67.7843399048,163.6699981689,40.0117759705,23.7229785919
2013-01-23,118.6215209961,38.8359756470,33.1398620605,82.0296096802,79.4886856079,67.7843399048,163.2100067139,40.0000839233,23.7483425140
2013-01-24,118.6533279419,39.0230598450,33.0206336975,81.7426757812,79.3551788330,67.7843399048,161.4199981689,40.0819320679,23.7314338684
2013-01-25,119.3203735352,39.4440422058,32.9088516235,80.6224899292,78.8288192749,67.7522354126,160.6499938965,40.3099327087,23.6807079315
2013-01-28,119.1774444580,39.2502632141,32.6778297424,80.3287582397,78.6656799316,67.7281875610,160.2899932861,40.4151763916,23.6722526550
2013-01-29,119.6459808350,39.5175399780,33.0429992676,79.8847351074,78.5471115112,67.7361831665,160.9900054932,40.5320968628,23.8075218201
2013-01-30,119.1774444580,39.5576362610,32.8864974976,79.7481307983,78.5915832520,67.7602691650,162.1900024414,40.1462440491,24.0780620575
2013-01-31,118.8835601807,39.4106292725,32.9535636902,80.1374664307,78.6582870483,67.7682876587,161.1999969482,39.9065361023,24.0696086884
2013-02-01,120.1065597534,39.7246818542,33.1696739197,79.0969619751,78.3910293579,67.7610168457,161.4499969482,40.1403923035,24.1626052856
2013-02-04,118.7564697266,39.0097007751,32.7299995422,80.1100997925,78.8439254761,67.7771148682,162.0000000000,40.0468559265,24.0780620575
2013-02-05,119.9557113647,39.1901206970,32.7672576904,79.3981475830,78.5617675781,67.7771148682,161.9600067139,39.9533119202,24.1710624695
2013-02-06,120.0430450439,39.1834373474,32.7299995422,80.0485076904,78.7993621826,67.7931060791,162.3899993896,40.0936279297,24.1372451782
2013-02-07,119.8842239380,38.8627090454,32.4393692017,79.8705291748,78.8364791870,67.7931060791,161.8399963379,39.9240760803,24.0442485809
2013-02-08,120.5513000488,39.1099472046,32.6778297424,80.1785583496,78.8958435059,67.8012084961,161.5700073242,40.2924003601,24.1372451782
2013-02-11,120.5274734497,39.0698471069,32.6629295349,80.1169052124,78.8142089844,67.7771148682,159.6999969482,40.3508644104,24.0526981354
2013-02-12,120.7259674072,39.2636375427,32.7523574829,79.9184341431,78.7325439453,67.7610168457,159.8899993896,40.6548538208,24.0949726105
2013-02-13,120.8292312622,39.3571739197,32.9163017273,79.2680969238,78.4578857422,67.7530441284,159.0500030518,40.6314735413,24.1034240723
2013-02-14,120.9404449463,39.1433525085,32.9014091492,79.9868774414,78.7919464111,67.7610168457,158.3500061035,40.4619255066,24.0696086884
2013-02-15,120.7974853516,39.0431213379,32.7821655273,79.7541351318,78.7176971436,67.7691040039,155.7599945068,40.4794731140,23.9681568146
2013-02-19,121.7027969360,39.5041732788,32.8492317200,79.3570556641,78.5914764404,67.7610168457,155.3300018311,40.8010215759,23.8751583099
2013-02-20,120.1859893799,39.1166229248,32.5585899353,79.5966644287,78.7622146606,67.7610168457,151.4400024414,40.5379333496,23.6046180725
2013-02-21,119.4553985596,38.5286102295,32.1114692688,80.0621871948,78.9180755615,67.7851486206,152.6199951172,40.2339210510,23.3340759277
2013-02-22,120.6227722168,39.0832138062,32.2530555725,80.1169052124,79.0146026611,67.7851486206,152.9700012207,40.6373176575,23.3340759277
2013-02-25,118.3276519775,38.1477317810,31.8208293915,81.6915130615,79.6233520508,67.8012084961,154.3399963379,39.8655967712,23.2241706848
2013-02-26,119.1377029419,38.4551048279,31.9996757507,81.2191238403,79.4748992920,67.8172225952,156.2200012207,40.1403923035,23.1818981171
2013-02-27,120.6386566162,38.9428825378,32.3499374390,80.9795684814,79.4377822876,67.8172225952,154.5700073242,40.4327125549,23.0381736755
2013-02-28,120.4004516602,38.9028053284,32.2008934021,81.1301422119,79.5491027832,67.8092041016,153.0000000000,40.3917694092,22.9367218018
2013-03-01,120.7974853516,38.8226127625,32.2754096985,81.5719757080,79.7475128174,67.8236618042,152.4400024414,40.5262451172,22.7760887146
2013-03-04,121.4407272339,38.9896583557,31.9698772430,81.1397323608,79.5617141724,67.8156280518,152.3000030518,40.8302459717,22.6915454865
2013-03-05,122.5287094116,39.3772201538,32.3573799133,80.9064712524,79.4799499512,67.8076171875,152.3800048828,41.1517944336,22.9029045105
2013-03-06,122.6955261230,39.4774551392,32.5138778687,80.1723709106,79.2272796631,67.7995834351,153.2299957275,41.0290336609,22.7760887146
2013-03-07,122.9178390503,39.5910568237,32.6033020020,79.5549545288,78.9225616455,67.7835388184,152.6900024414,40.8360862732,22.9282684326
2013-03-08,123.4419860840,39.6779136658,32.8864974976,78.7248077393,78.5212402344,67.7915725708,152.7100067139,40.9062423706,22.9959011078
2013-03-11,123.9105072021,39.7981872559,32.7076454163,78.8003005981,78.5583572388,67.7835388184,152.9900054932,40.9413223267,23.0128116608
2013-03-12,123.6325302124,39.5977249146,32.3350334167,79.3697586060,78.7739334106,67.7995834351,154.1900024414,40.7893295288,23.0635395050
2013-03-13,123.8072204590,39.5375785828,32.0294876099,79.2873535156,78.7070617676,67.7835388184,153.6600036621,40.8302459717,22.9451770782
2013-03-14,124.4664382935,39.9251518250,32.1636238098,79.0472793579,78.7293243408,67.7835388184,153.6799926758,41.0874938965,23.1142654419
2013-03-15,124.3020629883,40.0053405762,31.8729934692,79.4177398682,79.0043182373,67.8076171875,154.0000000000,41.1810340881,23.1649894714
2013-03-18,123.6161041260,39.5643234253,31.5152931213,80.0214614868,79.2644805908,67.8236618042,155.3800048828,40.9530143738,23.0297183990
2013-03-19,123.3289642334,39.4440422058,31.2917308807,80.5634536743,79.5097045898,67.8156280518,156.0800018311,40.7542457581,22.8606338501
2013-03-20,124.1903991699,39.6845855713,31.4705753326,79.6647109985,79.2050170898,67.8076171875,155.3699951172,40.8828620911,23.0212669373
2013-03-21,123.1294860840,39.3237533569,31.1501235962,80.4330902100,79.4131011963,67.8156280518,156.2500000000,40.7601089478,22.9198169708
2013-03-22,124.1186218262,39.6645622253,31.2693691254,80.4948577881,79.4428634644,67.7995834351,155.5500030518,40.9745407104,22.9620857239
2013-03-25,123.6001815796,39.1700668335,31.2395591736,80.4193954468,79.5023345947,67.7995834351,155.2400054932,40.9804420471,22.9789943695
2013-03-26,124.5892715454,39.4173126221,31.6866931915,80.5154418945,79.5840225220,67.8076171875,154.7200012207,41.3339157104,23.1903553009
2013-03-27,124.5892715454,39.2235336304,31.8059215546,81.2014999390,79.9259490967,67.8236618042,155.3600006104,41.4105033875,23.3087120056
2013-03-28,124.9721221924,39.4106292725,31.8729934692,80.7898330688,79.7772598267,67.8316802979,154.4499969482,41.5518875122,23.0889015198
2013-04-01,124.4775848389,38.8827476501,31.5301990509,81.3983306885,79.9893875122,67.8381271362,154.6699981689,41.6756172180,23.0889015198
2013-04-02,125.0918350220,39.2970428467,31.5451049805,81.0683364868,79.8330917358,67.8381271362,152.4299926758,41.8052330017,22.9789943695
2013-04-03,123.8234863281,39.1032524109,31.1724910736,81.7971343994,80.1679840088,67.8300933838,150.7299957275,41.6579322815,22.5900917053
2013-04-04,124.3260498047,39.4507255554,31.0830650330,82.7734146118,80.4880142212,67.8541946411,150.2899932861,42.3354530334,22.5647296906
2013-04-05,123.7676467896,39.2703056335,31.0085468292,84.4441604614,80.7410202026,67.8541946411,152.8099975586,42.5652046204,22.5478191376
2013-04-08,124.6052246094,39.4239959717,31.0607128143,83.7978820801,80.4805755615,67.8381271362,152.1600036621,42.9069023132,22.6154556274
2013-04-09,125.0359725952,39.5643234253,31.3662471771,83.5915679932,80.5103607178,67.8381271362,153.3399963379,42.9127998352,22.7591800690
2013-04-10,126.5675048828,40.1523399353,31.6643428802,82.4434204102,80.1754302979,67.8381271362,150.7500000000,43.1779136658,22.7084560394
2013-04-11,126.9822998047,40.4663925171,31.6941394806,82.6015167236,80.2647705078,67.8381271362,151.0500030518,43.4312324524,22.6154556274
2013-04-12,126.6712036133,40.3661613464,31.2097434998,83.8322067261,80.7112655640,67.8461303711,143.9499969482,43.5372848511,22.3364620209
2013-04-15,123.7357101440,39.5709953308,30.4496288300,84.5609893799,80.8898773193,67.8541946411,131.3099975586,42.6358985901,21.6685638428
2013-04-16,125.5623779297,40.1322708130,31.0756092072,83.8666229248,80.6592407227,67.8541946411,132.8000030518,43.3428764343,21.8968353271
2013-04-17,123.7278060913,39.2970428467,30.5837707520,84.4235305786,80.8080749512,67.8541946411,132.8699951172,42.8833580017,21.5755672455
2013-04-18,122.9540023804,39.1767616272,30.5837707520,84.6297988892,80.8527069092,67.8541946411,134.3000030518,42.8185386658,21.8038349152
2013-04-19,124.0228958130,39.4908180237,31.0309009552,84.4510116577,80.8080749512,67.8541946411,135.4700012207,43.4783668518,21.7531108856
2013-04-22,124.5732955933,39.6578636169,31.1799545288,84.5128707886,80.8527069092,67.8622436523,137.8999938965,43.4194679260,21.8207435608
2013-04-23,125.8576278687,40.2191581726,31.3289871216,84.2172927856,80.8006057739,67.8541946411,136.8800048828,43.6610031128,21.6854743958
2013-04-24,125.9373092651,40.5666198730,31.5152931213,84.4304122925,80.8377609253,67.8622436523,138.3699951172,43.7552680969,21.9221973419
2013-04-25,126.4478836060,40.7804412842,31.7984752655,84.0660095215,80.7485046387,67.8541946411,141.6300048828,43.6079788208,22.2096443176
2013-04-26,126.2245101929,40.8138656616,31.4780311584,84.8360595703,81.0387420654,67.8702774048,140.9100036621,43.4665794373,22.0828323364
2013-04-29,127.0699996948,41.3350524902,31.8059215546,84.5266647339,81.0089874268,67.8863372803,142.3000030518,43.8377532959,22.3787307739
2013-04-30,127.3731536865,41.3885154724,32.2605056763,84.5747985840,80.9940948486,67.8782653809,142.7700042725,44.3502960205,22.2096443176
2013-05-01,126.2563934326,41.1412773132,31.9102573395,85.4436035156,81.2586364746,67.8919067383,141.1100006104,43.9968070984,21.8122901917
2013-05-02,127.4289550781,41.2682304382,32.1636238098,85.3333816528,81.2586364746,67.8839187622,141.9199981689,44.2854995728,22.0912837982
2013-05-03,128.7212219238,41.7961082458,32.4319038391,83.3215026855,80.5656127930,67.8597946167,142.0899963379,44.4622306824,22.3364620209
2013-05-06,129.0482788086,41.7426605225,32.4766235352,83.1147460938,80.4613494873,67.8597946167,142.1499938965,44.6920051575,22.3618278503
2013-05-07,129.7024383545,41.8094749451,32.7076454163,82.7909545898,80.3495330811,67.8597946167,140.3800048828,44.9394264221,22.2857360840
2013-05-08,130.2926177979,42.2504959106,32.9610099792,82.9218521118,80.4464187622,67.8678512573,142.4600067139,44.9630012512,22.3871879578
2013-05-09,129.9257354736,41.8428916931,32.7225494385,82.7082977295,80.4315261841,67.8597946167,140.8099975586,44.6684226990,22.3787307739
2013-05-10,130.3485107422,41.8896636963,32.4691772461,81.8194503784,79.9769363403,67.8517456055,139.6000061035,44.8333854675,22.2772808075
2013-05-13,130.4521789551,41.8696250916,32.1710777283,81.1924591064,79.8353805542,67.8357238770,138.4299926758,45.0454940796,22.1758270264
2013-05-14,131.8002624512,41.9498062134,32.3201370239,80.3104934692,79.5149688721,67.8357238770,137.8099975586,45.2104301453,22.0997371674
2013-05-15,132.5101776123,42.1302261353,32.3275947571,80.8479309082,79.7235794067,67.8437423706,134.6300048828,45.6581840515,22.0490112305
2013-05-16,131.8880310059,41.8428916931,32.2157859802,81.6885299683,80.1036376953,67.8597946167,134.0899963379,45.4225273132,22.0236511230
2013-05-17,133.1642761230,42.1302261353,32.3573799133,80.6550292969,79.6714248657,67.8437423706,131.0700073242,45.6758422852,22.1335582733
2013-05-20,133.1562957764,42.3640899658,32.4393692017,80.5585708618,79.6118621826,67.8517456055,135.1199951172,45.7819061279,22.2772808075
2013-05-21,133.3477478027,42.4509620667,32.3722839355,81.1924591064,79.8204803467,67.8517456055,132.8800048828,46.0411148071,22.1504650116
2013-05-22,132.3586730957,42.0233078003,32.0145797729,79.9866790771,79.1871261597,67.8277053833,131.9400024414,44.9217834473,22.0490112305
2013-05-23,131.9757690430,41.4219245911,31.7761173248,80.3656539917,79.2690811157,67.8437423706,134.6100006104,44.0793037415,22.1504650116
2013-05-24,131.8641357422,41.0610847473,31.5003910065,80.4759063721,79.2988739014,67.8277053833,133.7599945068,43.9673614502,22.0659236908
2013-05-28,132.6537628174,41.1680107117,31.6717872620,78.4364395142,78.3674163818,67.7794723511,133.4900054932,43.5903091431,22.2688274384
2013-05-29,131.7922973633,40.7737770081,31.2693691254,79.3183746338,78.6878433228,67.7794723511,134.8300018311,42.6653556824,22.1251029968
2013-05-30,132.2788391113,40.9341430664,31.2693691254,79.1254806519,78.6953048706,67.7955551147,136.6999969482,42.2647514343,22.1251029968
2013-05-31,130.3804016113,40.1389770508,30.7029991150,78.8567352295,78.4791793823,67.7875289917,133.9199981689,41.6991653442,21.8630161285
2013-06-03,131.0983886719,40.2926597595,31.1575889587,79.2745895386,78.5926055908,67.8092269897,136.5099945068,41.9348335266,22.1335582733
2013-06-04,130.4681396484,40.4396629333,30.7775230408,78.5424728394,78.3911590576,67.8092269897,135.2299957275,41.3515815735,22.2181015015
2013-06-05,128.6414642334,39.5375785828,30.2260665894,79.6268310547,78.7717056274,67.8171844482,135.5200042725,41.0098800659,22.1166477203
2013-06-06,129.8060913086,39.7580871582,30.4794445038,79.5784759521,78.8686904907,67.8092269897,136.5299987793,41.6697235107,22.2011909485
2013-06-07,131.4572906494,40.2926597595,30.3229408264,78.1557006836,78.2568054199,67.8011856079,133.2799987793,41.6756172180,22.2519149780
2013-06-10,131.4572906494,40.3327522278,29.9130744934,77.7827682495,78.0628509521,67.7770614624,133.9400024414,41.3162422180,22.1673736572
2013-06-11,130.1011810303,39.8382873535,29.3467063904,78.7082138062,78.2568054199,67.7690353394,133.2500000000,40.7035255432,21.9729213715
2013-06-12,129.0243530273,39.7915039062,29.1454944611,77.5824432373,77.9061584473,67.7609863281,134.2500000000,40.1497421265,21.9982872009
2013-06-13,130.9866027832,40.3995742798,29.7640304565,78.7980117798,78.4956741333,67.7931213379,133.7400054932,41.1925201416,22.1420097351
2013-06-14,130.1650543213,39.9585609436,29.2945384979,78.6115264893,78.6001129150,67.8413696289,134.4299926758,41.3457107544,22.2350082397
2013-06-17,131.1701507568,40.5332183838,29.5628108978,78.1971969604,78.4135131836,67.8413696289,133.7700042725,41.4635200500,22.2857360840
2013-06-18,132.2070922852,40.8205337524,29.6895122528,78.2385635376,78.3688125610,67.8413696289,132.1300048828,41.6756172180,22.3280067444
2013-06-19,130.3804016113,40.0587882996,28.7728862762,77.4305267334,77.2943496704,67.7609863281,130.5899963379,40.3971824646,22.3618278503
2013-06-20,127.1498413086,38.5887413025,27.4836578369,76.1596832275,76.9436416626,67.7529220581,123.5999984741,38.7181396484,21.6347465515
2013-06-21,127.5579757690,38.7156982422,27.8786220551,74.8681945801,76.1303100586,67.6966857910,125.0500030518,39.2424697876,21.4994773865
2013-06-24,125.9461669922,38.1076316833,27.3122615814,75.1789169312,75.9437789917,67.6645660400,123.9300003052,39.0646438599,21.4064807892
2013-06-25,127.1570663452,38.5954284668,27.8935317993,74.5090255737,75.8542251587,67.6565399170,123.4700012207,39.7188873291,21.4233875275
2013-06-26,128.4160003662,38.7491073608,28.3332004547,74.9924392700,76.1601638794,67.6886825562,118.2799987793,40.3195991516,21.3642082214
2013-06-27,129.1698455811,39.1390762329,28.9017295837,75.7591476440,76.5705566406,67.7288894653,115.9400024414,41.1285018921,21.3557529449
2013-06-28,128.6405029297,39.0640869141,29.0678272247,76.2770614624,76.4809799194,67.7208099365,119.1100006104,40.8727416992,21.2458477020
2013-07-01,129.3943634033,39.4322204590,29.1584300995,76.4307327271,76.5101318359,67.7505416870,121.1299972534,40.7835311890,21.3811206818
2013-07-02,129.2741088867,39.2345123291,28.6374797821,76.3823089600,76.5400161743,67.7585601807,120.0500030518,41.4080467224,21.4656620026
2013-07-03,129.3301849365,39.2481498718,28.3732261658,76.1538314819,76.3905715942,67.7505416870,120.7399978638,41.1344566345,21.6601123810
2013-07-05,130.7255096436,39.4322204590,28.1920223236,73.5579681396,75.1054763794,67.6782226562,118.0899963379,40.9381561279,21.6093845367
2013-07-08,131.4712066650,39.6776504517,28.2297821045,74.2709426880,75.5463027954,67.7263946533,119.5100021362,40.9797897339,21.7192916870
2013-07-09,132.4174499512,39.8958053589,28.5997238159,74.3471069336,75.6733398438,67.7184066772,120.6200027466,41.5626792908,21.8545627594
2013-07-10,132.4655914307,40.0117034912,28.3279190063,73.7656860352,75.4043197632,67.7184066772,120.9499969482,41.5805206299,21.9221973419
2013-07-11,134.2698669434,41.0479545593,29.7171325684,74.6309280396,76.1589813232,67.7746582031,124.2399978638,42.5856857300,22.0321063995
2013-07-12,134.3259735107,40.7752647400,29.4000396729,74.5686569214,76.0992279053,67.7344589233,124.1299972534,42.3239784241,22.1166477203
2013-07-15,134.8392333984,41.0275039673,29.7020359039,74.9631958008,76.3383178711,67.7666473389,124.1800003052,42.5024375916,22.0574684143
2013-07-16,134.3339996338,41.0002403259,29.8228397369,75.2193069458,76.3755950928,67.7746582031,124.8899993896,42.5321388245,22.0828323364
2013-07-17,134.6788787842,41.1229400635,30.0946426392,75.3577651978,76.7118682861,67.7988357544,123.3199996948,42.6867942810,22.0659236908
2013-07-18,135.4165954590,41.3956527710,29.7397880554,74.4163208008,76.3532180786,67.7907104492,124.0100021362,43.0496101379,22.1589202881
2013-07-19,135.6571350098,41.3615608215,29.6567440033,75.5931777954,76.7717056274,67.8228988647,125.1100006104,43.0198745728,22.1758270264
2013-07-22,135.9217987061,41.5933532715,29.9511928558,75.7038955688,76.7641830444,67.8228988647,128.8399963379,43.1507301331,22.1589202881
2013-07-23,135.6331024170,41.6819877625,30.2758541107,75.3855133057,76.6745300293,67.8148269653,129.7100067139,43.1031341553,22.1927375793
2013-07-24,135.1359405518,41.6274452209,29.9662914276,74.4301986694,76.1589813232,67.7826385498,127.4800033569,42.2645072937,22.0151958466
2013-07-25,135.4646911621,41.7092514038,30.1399421692,74.4024734497,76.2710571289,67.8228988647,128.6699981689,42.3299293518,21.9898319244
2013-07-26,135.6090545654,41.4501953125,30.0719909668,74.8593978882,76.3383178711,67.8309326172,128.7799987793,42.3656196594,21.8545627594
2013-07-29,135.1920166016,41.0547752380,29.6944885254,74.3125076294,76.1813964844,67.8228988647,128.4700012207,42.0504035950,21.8461074829
2013-07-30,135.1920166016,41.0479545593,29.6265449524,74.2848205566,76.1589813232,67.8309326172,128.1199951172,41.9254837036,21.7700176239
2013-07-31,135.2883148193,41.1434097290,29.4528865814,74.5547637939,76.2112655640,67.8309326172,127.9599990845,41.2414970398,21.9221973419
2013-08-01,136.8519744873,41.7024383545,29.9889469147,73.1182861328,75.5386428833,67.8051681519,126.6100006104,41.0809097290,21.9729213715
2013-08-02,137.0845031738,42.0433082581,29.9813919067,73.9232330322,76.1820983887,67.8534317017,126.3600006104,40.8786964417,21.8883800507
2013-08-05,136.8840484619,41.9546852112,29.7926368713,73.3542480469,75.9426345825,67.8454055786,125.6999969482,40.8489494324,21.7784709930
2013-08-06,136.1061859131,41.8933219910,29.4151306152,73.5693283081,75.9651031494,67.8373641968,123.9700012207,40.7062110901,21.6009292603
2013-08-07,135.6651611328,41.7092514038,29.0980262756,74.1175689697,76.2419815063,67.8534317017,124.1500015259,40.5991477966,21.4572067261
2013-08-08,136.1623229980,42.0842170715,29.6567440033,74.3188018799,76.3542175293,67.8534317017,126.8600006104,40.6169929504,21.5671138763
2013-08-09,135.7693939209,42.1592102051,29.7171325684,74.4368438721,76.4065399170,67.8373641968,126.8600006104,40.9738578796,21.7192916870
2013-08-12,135.6090545654,42.0433082581,29.9964942932,73.9302215576,76.2569274902,67.8373641968,129.1300048828,40.6824264526,21.9813785553
2013-08-13,136.0099945068,42.3160133362,30.1776924133,72.8614425659,75.5685882568,67.8051681519,127.7399978638,40.1233291626,21.9729213715
2013-08-14,135.3123626709,42.3364562988,30.2758541107,72.9725112915,75.6359024048,67.8051681519,129.0000000000,39.9686927795,22.1504650116
2013-08-15,133.4198303223,41.9819526672,29.9285507202,71.9870300293,75.2168884277,67.7811203003,131.6900024414,39.2371330261,22.3618278503
2013-08-16,132.9788055420,42.0569381714,29.6718406677,71.7372207642,74.9251327515,67.7891082764,132.5800018311,38.2735900879,22.3702774048
2013-08-19,132.1288299561,41.7569808960,29.1131362915,71.1126022339,74.6034240723,67.7730255127,132.0099945068,37.7680282593,22.3449153900
2013-08-20,132.7782897949,41.7024383545,29.0602893829,71.6608734131,75.0074310303,67.7891082764,132.4499969482,38.6245079041,22.3026447296
2013-08-21,131.9604034424,41.2115707397,28.3807792664,70.8766937256,74.5360412598,67.7488937378,132.0700073242,38.5352859497,22.2772808075
2013-08-22,133.1632232666,41.6138153076,28.8413333893,71.5983886719,74.5061340332,67.7248306274,132.8099975586,38.7672576904,22.2857360840
2013-08-23,133.6123809814,41.9751358032,29.1810855865,72.3756866455,74.9251327515,67.7248306274,134.8999938965,39.1716995239,22.4632759094
2013-08-26,133.1150970459,41.6683425903,28.8639812469,72.7365417480,75.0747833252,67.7488937378,135.4499969482,39.0586891174,22.5900917053
2013-08-27,130.9740600586,40.9593315125,28.1995716095,73.6526184082,75.5012435913,67.7811203003,136.7500000000,38.8683586121,22.8099079132
2013-08-28,131.4391479492,40.9116096497,28.2599735260,73.0558013916,75.1944427490,67.7408370972,136.7100067139,38.6304397583,22.8437252045
2013-08-29,131.6477203369,40.8434371948,28.4864749908,73.6387481689,75.2692871094,67.7570266724,135.8699951172,38.6899375916,22.6070003510
2013-08-30,131.2306671143,40.3389396667,28.7054233551,73.5554656982,75.1271591187,67.7650146484,134.6199951172,38.3628044128,22.5393676758
2013-09-03,131.8240509033,41.1161346436,28.8866310120,72.5179824829,74.7007598877,67.7393035889,136.4199981689,38.0297355652,22.6577262878
2013-09-04,132.9146575928,41.4842758179,29.4000396729,72.3579483032,74.4534912109,67.6749496460,134.6600036621,38.3568572998,22.4632759094
2013-09-05,133.0830230713,41.4501953125,29.7473392487,71.3490142822,73.8839645386,67.6106338501,132.1999969482,37.9524154663,22.4125518799
2013-09-06,133.1472320557,41.6751594543,30.1852397919,71.7038955688,74.3335647583,67.6749496460,134.1499938965,38.5412368774,22.5393676758
2013-09-09,134.4222106934,42.2478294373,30.9780025482,71.7386550903,74.4834594727,67.6910400391,133.9100036621,39.3441696167,22.3956413269
2013-09-10,135.4165954590,42.7250595093,31.2120552063,71.2377014160,74.1387634277,67.6669311523,131.7400054932,39.3144378662,22.1927375793
2013-09-11,135.8415985107,42.8750419617,31.2347068787,71.8709182739,74.5134429932,67.6990509033,131.6999969482,39.6296691895,22.2265548706
2013-09-12,135.4807128906,42.6296043396,30.8723125458,71.7734832764,74.5209274292,67.6990509033,127.6699981689,39.3739204407,22.3364620209
2013-09-13,135.7854766846,42.8341369629,31.0761528015,72.0517807007,74.6183547974,67.6990509033,127.8199996948,39.4869194031,22.2688274384
2013-09-16,136.5713653564,43.1681900024,31.4234600067,71.5716781616,74.7831726074,67.7473144531,126.4499969482,39.8794708252,21.9898319244
2013-09-17,137.1807098389,43.1954650879,31.3555107117,72.1631011963,74.9330444336,67.7714843750,126.5000000000,39.8556861877,21.7615642548
2013-09-18,138.7685546875,44.3475990295,32.6692199707,73.0537567139,75.8622283936,67.8598937988,132.0099945068,41.2058105469,22.2350082397
2013-09-19,138.5359802246,44.1362762451,32.4955787659,72.6223754883,75.5999755859,67.8357696533,131.7500000000,41.1701316833,22.1504650116
2013-09-20,137.5674438477,43.8158493042,31.7707614899,73.0050659180,75.6748809814,67.8437728882,127.9599990845,40.4980316162,21.9475593567
2013-09-23,136.9307861328,43.8022117615,31.8840084076,73.5408630371,75.9596557617,67.8598937988,127.5500030518,40.2207298279,21.7869300842
2013-09-24,136.6084594727,43.7340431213,31.6122035980,74.3341064453,76.2368850708,67.8679275513,127.6600036621,39.9146194458,21.7784709930
2013-09-25,136.2135620117,43.7817573547,31.3706150055,74.4871902466,76.4466934204,67.8920364380,128.7899932861,40.0466690063,21.8122901917
2013-09-26,136.7373809814,43.9658317566,31.4989681244,73.9653091431,76.2818908691,67.8598937988,127.7900009155,40.2927589417,21.9813785553
2013-09-27,136.1089172363,43.8090324402,31.1290016174,74.1462326050,76.3867645264,67.9000244141,128.9700012207,40.1246948242,21.8714714050
2013-09-30,135.3836364746,43.4954261780,30.7741470337,74.0348510742,76.5141296387,67.9161529541,128.1799926758,39.6985359192,21.7784709930
2013-10-01,136.4553985596,43.7272224426,31.3857078552,73.8102035522,76.3438110352,67.8984832764,124.5899963379,40.2747535706,21.6347465515
2013-10-02,136.3264770508,43.7135925293,31.5065097809,73.9218750000,76.4713745117,67.9065093994,127.0599975586,40.3347778320,21.8461074829
2013-10-03,135.0693817139,43.4272537231,31.3857078552,73.8032913208,76.5764312744,67.9065093994,127.1800003052,39.6325187683,21.8122901917
2013-10-04,136.0927581787,43.5295219421,31.7934112549,73.7474441528,76.3662872314,67.8823928833,126.5299987793,39.5545043945,21.8799228668
2013-10-07,134.9163360596,43.0795669556,31.5216064453,74.0474090576,76.4338760376,67.8823928833,127.6399993896,39.7345542908,22.0321063995
2013-10-08,133.3449401855,42.7455101013,31.2196063995,74.0683441162,76.3963394165,67.8260421753,127.4000015259,39.3024024963,22.1081943512
2013-10-09,133.4416656494,42.9295806885,31.4536609650,73.4753417969,76.2612228394,67.8502197266,126.1100006104,39.3083992004,21.9475593567
2013-10-10,136.3183746338,43.6999473572,32.1935768127,73.5939865112,76.0961456299,67.8502197266,124.2699966431,40.3107643127,22.2265548706
2013-10-11,137.1966705322,43.9317474365,32.3370208740,73.5730209351,76.2087326050,67.8502197266,122.5999984741,40.7129249573,22.1081943512
2013-10-14,137.7446899414,44.0817298889,32.5257720947,72.9800186157,75.9535369873,67.8260421753,122.8300018311,40.7369194031,22.0997371674
2013-10-15,136.7454528809,43.8703842163,32.2086715698,72.9312210083,75.9686431885,67.8502197266,123.7300033569,40.5868644714,22.0236511230
2013-10-16,138.6552581787,44.1976280212,32.4653701782,73.8451232910,76.3362731934,67.8743362427,123.5400009155,41.3491439819,22.1927375793
2013-10-17,139.5819396973,44.7839241028,32.6692199707,74.5148315430,76.7715606689,67.8984832764,127.4199981689,41.9733810425,22.0743751526
2013-10-18,140.5247039795,45.0498123169,32.6994209290,74.6752853394,76.7790298462,67.8984832764,126.8499984741,41.9313697815,22.2011909485
2013-10-21,140.5327301025,45.1179885864,32.6465759277,74.4380874634,76.7265243530,67.8984832764,126.9800033569,41.6792602539,22.1504650116
2013-10-22,141.3466033936,45.5679435730,32.9636802673,75.2682876587,77.2593307495,67.9548187256,129.3399963379,42.0634155273,22.1251029968
2013-10-23,140.6697235107,45.1248016357,32.1935768127,75.5612640381,77.3944015503,67.9306488037,128.6900024414,42.1414375305,21.7869300842
2013-10-24,141.1371307373,45.4384078979,32.1256141663,75.2682876587,77.2368087769,67.9225921631,129.8999938965,42.1294403076,21.7953815460
2013-10-25,141.7817535400,45.3088836670,32.2766113281,75.5473480225,77.3718795776,67.9386978149,130.4600067139,42.6456298828,21.8630161285
2013-10-28,142.0073699951,45.2338829041,32.4653701782,75.2891998291,77.2968292236,67.9548187256,130.5599975586,42.3395118713,21.9475593567
2013-10-29,142.7648773193,45.3293266296,32.5710716248,75.3868713379,77.4019165039,67.9548187256,129.7700042725,42.0934219360,21.8883800507
2013-10-30,142.0556945801,45.1657104492,32.3898696899,74.9334564209,77.1993026733,67.9548187256,129.6000061035,41.7392959595,21.9560127258
2013-10-31,141.6528015137,44.9134635925,32.0576667786,75.0938339233,77.1092453003,67.9627990723,127.7399978638,41.4931907654,21.7700176239
2013-11-01,141.9912414551,44.6952972412,32.0727653503,74.2810440063,76.6815948486,67.9378738403,126.9499969482,41.7092933655,21.4994773865
2013-11-04,142.4909667969,44.9134635925,32.2690658569,74.3510131836,76.8318862915,67.9539566040,126.8099975586,41.7873229980,21.4064807892
2013-11-05,142.0396270752,44.5248641968,31.6197586060,73.4626007080,76.4861450195,67.9539566040,126.5599975586,41.1030578613,21.3472995758
2013-11-06,142.7648773193,44.9134635925,31.7179126740,73.4976043701,76.7191390991,67.9700851440,127.1999969482,41.0430412292,21.3642082214
2013-11-07,140.9598388672,44.2044410706,31.1440982819,74.1201629639,76.9220733643,67.9861526489,126.1600036621,40.5328407288,21.2120323181
2013-11-08,142.8615875244,44.4635086060,31.0761528015,72.3364257812,76.0577163696,67.9378738403,124.2799987793,39.9866561890,21.3303909302
2013-11-11,142.8856964111,44.5589523315,30.9176006317,72.0636291504,76.0200958252,67.9539566040,123.8700027466,40.0286560059,21.4233875275
2013-11-12,142.5956268311,44.4089660645,30.7514972687,72.3993835449,75.9524612427,67.9378738403,122.4499969482,39.8485946655,21.2796649933
2013-11-13,143.7398681641,44.5521278381,30.8043537140,72.6651840210,76.2681884766,67.9378738403,122.8499984741,40.1066856384,21.3726634979
2013-11-14,144.4570770264,44.7566757202,31.3026599884,73.1128387451,76.6364822388,67.9780883789,124.2699966431,40.3887901306,21.4656620026
2013-11-15,145.0856018066,45.1179885864,31.8991203308,73.2597961426,76.5763549805,67.9780883789,124.3199996948,40.5388603210,21.4318447113
2013-11-18,144.5779113770,45.1179885864,32.1860122681,73.7004852295,76.8469772339,68.0102462769,122.9000015259,40.2867584229,21.2881183624
2013-11-19,144.2636413574,45.0020904541,31.9897251129,73.1408004761,76.5613327026,67.9861526489,122.9499969482,40.0046577454,21.2542991638
2013-11-20,143.8124237061,44.6884841919,31.5518131256,71.8957672119,76.1403808594,67.9941711426,120.1200027466,39.5184707642,21.2712097168
2013-11-21,144.9727783203,44.9679985046,31.5216064453,72.0146636963,76.2080764771,68.0263366699,119.9400024414,39.8246002197,21.5417499542
2013-11-22,145.6980133057,45.0975303650,31.7481060028,72.6861953735,76.4259643555,68.0102462769,119.9199981689,39.6685371399,21.6093845367
2013-11-25,145.5529479980,44.9611778259,31.3404102325,72.8960113525,76.4861450195,68.0102462769,120.4599990845,39.4824562073,21.5840225220
2013-11-26,145.5932159424,44.9611778259,31.4461078644,73.1688232422,76.6515274048,68.0183029175,119.8199996948,39.3444061279,21.5755672455
2013-11-27,145.9477691650,45.0702667236,31.6499519348,73.0429077148,76.4786758423,68.0183029175,119.4599990845,39.6805305481,21.5755672455
2013-11-29,145.8510589600,45.1588859558,31.9746170044,73.0638885498,76.4335556030,68.0263366699,120.6999969482,39.3144035339,21.5671138763
2013-12-02,145.4723663330,44.8248329163,31.3026599884,72.4955596924,76.1053161621,67.9853057861,117.5800018311,39.0863227844,21.5417499542
2013-12-03,144.8438262939,44.5112380981,31.1969490051,72.7622375488,76.2407836914,68.0014038086,117.9599990845,39.0082893372,21.6685638428
2013-12-04,144.8277130127,44.2726249695,31.1592082977,72.0676651001,75.8944702148,67.9853057861,119.9599990845,39.1523513794,21.7108383179
2013-12-05,144.1910705566,44.0203781128,30.9780025482,71.8641891479,75.7062530518,67.9933242798,118.3000030518,39.2904090881,21.6854743958
2013-12-06,145.8027343750,44.5657768250,31.6650676727,72.2079391479,75.7740478516,67.9692459106,118.5500030518,39.5724983215,21.7615642548
2013-12-09,146.1734161377,44.5180511475,31.7103614807,72.3763427734,75.8643646240,67.9692459106,119.7200012207,39.7645683289,21.6854743958
2013-12-10,145.6495819092,44.4430656433,31.7254543304,72.8955230713,76.1806182861,67.9933242798,121.8199996948,39.6625289917,21.7531108856
2013-12-11,144.0138549805,44.0271987915,31.0233097076,72.3342514038,75.8869628906,67.9692459106,120.8600006104,38.7501907349,21.7531108856
2013-12-12,143.5384216309,43.7067680359,30.8421039581,72.0606155396,75.6686401367,67.9450836182,118.2900009155,38.5341186523,21.5502052307
2013-12-13,143.5223236084,43.6795043945,30.9176006317,72.4114074707,75.7815246582,67.9612045288,119.3799972534,38.6301460266,21.4656620026
2013-12-16,144.4167785645,43.9931068420,31.1214561462,72.1448364258,75.7439346313,67.9612045288,119.6900024414,38.7621955872,21.5332946777
2013-12-17,143.9574127197,43.8022117615,30.8496551514,72.4675369263,75.9848175049,67.9772720337,118.6500015259,38.9422645569,21.4318447113
2013-12-18,146.4151763916,44.4912414551,31.4636802673,72.1027221680,75.6987762451,67.9772720337,117.6100006104,39.6325187683,21.4741153717
2013-12-19,146.2459106445,44.4912414551,30.8847026825,72.0325393677,75.3825454712,67.9370727539,114.8199996948,39.0863227844,21.5248394012
2013-12-20,147.0965728760,44.7456665039,30.8389797211,73.1410751343,75.6159439087,67.9129257202,115.9400024414,39.3264122009,21.6939258575
2013-12-23,147.8824920654,45.2064056396,31.0675315857,72.7271194458,75.3750305176,67.9048385620,115.5699996948,39.4044456482,21.6939258575
2013-12-24,148.2065734863,45.2958030701,31.2503757477,72.1448364258,75.0814132690,67.8807067871,116.0999984741,39.4397888184,21.7615642548
2013-12-26,148.9600219727,45.5433540344,30.9837303162,71.8667984009,75.0165863037,67.8734512329,116.7399978638,39.4702682495,21.7953815460
2013-12-27,148.9519348145,45.7771606445,31.4636802673,71.6626663208,74.9713287354,67.9056777954,117.1200027466,39.5556106567,21.8545627594
2013-12-30,148.9276275635,45.9697036743,31.6008148193,72.1553421021,75.1749267578,67.9217987061,115.3899993896,39.5678100586,21.7277469635
2013-12-31,149.6324920654,46.1416091919,31.8446044922,71.6978302002,74.8356170654,67.9056777954,116.1200027466,39.3544425964,21.6939258575
2014-01-02,148.1984710693,45.3233108521,30.6180496216,71.9160079956,75.1297225952,67.9378814697,118.0000000000,39.3605384827,21.3811206818
2014-01-03,148.1741638184,45.3714561462,30.5647277832,71.9160079956,75.0844573975,67.9137420654,119.2900009155,39.5799980164,21.2458477020
2014-01-06,147.7447662354,45.3164329529,30.2752361298,72.2187194824,75.2955780029,67.9217987061,119.5000000000,39.7811622620,21.2712097168
2014-01-07,148.6521759033,45.5708541870,30.4047470093,72.4017105103,75.4162445068,67.9217987061,118.8199996948,39.9579277039,21.2542991638
2014-01-08,148.6845855713,45.5571060181,30.3056983948,72.2046127319,75.0467529297,67.8574447632,118.1200027466,39.7628784180,21.0513954163
2014-01-09,148.7817993164,45.5227241516,30.1457214355,72.6269683838,75.2427673340,67.8734512329,118.4599990845,39.7628784180,20.8823089600
2014-01-10,149.1869201660,45.9421882629,30.6789989471,73.4927749634,75.8762283325,67.9378814697,120.2600021362,40.3053894043,21.0175781250
2014-01-13,147.2019042969,45.5433540344,30.3133220673,73.8587799072,76.0949249268,67.9539413452,121.0199966431,40.0371856689,21.0091247559
2014-01-14,148.8061218262,45.9078140259,30.6409072876,73.5209045410,75.8083572388,67.9378814697,119.8899993896,40.3297805786,21.0091247559
2014-01-15,149.6081848145,46.1003532410,30.6332931519,73.4434432983,75.7404937744,67.9137420654,119.6600036621,40.6345634460,21.0683040619
2014-01-16,149.4137725830,46.0797271729,30.4656982422,73.9362030029,75.9516525269,67.9298324585,119.7900009155,40.7077178955,21.0344867706
2014-01-17,148.7817993164,45.9421882629,30.3133220673,74.2459106445,76.1326446533,67.9298324585,120.9300003052,40.4699783325,21.0598506927
2014-01-21,149.2192993164,46.1622390747,30.2676105499,74.3022308350,76.0496749878,67.9217987061,119.6999969482,40.8357276917,21.1105766296
2014-01-22,149.3165588379,46.1622390747,30.6713829041,74.1192092896,75.8385009766,67.8895797729,119.1900024414,41.0125045776,21.2120323181
2014-01-23,148.0931549072,45.8527984619,29.9171695709,75.1679916382,76.3512878418,67.9539413452,121.7900009155,40.9149665833,21.1951217651
2014-01-24,144.9333953857,44.5943908691,29.1324844360,75.6536941528,76.6604995728,67.9781188965,122.2900009155,40.4029235840,21.2035732269
2014-01-27,144.2204742432,44.3880958557,29.0182018280,75.1258010864,76.4267196655,67.9700927734,120.9599990845,40.0920372009,21.0598506927
2014-01-28,145.0793151855,44.7731781006,29.2010440826,75.3087921143,76.5397796631,67.9700927734,120.9499969482,40.4273109436,21.1613044739
2014-01-29,143.6857910156,44.2711982727,28.7820339203,75.9281921387,76.9017715454,68.0183639526,122.4700012207,40.2078590393,21.1443939209
2014-01-30,145.2089233398,44.4981269836,29.0486869812,75.7100067139,76.8263626099,68.0102539062,119.7699966431,40.8174552917,21.0598506927
2014-01-31,144.3582153320,43.7417030334,29.0943927765,76.2167587280,77.1279830933,68.0425033569,120.0899963379,41.0368919373,21.0344867706
2014-02-03,141.1093597412,42.8477516174,28.2716083527,77.1455001831,77.5472793579,68.0610427856,121.3199996948,40.3846397400,21.0344867706
2014-02-04,142.0978240967,43.3428649902,28.8429870605,76.3269271851,77.3130722046,68.0690765381,120.9899978638,40.8722991943,21.1951217651
2014-02-05,141.9196014404,43.4322547913,28.7363262177,75.6211853027,77.0335617065,68.0368728638,121.2900009155,40.7869644165,21.2373962402
2014-02-06,143.7910766602,44.2024192810,29.3381729126,75.2965698242,76.8901138306,68.0449295044,121.2399978638,41.0856513977,21.3219356537
2014-02-07,145.5734863281,44.7800559998,29.5057792664,75.3600692749,77.0939865112,68.0610427856,122.1699981689,41.3965377808,21.5671138763
2014-02-10,145.8408813477,44.6287727356,29.1781959534,75.5718002319,77.1317672729,68.0449295044,122.9199981689,41.7866744995,21.4487533569
2014-02-11,147.4369354248,45.3370628357,29.8105049133,75.1342773438,76.7918624878,68.0287933350,124.3600006104,41.9512481689,21.5586585999
2014-02-12,147.5098419189,45.4127006531,29.8181304932,74.7461547852,76.6105499268,67.9965972900,124.4300003052,41.9756278992,21.6009292603
2014-02-13,148.2713623047,45.5502243042,29.8486042023,75.1695556641,76.9731521606,68.0368728638,125.4899978638,42.1341323853,21.7192916870
2014-02-14,149.0897064209,45.7221412659,30.2142868042,75.2118988037,76.9202575684,68.0368728638,127.1500015259,42.2987213135,21.7953815460
2014-02-18,149.2679138184,46.1141090393,29.9323997498,75.3813018799,77.1091384888,68.0610427856,127.4000015259,42.5059852600,22.1081943512
2014-02-19,148.2794952393,45.8046722412,29.7267169952,75.0636749268,76.9580230713,68.0368728638,126.2699966431,42.4816017151,22.1673736572
2014-02-20,149.1544799805,45.9628219604,29.8333663940,74.8802719116,76.8749313354,68.0449295044,127.5999984741,42.3901596069,22.2096443176
2014-02-21,148.9843597412,46.0522155762,30.0390625000,75.2754287720,76.9731521606,68.0529403687,127.5800018311,42.4937896729,22.1504650116
2014-02-24,149.8107299805,46.4510650635,30.0390625000,75.0848846436,76.8976593018,68.0529403687,128.9900054932,42.5974159241,22.2434616089
2014-02-25,149.7540740967,46.3410339355,29.6962375641,75.7552947998,77.1619491577,68.0449295044,129.2100067139,42.7376136780,22.1420097351
2014-02-26,149.7621154785,46.1828842163,29.7190914154,76.1574707031,77.3886032104,68.0770874023,128.1100006104,42.8351478577,22.0828323364
2014-02-27,150.5480041504,46.3410339355,30.2828521729,76.5739059448,77.4792633057,68.0690765381,128.1999969482,42.7193336487,22.0151958466
2014-02-28,150.9287872314,46.4235572815,30.0771560669,76.6161804199,77.4037628174,68.0690765381,127.6200027466,43.1155662537,22.0912837982
2014-03-03,149.8674621582,45.4402122498,29.5438671112,77.1276626587,77.7865447998,68.1076812744,130.2899932861,43.1399497986,22.3956413269
2014-03-04,151.9739074707,46.3410339355,30.0466823578,75.9675521851,77.1888656616,68.0513381958,128.6799926758,43.7617073059,22.3110980988
2014-03-05,152.1116485596,46.2997703552,30.0695438385,76.1302261353,77.2720413208,68.0754241943,128.8899993896,43.7068519592,22.1251029968
2014-03-06,152.4600524902,46.7811279297,30.4961566925,75.3803939819,76.9391555786,68.0352172852,130.1699981689,43.3411140442,22.3280067444
2014-03-07,152.5248413086,46.5267028809,30.1076335907,74.9064483643,76.6062316895,67.9869232178,129.0899963379,42.8717384338,22.2265548706
2014-03-10,152.4438018799,46.2378959656,29.9019298553,75.0125350952,76.6894760132,67.9949569702,129.1300048828,42.6461677551,22.0405597687
2014-03-11,151.6903686523,45.9009399414,29.5667324066,75.2106018066,76.7651596069,67.9949569702,129.8600006104,42.9143905640,22.0490112305
2014-03-12,151.7309112549,45.7290267944,29.6276779175,75.7341079712,77.0678024292,68.0191650391,131.7599945068,43.0424041748,21.9898319244
2014-03-13,150.0294647217,44.8763313293,29.0943927765,76.7527618408,77.5217285156,68.0594024658,132.2100067139,42.8412475586,21.8883800507
2014-03-14,149.6081848145,44.7800559998,29.2543735504,76.7668914795,77.5293502808,68.0432891846,133.1000061035,42.9509735107,22.0067424774
2014-03-17,150.9611358643,45.3439331055,29.6124343872,76.1939010620,77.2190856934,68.0191650391,131.6399993896,43.0424041748,21.7615642548
2014-03-18,152.0386810303,45.6258659363,30.0238323212,76.4697799683,77.4082641602,68.0352172852,130.6199951172,43.1704254150,21.8714714050
2014-03-19,151.2285003662,45.0688743591,29.3838806152,75.8755264282,76.6894760132,67.9225387573,128.0899963379,42.3535766602,21.8630161285
2014-03-20,152.1116485596,44.8969535828,29.5134010315,75.7411727905,76.7045974731,67.9305419922,127.8600006104,42.4267272949,21.7615642548
2014-03-21,151.5216674805,44.8075637817,29.6962375641,76.5617675781,76.8484115601,67.9386520386,128.4700012207,42.8168601990,21.7784709930
2014-03-24,150.8950500488,44.9244651794,29.9857254028,77.1063995361,76.8786239624,67.9063949585,126.1800003052,42.5364570618,21.7700176239
2014-03-25,151.6111755371,45.4127006531,30.3285579681,76.8163909912,76.8332366943,67.9144897461,126.4100036621,42.9248237610,21.9137420654
2014-03-26,150.5207977295,45.4058265686,30.3971233368,77.4177017212,77.1585998535,67.9627685547,125.4100036621,42.4401245117,21.8968353271
2014-03-27,150.2033691406,45.6327514648,30.7932796478,77.8067626953,77.2342453003,67.9547271729,124.5899963379,42.7100906372,22.0912837982
2014-03-28,150.9439086914,45.9765815735,31.0370616913,77.3682022095,76.9618377686,67.9547271729,124.5599975586,42.9678001404,22.0997371674
2014-03-31,152.1808013916,46.2103843689,31.2427635193,77.1771392822,76.9694595337,67.9949569702,123.6100006104,43.3297958374,22.0828323364
2014-04-01,153.1899108887,46.5060729980,31.6084384918,76.5176544189,76.8101959229,67.9555511475,123.3899993896,43.5261230469,21.8122901917
2014-04-02,153.7025604248,46.5954666138,31.6693820953,76.0778961182,76.4767608643,67.9313430786,124.3199996948,43.5629425049,21.7615642548
2014-04-03,153.4991302490,46.4648208618,31.5474853516,76.4112014771,76.5297775269,67.9474258423,123.9199981689,43.4709091187,21.9391059875
2014-04-04,151.6844329834,46.3203926086,31.4636802673,76.9218750000,76.9997863770,68.0038452148,125.5699996948,43.6181640625,22.0405597687
2014-04-07,150.0080718994,46.1003532410,31.6008148193,77.3828430176,77.1817092896,68.0118637085,124.9100036621,43.7592811584,21.9898319244
2014-04-08,150.6265411377,46.0728530884,31.9664974213,77.5672912598,77.2878265381,68.0199737549,126.0899963379,44.0292510986,22.2434616089
2014-04-09,152.2459411621,46.6642379761,32.2102851868,77.1842956543,77.2650222778,68.0521469116,126.3199996948,43.9188079834,22.3026447296
2014-04-10,149.0478668213,45.8390541077,31.8674545288,77.9006042480,77.5910186768,68.0924148560,127.0100021362,43.5016021729,22.3110980988
2014-04-11,147.7050933838,45.5639877319,31.8674545288,78.5317535400,77.7501907349,68.0843734741,126.9300003052,43.2377624512,22.2096443176
2014-04-14,148.8688507080,45.8253021240,31.7989044189,78.3261337280,77.6288681030,68.0763397217,127.8499984741,43.4954605103,22.4125518799
2014-04-15,149.8941497803,45.6327514648,31.3189449310,78.8155136108,77.7198638916,68.0763397217,125.4899978638,44.0108489990,22.4294605255
2014-04-16,151.4646759033,46.1966247559,31.7150974274,78.9147567749,77.5985794067,68.0521469116,125.5400009155,44.2930755615,22.4717311859
2014-04-17,151.6763000488,46.4373092651,32.0045928955,78.0495147705,77.1589965820,68.0360412598,124.7500000000,44.0353889465,22.5224552155
2014-04-21,152.2052001953,46.4992027283,31.8065090179,77.9857177734,77.1437530518,68.0360412598,124.2399978638,44.2869606018,22.4463672638
2014-04-22,152.8968963623,46.6917381287,31.7227039337,78.2481155396,77.1134796143,68.0038452148,123.7799987793,44.3851242065,22.4379158020
2014-04-23,152.5388641357,46.5817184448,31.4941577911,78.6949005127,77.3105621338,68.0360412598,123.7600021362,44.2071914673,22.4210033417
2014-04-24,152.8480834961,46.5748367310,31.5246315002,78.8438415527,77.2878265381,68.0199737549,124.5599975586,44.3912429810,22.5562744141
2014-04-25,151.5948944092,46.3479118347,31.0980110168,78.9573135376,77.3939666748,68.0279235840,125.4300003052,44.2194595337,22.4632759094
2014-04-28,152.0750427246,46.4923171997,31.2503757477,78.5743637085,77.2802047729,68.0279235840,124.8799972534,44.5630683899,22.3871879578
2014-04-29,152.7830352783,46.7948875427,31.5474853516,78.4679641724,77.3484497070,68.0199737549,124.8600006104,44.5937156677,22.4463672638
2014-04-30,153.2386932373,46.9805450439,31.4865417480,78.7941665649,77.5531158447,68.0682601929,124.2200012207,44.7532501221,22.3280067444
2014-05-01,153.2549743652,47.1112136841,31.5246315002,79.6395416260,77.7764053345,68.0690536499,123.8000030518,44.9434623718,22.1589202881
2014-05-02,153.0352020264,47.0355644226,31.6998653412,80.1300811768,77.8902969360,68.0610122681,125.0599975586,44.9311943054,22.2181015015
2014-05-05,153.3282623291,47.0011940002,31.5246315002,79.6466217041,77.8446960449,68.0690536499,126.2200012207,45.0232200623,22.1673736572
2014-05-06,151.9936065674,46.9186630249,31.6693820953,79.9665298462,77.9358596802,68.0448760986,125.9800033569,44.8637008667,22.1842803955
2014-05-07,152.8888092041,46.9736747742,31.8369903564,79.6821136475,77.9966049194,68.0690536499,124.1699981689,45.4036521912,22.2434616089
2014-05-08,152.7260437012,46.9805450439,31.7608089447,79.3409271240,78.0801925659,68.0851898193,124.1699981689,45.5079383850,22.1758270264
2014-05-09,152.9538726807,46.9117965698,31.7074775696,79.0849304199,78.0194091797,68.1093521118,124.0999984741,45.5386161804,22.0659236908
2014-05-12,154.4430541992,47.2212333679,32.2407569885,78.7650680542,77.8143463135,68.0932846069,124.9400024414,45.6797294617,22.1166477203
2014-05-13,154.5814208984,47.2899856567,32.3626480103,79.4475708008,78.1181259155,68.1174163818,124.5999984741,45.3852310181,22.2181015015
2014-05-14,153.8490142822,47.2006111145,32.5912017822,80.3077697754,78.4750823975,68.1415405273,125.8099975586,45.4036521912,22.3195533752
2014-05-15,152.4982147217,46.9942970276,32.2864723206,80.9476013184,78.7560806274,68.1496124268,124.7699966431,45.3790779114,22.1842803955
2014-05-16,153.0270843506,47.0974540710,32.7130928040,80.7201538086,78.5890274048,68.1576614380,124.5000000000,45.7963256836,22.2096443176
2014-05-19,153.5886535645,47.0011940002,32.7130928040,80.1229858398,78.4902572632,68.1737823486,124.5800018311,45.6122436523,22.1927375793
2014-05-20,152.6203002930,46.7054901123,32.4464530945,80.3006744385,78.7181091309,68.1818466187,124.6900024414,45.4711227417,22.2350082397
2014-05-21,153.9059448242,47.0699424744,32.6978530884,79.8101501465,78.5966339111,68.1818466187,124.3899993896,45.1704826355,22.2772808075
2014-05-22,154.2803497314,47.1318435669,32.9264068604,79.6964035034,78.5130691528,68.1657257080,124.6699981689,45.0906982422,22.2941913605
2014-05-23,154.8987884521,47.2556152344,32.8654632568,80.1229858398,78.6725387573,68.1496124268,124.5100021362,45.4895401001,22.3449153900
2014-05-27,155.8509216309,47.5925598145,32.5835838318,80.5921707153,78.6953430176,68.1657257080,121.8499984741,45.8147239685,22.1589202881
2014-05-28,155.7369384766,47.4344062805,32.7740516663,81.5874633789,79.1282730103,68.1818466187,121.1999969482,45.5263366699,22.1673736572
2014-05-29,156.5425872803,47.7232284546,32.8654632568,81.1538009644,79.0295104980,68.1737823486,120.9400024414,45.6183624268,22.1758270264
2014-05-30,156.7947998047,47.7301063538,32.4159736633,81.1182785034,78.9687271118,68.1899261475,120.4300003052,45.8270034790,22.0067424774
2014-06-02,156.9738311768,47.8263740540,32.5150146484,80.5152816772,78.6073608398,68.1439743042,119.6999969482,45.9681015015,21.9813785553
2014-06-03,156.8925018311,47.7094650269,32.6978530884,79.5244598389,78.2118225098,68.1278305054,120.0100021362,45.9435729980,21.9644680023
2014-06-04,157.2098541260,47.6957168579,32.5150146484,79.5031204224,78.1509475708,68.1520233154,119.7600021362,46.0356063843,21.9052848816
2014-06-05,158.2351837158,48.0257797241,32.8578376770,79.5387725830,78.2650756836,68.1600723267,120.6600036621,46.8823204041,21.9306507111
2014-06-06,158.9920349121,48.2870941162,33.1854362488,79.5387725830,78.2042007446,68.1439743042,120.6100006104,46.6859817505,22.0236511230
2014-06-09,159.1547241211,48.2389640808,33.3073272705,79.4247131348,78.0900726318,68.0956573486,120.6500015259,46.1215019226,22.1166477203
2014-06-10,159.1710205078,48.1358108521,33.4825553894,79.1325149536,77.9531631470,68.0794830322,121.3899993896,45.7778968811,22.0574684143
2014-06-11,158.6176300049,47.8951301575,33.3682708740,79.2750473022,78.0596694946,68.1036911011,121.4100036621,45.6551856995,21.9982872009
2014-06-12,157.4946746826,47.9088859558,33.2082901001,79.9806823730,78.3639221191,68.1278305054,122.6399993896,45.5386161804,22.3110980988
2014-06-13,157.9747772217,47.9432640076,33.2235221863,79.9378814697,78.2118225098,68.0875396729,122.9599990845,45.6551856995,22.3110980988
2014-06-16,158.1049652100,47.9570159912,33.0711555481,80.1374816895,78.2118225098,68.0714416504,122.4199981689,45.4220314026,22.3787307739
2014-06-17,158.5444030762,47.9226455688,33.0787773132,79.5031204224,77.8846511841,68.0150756836,122.2799987793,45.5386161804,22.4040985107
2014-06-18,159.7080535889,48.3352355957,33.4444541931,80.1161117554,78.2955017090,68.0714416504,122.6699981689,45.8576622009,22.4970951080
2014-06-19,159.8870697021,48.5965385437,33.2539978027,79.0897598267,78.0977172852,68.0633468628,126.9400024414,46.2380828857,22.7169075012
2014-06-20,160.2117767334,48.5140266418,33.1854362488,79.6884689331,78.1890029907,68.0633468628,126.5000000000,46.3976097107,22.7591800690
2014-06-23,160.1626892090,48.3833732605,33.1168708801,79.4389801025,78.1357345581,68.0633468628,126.8499984741,46.2073974609,22.6746368408
2014-06-24,159.1977844238,48.0807991028,33.1016387939,80.2444534302,78.4552001953,68.0875396729,126.9800033569,46.2414627075,22.7084560394
2014-06-25,159.9173583984,48.0638999939,33.1715126038,80.4511032104,78.5313339233,68.0956573486,126.9899978638,46.1485900879,22.7422714233
2014-06-26,159.8028717041,48.0991134644,33.2098922729,80.8360061646,78.7367172241,68.1117630005,126.7300033569,46.1052169800,22.6492729187
2014-06-27,160.1135711670,48.1272964478,33.2866821289,80.7148437500,78.7367172241,68.1278305054,126.6600036621,46.4581947327,22.6070003510
2014-06-30,160.0318298340,48.1695785522,33.1945343018,80.9144287109,78.7975616455,68.1359176636,128.0399932861,46.3467330933,22.4717311859
2014-07-01,161.1029663086,48.5922889709,33.5093650818,80.2369537354,78.5399703979,68.1076736450,127.6999969482,46.5944519043,22.4040985107
2014-07-02,161.2664489746,48.6698036194,33.7090110779,79.3794021606,78.2198486328,68.0834808350,127.6999969482,46.4829673767,22.3618278503
2014-07-03,162.0595855713,48.7684402466,33.9086494446,79.0936050415,78.0598449707,68.0754623413,127.1600036621,46.2166900635,22.3195533752
2014-07-07,161.4954376221,48.3879852295,33.8856086731,79.6723785400,78.2503356934,68.0593643188,127.0199966431,46.3529281616,22.1420097351
2014-07-08,160.4570159912,47.8807067871,33.7320442200,80.5656738281,78.6085586548,68.0754623413,127.0699996948,46.4891700745,22.0828323364
2014-07-09,161.1765441895,48.0357131958,33.9239959717,80.6299591064,78.6238098145,68.0834808350,127.8399963379,46.5634918213,21.9306507111
2014-07-10,160.5387878418,47.5073165894,33.7397193909,80.6514282227,78.7915039062,68.1157760620,128.5399932861,46.7740364075,21.9644680023
2014-07-11,160.7595977783,47.5354843140,33.7013206482,81.1659774780,78.9210586548,68.1319046021,128.7799987793,46.7802467346,21.7700176239
2014-07-14,161.5690002441,47.8877563477,33.9623947144,80.8158035278,78.7457962036,68.1238327026,125.7200012207,47.0093688965,21.8545627594
2014-07-15,161.2664489746,47.7679824829,33.9393577576,80.6514282227,78.6771545410,68.0915603638,124.5299987793,47.0403137207,21.6516571045
2014-07-16,161.8634033203,48.0638999939,34.0238265991,81.0801925659,78.7915039062,68.0834808350,124.9700012207,47.1889572144,21.6854743958
2014-07-17,160.0236968994,47.4509468079,33.3865013123,82.1021270752,79.2487945557,68.1399765015,127.0899963379,46.9474411011,21.7362003326
2014-07-18,161.6589508057,47.8243484497,33.9086494446,81.8376770020,79.0887451172,68.0834808350,126.1299972534,47.4118881226,21.5924758911
2014-07-21,161.3564758301,47.6482124329,34.0238265991,82.2450561523,79.1116027832,68.0915603638,126.3399963379,47.2384986877,21.6939258575
2014-07-22,162.0595855713,47.8595733643,34.3386459351,82.4165191650,79.2106552124,68.0915603638,125.7399978638,47.3871231079,21.6009292603
2014-07-23,162.4193572998,47.9582061768,34.3693656921,82.3093185425,79.2030105591,68.1157760620,125.6200027466,47.4738311768,21.6601123810
2014-07-24,162.4275512695,48.0709342957,34.5229415894,81.6947784424,78.8829193115,68.0915603638,124.3499984741,47.4118881226,21.6347465515
2014-07-25,161.6671142578,47.8736610413,34.3847084045,82.6594924927,79.1877899170,68.0996170044,125.7900009155,47.0836906433,21.7192916870
2014-07-28,161.7325744629,47.8807067871,34.6227607727,82.5451354980,79.0963439941,68.0674209595,125.5800018311,47.4118881226,21.6770191193
2014-07-29,161.0375823975,47.7820663452,34.4154396057,82.8453140259,79.2030105591,68.0834808350,125.1999969482,47.1827621460,21.6093845367
2014-07-30,161.0621032715,47.7116203308,34.2464981079,81.6947784424,78.6466674805,68.0512847900,124.8300018311,47.0836906433,21.5163898468
2014-07-31,157.8814239502,46.9154891968,33.6475677490,81.4518356323,78.6238098145,68.0834808350,123.3899993896,46.3838958740,21.4064807892
2014-08-01,157.3989868164,46.5913925171,33.8318557739,82.0823287964,79.0865325928,68.1698226929,124.3799972534,46.2724304199,21.2373962402
2014-08-04,158.5355072021,46.8098030090,34.1466903687,81.8673858643,79.1323699951,68.1698226929,123.9899978638,46.5944519043,21.3980216980
2014-08-05,156.9982757568,46.2109451294,33.6245422363,82.1324844360,79.1705093384,68.1698226929,123.8700027466,46.1175994873,21.2965736389
2014-08-06,157.0473937988,46.0982208252,33.3941917419,82.1826477051,79.2393035889,68.1859130859,125.6699981689,46.0990409851,21.4318447113
2014-08-07,156.1969604492,45.7248077393,33.2636375427,82.9493179321,79.5981445312,68.2181701660,126.1800003052,46.1237907410,21.4741153717
2014-08-08,158.0040130615,45.9925422668,33.5631141663,82.7701568604,79.5294189453,68.1778488159,126.1900024414,46.3962783813,21.3726634979
2014-08-11,158.4619445801,46.1686706543,33.9931144714,82.7629394531,79.4912796021,68.1778488159,125.9599990845,46.6873435974,21.4064807892
2014-08-12,158.2411804199,46.1334381104,34.0315093994,82.2256393433,79.3766784668,68.1778488159,125.9899978638,46.6130371094,21.2712097168
2014-08-13,159.3123168945,46.3941230774,34.2157974243,82.7629394531,79.6363220215,68.2100677490,126.1999969482,47.2880516052,21.2542991638
2014-08-14,160.0645294189,46.6407127380,34.2695350647,83.4293289185,79.7967071533,68.2262268066,126.3099975586,47.2570800781,21.0006713867
2014-08-15,160.0318298340,46.5913925171,34.1774024963,84.3393478394,80.1174240112,68.2262268066,125.4800033569,47.2075309753,21.0852146149
2014-08-18,161.3727569580,46.8943557739,34.5075874329,83.5010070801,79.8654251099,68.2262268066,124.9599990845,47.6720123291,20.9076709747
2014-08-19,162.2149810791,47.0070800781,34.6688232422,83.2430496216,79.7814407349,68.2262268066,124.6800003052,47.7710838318,20.9499435425
2014-08-20,162.6484222412,46.8591270447,34.5997123718,83.1069030762,79.5447006226,68.1617126465,124.2200012207,47.9878311157,21.0091247559
2014-08-21,163.1226043701,47.0563926697,34.4538269043,83.5726089478,79.7127151489,68.1617126465,122.8799972534,47.9135131836,21.0598506927
2014-08-22,162.8690948486,46.8309478760,34.3616828918,84.0383453369,79.7203674316,68.1456146240,123.1900024414,47.5295486450,21.0260334015
2014-08-25,163.6949462891,47.1338920593,34.6150856018,84.3536758423,79.7814407349,68.1213989258,122.7399978638,47.4242820740,21.0598506927
2014-08-26,163.8012237549,47.1409416199,34.8224029541,84.0813522339,79.7661819458,68.1456146240,123.3499984741,47.5171852112,21.0683040619
2014-08-27,163.7357635498,47.2325286865,34.9990119934,84.7978439331,79.9876480103,68.1617126465,123.3199996948,47.5481300354,21.1021232605
2014-08-28,163.6458587646,47.0211677551,34.6534652710,85.2420883179,80.0945281982,68.1778488159,124.0000000000,47.5419502258,21.1190280914
2014-08-29,164.1119232178,47.0000343323,34.5997123718,85.2994155884,80.1021652222,68.2100677490,123.8600006104,47.7958526611,21.1613044739
2014-09-02,164.0301971436,47.0916213989,34.5459785461,83.8279113770,79.5904312134,68.1520462036,121.6500015259,47.8020401001,20.8569450378
2014-09-03,163.9401855469,47.4227600098,34.9990119934,84.2947311401,79.7051162720,68.1681518555,122.1500015259,47.9258918762,20.9414901733
2014-09-04,163.7031555176,47.1973037720,34.9068641663,83.2677917480,79.4221038818,68.1600952148,121.4800033569,47.7462921143,20.8569450378
2014-09-05,164.4389648438,47.2043533325,35.2063331604,83.1098403931,79.4450912476,68.1842727661,122.0599975586,48.2541198730,20.8231258392
2014-09-08,164.0138092041,46.7041320801,34.7916946411,83.1456909180,79.3609313965,68.1439514160,120.7300033569,48.2045745850,20.7216777802
2014-09-09,162.9753265381,46.5702629089,34.3616828918,83.0810775757,79.1773071289,68.1036376953,120.8700027466,47.9073371887,20.5525856018
2014-09-10,163.5886688232,46.8379898071,34.2157974243,82.5568771362,78.9784317017,68.1117324829,120.2600021362,47.1517944336,20.4088649750
2014-09-11,163.7767028809,46.5773086548,33.9854354858,82.2839660645,78.8789825439,68.1197891235,119.4700012207,47.1889572144,20.3074111938
2014-09-12,162.8200531006,46.5138931274,33.6245422363,81.4222030640,78.5807495117,68.1036376953,118.3799972534,45.7398452759,20.1467781067
2014-09-15,162.6973571777,46.4152603149,33.4556159973,81.5442581177,78.7260742188,68.1359176636,118.6399993896,45.5169067383,20.1721420288
2014-09-16,163.9238128662,46.6125335693,33.8932952881,81.2139587402,78.7030868530,68.1762466431,118.8300018311,45.9627876282,20.3581390381
2014-09-17,164.1446228027,46.2814025879,33.5784683228,81.0056991577,78.5041961670,68.1036376953,117.5400009155,45.9503936768,20.2735919952
2014-09-18,165.0195617676,46.6407127380,33.6245422363,81.2641906738,78.4506759644,68.1117324829,117.7799987793,45.5478858948,20.0791454315
2014-09-19,164.8708190918,46.4786682129,33.3711433411,82.2983627319,78.7489624023,68.1036376953,117.0899963379,45.6036071777,20.0199623108
2014-09-22,163.5975189209,46.2743492126,32.8643569946,82.3988647461,78.9172363281,68.1520462036,116.8499984741,45.2444305420,19.8508739471
2014-09-23,162.6610565186,45.8868446350,32.6800689697,82.9087600708,79.0855560303,68.1681518555,117.5999984741,44.9162025452,19.8508739471
2014-09-24,163.9343261719,46.1193542480,33.1484680176,82.4491271973,78.8637237549,68.1439514160,117.0500030518,44.7961883545,19.9354190826
2014-09-25,161.2892303467,45.4430007935,32.4266815186,83.4257583618,79.2461853027,68.1923828125,117.3899993896,44.5961875916,19.8931484222
2014-09-26,162.5706939697,45.6332130432,32.5725746155,83.3037414551,79.0779037476,68.1600952148,117.0599975586,45.1962203979,19.8593292236
2014-09-29,162.2749633789,45.2104949951,31.9122219086,83.9716110229,79.3303451538,68.1762466431,117.0299987793,45.1337127686,19.9776916504
2014-09-30,161.8477783203,45.1752662659,31.9122219086,83.4976119995,79.2615280151,68.1600952148,116.2099990845,44.9087142944,19.6310596466
2014-10-01,159.6544647217,44.6398086548,31.2595310211,85.1166915894,79.9274291992,68.2327423096,116.7699966431,44.9462013245,19.5634269714
2014-10-02,159.6790924072,44.1607284546,31.4284648895,84.3751449585,79.6898345947,68.2246627808,116.7399978638,44.8712005615,19.4873371124
2014-10-03,161.4370574951,44.1607284546,31.6972026825,84.7351913452,79.6668395996,68.1601028442,114.6100006104,45.1524620056,19.3013401031
2014-10-06,161.2481231689,44.4425392151,32.1118583679,84.7855911255,79.7971191406,68.2246627808,116.0299987793,45.2712249756,19.5465164185
2014-10-07,158.7590179443,43.6886863708,31.8277492523,85.9302291870,80.2646179199,68.2649917603,116.3600006104,44.9149627686,19.4704265594
2014-10-08,161.5356445312,44.3791389465,32.3038253784,85.9518508911,80.5481567383,68.3376007080,117.4700012207,45.8900032043,19.3943386078
2014-10-09,158.3319244385,43.1884498596,31.7970371246,85.5774383545,80.4101791382,68.3376007080,117.6399993896,45.8900032043,19.1660690308
2014-10-10,156.5246429443,42.5402793884,31.1059627533,86.4269638062,80.7244186401,68.3698806763,117.5899963379,45.9337425232,19.0984344482
2014-10-13,153.9533538818,42.4839096069,31.4207859039,86.9525070190,81.1459197998,68.3940582275,118.5199966431,45.9775085449,19.0984344482
2014-10-14,154.1916198730,42.5895881653,31.6050662994,87.5212783813,81.3067855835,68.4344177246,118.5899963379,46.7213058472,18.8109874725
2014-10-15,153.1483306885,42.3359680176,31.2057857513,88.2124023438,81.7665710449,68.5231781006,118.9899978638,46.5400390625,18.5742626190
2014-10-16,153.0168914795,41.9414215088,30.9216823578,87.6508407593,81.5444030762,68.4828491211,119.2200012207,46.6150474548,18.7602615356
2014-10-17,154.8241729736,42.7234535217,31.2672195435,87.1612777710,81.3067855835,68.4424896240,118.9899978638,46.6713066101,18.8278961182
2014-10-20,156.3274536133,42.9911880493,31.3593540192,87.4780731201,81.4217300415,68.4828491211,119.8000030518,47.3838462830,18.6926250458
2014-10-21,159.4244689941,43.5054931641,31.4898967743,86.7797698975,81.1995391846,68.4666900635,120.0199966431,47.8151130676,18.8448047638
2014-10-22,158.2908172607,43.1884498596,31.2825622559,86.8732986450,81.1764831543,68.4505233765,119.3399963379,47.8276138306,18.6334457397
2014-10-23,160.1309051514,43.6041412354,31.2748889923,86.1029968262,80.8393325806,68.4182586670,118.5199966431,48.1963996887,18.8532600403
2014-10-24,161.3630523682,43.8436813354,31.4975719452,86.1893997192,80.9083099365,68.4344177246,118.3499984741,48.1589050293,18.7348957062
2014-10-27,161.1414031982,43.5970878601,31.2518615723,86.3477706909,80.9925994873,68.4344177246,118.0599975586,48.5151672363,18.6841697693
2014-10-28,162.9896697998,44.2593650818,31.8814945221,85.8078460693,80.7933502197,68.4182586670,118.0999984741,48.7276763916,18.8363494873
2014-10-29,162.7432098389,43.9211845398,31.9275722504,86.0021743774,80.5251617432,68.3294830322,116.4100036621,48.4526596069,19.0561637878
2014-10-30,163.7864837646,44.2382354736,32.2270355225,86.0741882324,80.6094894409,68.3537445068,115.1900024414,48.7589111328,18.8955287933
2014-10-31,165.6594848633,45.0555000305,32.3652534485,85.8510437012,80.4791412354,68.3376007080,112.6600036621,49.3714485168,18.8701667786
2014-11-03,165.7498168945,44.6679992676,32.0965080261,85.8510208130,80.4492263794,68.3286666870,112.1500015259,49.8027191162,18.7010822296
2014-11-04,165.1747894287,44.4143524170,32.1272239685,86.1180572510,80.4415512085,68.3206939697,112.2200012207,49.8839759827,18.4305400848
2014-11-05,166.2180786133,44.4989051819,31.8431072235,85.9953842163,80.4645843506,68.3045272827,109.7900009155,49.7777175903,18.4812660217
2014-11-06,166.8834838867,44.2593650818,31.4515018463,85.4396667480,80.2189559937,68.2883682251,109.8799972534,49.3964347839,18.4981727600
2014-11-07,167.0395660400,44.2804946899,31.6511402130,86.4212112427,80.7332153320,68.3368148804,112.9700012207,49.3339538574,18.5827178955
2014-11-10,167.5653076172,44.4777679443,31.7356052399,85.6272811890,80.4031448364,68.2883682251,110.4599990845,49.7402267456,18.4051780701
2014-11-11,167.7295684814,44.7455062866,31.7048931122,85.6850662231,80.4108886719,68.2802658081,112.0400009155,49.5464706421,18.4981727600
2014-11-12,167.5488433838,44.3650436401,31.6434650421,85.6128997803,80.3801116943,68.3045272827,111.5000000000,49.1714439392,18.4389934540
2014-11-13,167.7378082275,44.5764045715,31.5589962006,85.8149566650,80.5106353760,68.3206939697,111.6699981689,49.4401931763,18.1008224487
2014-11-14,167.7789001465,44.6398086548,31.8200702667,86.2335510254,80.6795272827,68.3529052734,114.4700012207,49.0339279175,18.2952690125
2014-11-17,167.8856506348,44.4636726379,31.4822216034,86.0170364380,80.5874557495,68.3448791504,114.0500030518,49.2526893616,18.2191772461
2014-11-18,168.8549957275,44.9498100281,31.6511402130,86.2551956177,80.6795272827,68.3368148804,115.0500030518,49.4652137756,18.1261844635
2014-11-19,168.5839691162,44.8159523010,31.6357822418,85.7067337036,80.4645843506,68.3286666870,113.6800003052,49.0214080811,18.0331821442
2014-11-20,168.8796691895,44.5482254028,31.5820446014,86.1541671753,80.6104354858,68.3448791504,114.8600006104,49.1839408875,18.1853637695
2014-11-21,169.7833099365,44.9357223511,32.5879287720,86.6737136841,80.7716674805,68.3610458374,115.3899993896,49.4902000427,18.3798141479
2014-11-24,170.2597656250,45.1964073181,32.3191680908,86.7458953857,80.8637771606,68.3691177368,115.1100006104,49.6652374268,18.2191772461
2014-11-25,170.1365509033,45.2739028931,32.1118583679,87.4676284790,81.0633392334,68.3771667480,115.3799972534,49.7527313232,18.1346378326
2014-11-26,170.5719451904,45.4500427246,32.5188255310,87.7057342529,81.2015151978,68.3852386475,115.1600036621,50.2339897156,18.0923633575
2014-11-28,170.2104644775,45.0836715698,31.8661441803,88.3985748291,81.5162811279,68.4094009399,112.1100006104,50.3590126038,17.2638359070
2014-12-01,169.0275268555,45.0414047241,31.3209724426,87.8828506470,81.3163146973,68.4086532593,116.5800018311,50.2339897156,17.6189193726
2014-12-02,170.1201477051,45.1682243347,31.3132877350,87.0293350220,80.9549560547,68.3682861328,115.1399993896,50.5465087891,17.2469272614
2014-12-03,170.7772827148,45.1118659973,31.3977565765,87.3692855835,80.9856643677,68.3359832764,116.3300018311,50.4965171814,17.1454734802
2014-12-04,170.5883331299,44.9638938904,31.4515018463,88.0998611450,81.2702255249,68.3762969971,115.8799972534,50.6277656555,17.0947475433
2014-12-05,170.8676452637,45.0625343323,31.3900699615,87.5862808228,80.8165054321,68.2471618652,114.4300003052,50.3714942932,17.0524749756
2014-12-08,169.7257995605,44.6679992676,30.9293537140,88.6567764282,81.0856704712,68.2390899658,115.7799987793,50.6902694702,16.7565746307
2014-12-09,169.6107177734,44.4284439087,30.6375656128,89.1124954224,81.3855133057,68.2632675171,118.1900024414,50.9215507507,16.8749332428
2014-12-10,166.8916625977,43.8648109436,30.1845321655,89.7634658813,81.7546386719,68.3198242188,117.9599990845,50.8715133667,16.6128482819
2014-12-11,167.7378082275,43.8084526062,29.9311370850,90.1323623657,81.6162490845,68.2875289917,117.6900024414,50.9652938843,16.4606704712
2014-12-12,165.0269012451,42.9630012512,29.4397125244,91.3547897339,82.2852020264,68.3520736694,117.4100036621,50.5215110779,16.3253974915
2014-12-15,163.8933258057,42.2514076233,29.0173892975,91.1666946411,81.9853286743,68.3036575317,114.3899993896,49.8652343750,16.0633144379
2014-12-16,162.5789337158,42.5543746948,28.9713134766,92.2950515747,82.4005432129,68.3440170288,114.9499969482,49.7964859009,15.9703168869
2014-12-17,165.7662353516,43.0630416870,29.6372737885,91.4632797241,81.8315811157,68.2794494629,114.2699966431,50.9402885437,16.0633144379
2014-12-18,169.8654174805,43.8313980103,30.0423049927,89.8358078003,81.3701782227,68.2390899658,115.1500015259,51.2965698242,16.0125904083
2014-12-19,170.5881958008,43.8954162598,30.2526245117,91.0437545776,81.6700515747,68.1906433105,114.7699966431,51.2715415955,16.2493114471
2014-12-22,171.3729400635,44.1088562012,30.6732196808,91.1666946411,81.6700515747,68.2067642212,112.5500030518,52.1287498474,15.9534091949
2014-12-23,171.6041564941,43.9665641785,30.3928241730,89.3584136963,80.9933700562,68.1341247559,112.7399978638,51.9830360413,16.1140422821
2014-12-24,171.6207122803,44.1657676697,30.4629116058,89.8447723389,81.0519180298,68.1688079834,112.7699966431,51.7676239014,15.9026813507
2014-12-26,172.1741638184,44.2795867920,30.7043819427,90.1782455444,81.1597518921,68.1445846558,114.8300018311,51.9513473511,15.8857736588
2014-12-29,172.4054718018,43.9594421387,30.5174369812,90.8523178101,81.4369354248,68.2092208862,113.6699981689,52.2364654541,15.7335939407
2014-12-30,171.4803161621,43.5539283752,30.5797481537,91.0987319946,81.5293502808,68.2334518433,115.1999969482,52.1984519958,15.7166843414
2014-12-31,169.7786560059,43.2835845947,30.6031246185,91.2727508545,81.6217651367,68.2092208862,113.5800018311,51.3178024292,15.5983247757
2015-01-02,169.6878662109,43.0986137390,30.1980857849,92.2875518799,82.0376205444,68.2819366455,114.0800018311,52.0907516479,15.4123268127
2015-01-05,166.6233062744,42.0812606812,29.6606407166,93.7372512817,82.5381698608,68.2819366455,115.8000030518,52.3758430481,15.1925134659
2015-01-06,165.0538940430,41.6046066284,29.5360221863,95.4261016846,83.0926284790,68.3142089844,117.1200027466,52.8953552246,15.0487899780
2015-01-07,167.1107177734,42.0670318604,30.1747226715,95.2376251221,83.0772552490,68.3465652466,116.4300003052,53.7063026428,14.9557924271
2015-01-08,170.0760955811,42.6361885071,30.6887969971,93.9764175415,82.7384185791,68.3384399414,115.9400024414,53.9090385437,15.0149717331
2015-01-09,168.7131195068,42.4298706055,30.5875434875,95.0057067871,83.1465301514,68.3949966431,117.2600021362,53.9343833923,14.9896087646
2015-01-12,167.3915100098,42.3302688599,30.3382949829,95.5493392944,83.4392089844,68.4354019165,118.5599975586,54.3461799622,14.6598873138
2015-01-13,166.9206695557,42.5436973572,30.6031246185,95.5493392944,83.5161819458,68.4757766724,118.1600036621,54.2638092041,14.6007080078
2015-01-14,165.9129333496,42.4227638245,30.4317626953,96.2742080688,83.9012680054,68.5161743164,117.9700012207,54.7326622009,14.7613401413
2015-01-15,164.3931427002,42.6930961609,30.5018577576,97.7891387939,84.6173706055,68.6211547852,120.9400024414,54.8593597412,14.5584344864
2015-01-16,166.5489959717,43.2480201721,30.7589015961,96.5423736572,83.9936447144,68.5565567017,122.5199966431,55.3345260620,14.8374280930
2015-01-20,166.9042053223,43.3974151611,30.7121620178,97.8253784180,84.1861953735,68.5242233276,124.1999969482,54.8973655701,14.6345243454
2015-01-21,167.7466888428,43.7389106750,31.3898162842,96.6945571899,83.7857437134,68.5242233276,124.2300033569,54.8593597412,14.7275238037
2015-01-22,170.2412567139,43.9025382996,31.9895687103,96.3466567993,83.5778121948,68.4999847412,125.2300033569,55.8350296021,14.7106151581
2015-01-23,169.3078613281,43.6535301208,31.7481060028,97.6875991821,84.1245880127,68.5323104858,124.2300033569,55.6766510010,14.6176166534
2015-01-26,169.7043457031,44.2511367798,31.7636852264,97.3904266357,83.9320678711,68.4918823242,122.9899978638,56.1454925537,14.5668897629
2015-01-27,167.4658813477,44.3151702881,31.5923309326,97.5426864624,84.0475234985,68.5323104858,124.4000015259,56.1644783020,14.6429796219
2015-01-28,165.3182678223,43.6535301208,31.2496147156,99.1372604370,84.6944198608,68.5808105469,123.4199981689,55.7906990051,14.4316205978
2015-01-29,166.8463897705,44.2511367798,31.2496147156,98.4849700928,84.3940963745,68.5565567017,120.7600021362,55.9871101379,14.3639831543
2015-01-30,164.7482299805,43.5539283752,30.3928241730,100.2317886353,85.1333618164,68.6373596191,123.4499969482,54.8340377808,14.7106151581
2015-02-02,166.7884826660,44.0803909302,30.9380455017,99.8534545898,85.0269317627,68.6155014038,122.4199981689,54.6883049011,14.9135179520
2015-02-03,169.2005004883,44.7847137451,31.5222263336,97.7398834229,84.3095550537,68.5589370728,121.0500030518,55.1634712219,15.3277835846
2015-02-04,168.5561981201,44.4147758484,31.3664493561,97.9069442749,84.4483947754,68.5670166016,121.5800018311,54.9353942871,14.9896087646
2015-02-05,170.2578125000,45.0265960693,31.5533828735,96.8319778442,84.1398773193,68.5428085327,121.7900009155,55.5942916870,15.1925134659
2015-02-06,169.7869720459,44.4645729065,31.0159378052,95.1179122925,83.1988296509,68.3811798096,118.6399993896,53.9787216187,15.2347841263
2015-02-09,169.0270538330,44.2511367798,30.9692058563,94.9653778076,83.1602706909,68.3730850220,119.1699981689,53.5986061096,15.3869647980
2015-02-10,170.8276977539,44.6566619873,30.8913154602,94.2100143433,82.9519729614,68.3569183350,118.4700012207,53.7696571350,15.1925134659
2015-02-11,170.9268951416,44.4147758484,30.6654281616,94.3842849731,82.9211273193,68.3649978638,117.0699996948,53.6112785339,15.0741529465
2015-02-12,172.5706329346,45.1048622131,31.3197097778,94.0719680786,82.9519729614,68.3892440796,117.3399963379,54.2511329651,15.3024215698
2015-02-13,173.2810058594,45.4036560059,31.6780014038,93.1059951782,82.6743164062,68.3892440796,117.9800033569,53.8900222778,15.4715070724
2015-02-17,173.5536041260,45.5103797913,31.6079044342,91.7042541504,82.0880126953,68.3569183350,116.0100021362,53.7569961548,15.4799613953
2015-02-18,173.5701141357,45.7807273865,31.6001129150,92.2489547729,82.4814300537,68.4377288818,116.3399963379,54.2574768066,15.2939682007
2015-02-19,173.4461975098,45.8376312256,31.4677028656,91.6388397217,82.2732162476,68.3972930908,115.9400024414,53.0917510986,15.2432403564
2015-02-20,174.4869537354,46.2644882202,31.6780014038,91.9076080322,82.2269210815,68.3892440796,115.2799987793,53.6049308777,15.1840572357
2015-02-23,174.4621887207,46.1008720398,31.3586521149,92.9607696533,82.6049118042,68.4215698242,115.4300003052,54.0357437134,15.0826063156
2015-02-24,174.9578247070,46.3854331970,31.8104152679,94.1809234619,83.1525650024,68.4781799316,115.2600021362,52.9713859558,15.0910625458
2015-02-25,174.8091430664,46.4210090637,31.7481060028,94.5876541138,83.2296752930,68.4781799316,115.6999969482,52.9840507507,15.3193311691
2015-02-26,174.6026153564,46.2929420471,31.7558937073,93.2948379517,82.7360076904,68.4135437012,116.0699996948,52.4075088501,15.1925134659
2015-02-27,174.0079040527,46.3142929077,31.7325210571,94.0792694092,83.0291137695,68.4377288818,116.1600036621,52.8193206787,15.3616018295
2015-03-02,175.1064758301,46.3854331970,31.6857929230,92.3268814087,82.4110641479,68.3819351196,115.6800003052,53.1234359741,15.1417865753
2015-03-03,174.3878784180,46.1008720398,31.4443340302,91.9921340942,82.2333679199,68.3657455444,115.4700012207,53.0220603943,15.2347841263
2015-03-04,173.6527252197,45.9158935547,31.1016139984,92.0212097168,82.2951965332,68.3819351196,115.1100006104,52.5152244568,15.0995159149
2015-03-05,173.8426971436,46.0226020813,31.0548801422,91.9047927856,82.3415069580,68.4062042236,115.0000000000,52.6672782898,15.0403356552
2015-03-06,171.3976898193,45.3965492249,30.5797481537,89.8744735718,81.4994125366,68.3334426880,111.8600006104,50.9186668396,14.8543386459
2015-03-09,172.1080780029,45.4676895142,30.4629116058,90.7040023804,81.8779907227,68.3657455444,111.9700012207,51.3241539001,14.8120660782
2015-03-10,169.3161773682,44.4787940979,29.7852745056,91.8974914551,82.2256240845,68.3819351196,111.4199981689,51.2861251831,14.6176166534
2015-03-11,168.9196319580,44.5926284790,30.0111503601,92.5669937134,82.3723678589,68.3819351196,110.7500000000,51.3304824829,14.6937036514
2015-03-12,171.0673065186,45.1475410461,30.1980857849,92.5015182495,82.4496841431,68.3981323242,110.7200012207,52.2237854004,14.6260690689
2015-03-13,170.0182647705,44.8843193054,29.8320045471,92.2177047729,82.3260955811,68.4062042236,110.8799972534,52.1921234131,14.3301677704
2015-03-16,172.2897491455,45.3894233704,30.1902961731,93.1055679321,82.6119003296,68.4142837524,110.8099975586,52.7306251526,14.3132581711
2015-03-17,171.7776947021,45.2756080627,30.5408077240,93.8769226074,82.7818984985,68.3981323242,110.2099990845,52.7116241455,14.2118062973
2015-03-18,173.8426971436,46.2431449890,31.2885475159,95.6889724731,83.7321548462,68.5597839355,112.3700027466,53.8139953613,14.6007080078
2015-03-19,173.0496673584,45.7024612427,30.7589015961,95.2013854980,83.3381500244,68.4708404541,112.2900009155,53.7886657715,14.3555297852
2015-03-20,174.5772399902,46.7126998901,31.2184524536,95.7035675049,83.6780548096,68.5193481445,113.5699996948,55.1381340027,14.5499801636
2015-03-23,174.2370758057,46.9474716187,31.3119163513,95.5871124268,83.7862396240,68.5435791016,114.2900009155,55.0684280396,14.7190694809
2015-03-24,173.2579956055,46.8478660583,31.4365425110,96.5113067627,84.0411911011,68.5678787231,114.5699996948,54.5996208191,14.6007080078
2015-03-25,170.7191467285,46.6273155212,30.9380455017,95.6963043213,83.6780548096,68.5517196655,114.7300033569,53.6576309204,14.6429796219
2015-03-26,170.3125305176,46.2218093872,30.6498527527,94.2043838501,83.2067947388,68.5193481445,115.4800033569,53.3772010803,14.8205223083
2015-03-27,170.7024993896,46.3427505493,30.7355384827,95.3760604858,83.5313186646,68.5597839355,115.0599975586,53.4473266602,14.5246181488
2015-03-30,172.7850189209,46.3712043762,31.3275012970,94.9030303955,83.5235519409,68.5517196655,113.7500000000,54.2121276855,14.6007080078
2015-03-31,171.2749938965,45.6526641846,31.2573986053,95.1068191528,83.7398834229,68.6082687378,113.6600036621,53.7341079712,14.4316205978
2015-04-01,170.6693115234,45.9799270630,31.6468486786,96.3560180664,84.1384277344,68.6381835938,115.5999984741,53.6576309204,14.6937036514
2015-04-02,171.2832946777,46.3783226013,32.1219825745,95.3350524902,83.8985366821,68.6301193237,115.2799987793,54.0655212402,14.6176166534
2015-04-06,172.4365692139,46.8478660583,32.5347976685,94.8027267456,84.0068511963,68.6867370605,116.6900024414,54.6263732910,14.8036127090
2015-04-07,171.9802398682,46.7838401794,32.3712348938,95.5975646973,84.0764846802,68.6381835938,116.1100006104,53.6639976501,14.8797025681
2015-04-08,172.5610198975,46.9830360413,33.0488739014,95.6267547607,83.9991455078,68.6381835938,115.4700012207,53.7468566895,14.5922536850
2015-04-09,173.3243560791,47.0470695496,33.3760223389,94.3870391846,83.6586227417,68.6139526367,114.6699981689,52.6315002441,14.5922536850
2015-04-10,174.2702178955,47.1395530701,33.3993873596,94.5256042480,83.6353912354,68.5977706909,115.9700012207,52.5932655334,14.7444343567
2015-04-13,173.4820404053,46.8407516479,33.2046546936,94.6568298340,83.8056488037,68.6381835938,115.1399993896,52.4530563354,14.6767978668
2015-04-14,173.8139190674,47.1893653870,33.3526496887,95.3277664185,84.0532684326,68.6705322266,114.4400024414,52.6378784180,14.7444343567
2015-04-15,174.5937805176,47.4027824402,33.5863113403,95.2475509644,84.0997314453,68.6705322266,115.4300003052,52.2427368164,15.0403356552
2015-04-16,174.5440216064,47.5308456421,33.8511428833,94.7735214233,84.1616287231,68.7029037476,115.0299987793,52.3765716553,15.2009668350
2015-04-17,172.5361328125,46.9332466125,33.2591857910,95.8600997925,84.3318557739,68.6705322266,115.5999984741,52.1343803406,15.1671504974
2015-04-20,174.1126098633,46.9830360413,33.2280235291,95.0141677856,84.1770858765,68.6625061035,114.7200012207,52.2108459473,15.0995159149
2015-04-21,173.9051666260,47.4027824402,33.4227447510,94.5839004517,83.9991455078,68.6705322266,115.3799972534,52.3000907898,14.9896087646
2015-04-22,174.7597808838,47.4952774048,33.7810401917,93.1400222778,83.5116271973,68.6139526367,113.8300018311,52.4084320068,15.0403356552
2015-04-23,175.1994323730,47.6731338501,34.0302925110,93.5410842896,83.7669601440,68.6463241577,114.6600036621,52.5486450195,15.2263317108
2015-04-24,175.6060485840,47.9505844116,34.1549186707,94.1244888306,84.0610504150,68.6705322266,113.0500030518,52.6569938660,15.2178773880
2015-04-27,174.8759002686,48.1853599548,34.2873382568,94.1244888306,83.9294586182,68.6625061035,115.3300018311,52.5868873596,15.2178773880
2015-04-28,175.4317932129,48.2422790527,34.3418579102,92.8264389038,83.5425796509,68.6301193237,116.3300018311,52.4849281311,15.2432403564
2015-04-29,174.7099609375,47.8225364685,33.9134674072,91.6887969971,83.2330169678,68.6381835938,115.5100021362,51.4269371033,15.3446922302
2015-04-30,172.9593353271,47.3174247742,33.3993873596,91.8492431641,83.2098083496,68.6301193237,113.4700012207,50.5920295715,15.4630537033
2015-05-01,174.8344421387,47.8438758850,33.6018981934,90.6128463745,82.7549133301,68.6017456055,113.0800018311,50.9744186401,15.4461460114
2015-05-04,175.3322296143,47.7940750122,33.7966194153,89.7578735352,82.5844192505,68.6017456055,114.0999984741,51.0254020691,15.4376897812
2015-05-05,173.3243560791,47.0826339722,33.4305381775,89.6336059570,82.4448623657,68.5856018066,114.4199981689,49.9164428711,15.5645074844
2015-05-06,172.6107940674,47.2035827637,33.0177230835,88.0989990234,82.0419006348,68.5613327026,114.3600006104,49.8208312988,15.5645074844
2015-05-07,173.2994842529,47.0470695496,32.9709854126,89.2828216553,82.3906173706,68.5370864868,113.4199981689,50.5856552124,15.3193311691
2015-05-08,175.5811309814,48.1355705261,33.3915977478,89.5240020752,82.7083740234,68.6341476440,113.9700012207,51.2930946350,15.4038715363
2015-05-11,174.7431335449,47.7158279419,33.0722389221,87.3463821411,81.8946075439,68.5694427490,113.5299987793,50.5219001770,15.3362379074
2015-05-12,174.2204284668,47.6873626709,32.9631919861,87.5729141235,81.9566192627,68.5775222778,114.5000000000,50.6748695374,15.4968719482
2015-05-13,174.2536163330,48.0430793762,33.0255126953,86.8713684082,81.8480987549,68.6098861694,116.5500030518,50.1904945374,15.5137777328
2015-05-14,176.0707244873,48.6193237305,33.3526496887,87.1052017212,82.1271514893,68.6746292114,117.1800003052,51.1592407227,15.6067781448
2015-05-15,176.2615051270,48.6762466431,33.6096839905,88.8517227173,82.7161178589,68.6746292114,117.5299987793,51.6818656921,15.5983247757
2015-05-18,176.8090972900,48.5126190186,33.2669639587,87.3610076904,82.1581192017,68.6341476440,117.5199966431,51.5480308533,15.5560522079
2015-05-19,176.7510070801,48.3276519775,33.3214836121,86.5863876343,81.7938919067,68.5937118530,115.8899993896,51.3695716858,15.2263317108
2015-05-20,176.6265716553,48.4201316833,33.2981185913,86.7325286865,81.9721069336,68.6179656982,116.0800018311,51.3249626160,15.1925134659
2015-05-21,177.1409759521,48.6762466431,33.1812896729,87.9455413818,82.4603576660,68.6422653198,115.6900024414,51.0827827454,15.3785104752
2015-05-22,176.7178497314,48.3632202148,33.2903442383,87.9821395874,82.2743911743,68.5937118530,115.5999984741,51.0190315247,15.2094211578
2015-05-26,174.8177947998,47.4952774048,32.7606811523,89.4874420166,82.7859115601,68.6017456055,113.9100036621,50.6302604675,14.9135179520
2015-05-27,176.4772186279,47.9577140808,32.7684707642,89.6920547485,82.7393798828,68.6098861694,113.8899993896,51.1273765564,14.7106151581
2015-05-28,176.2781066895,47.8723297119,32.3400688171,89.4728393555,82.8168869019,68.6422653198,114.0199966431,51.0254020691,14.7867031097
2015-05-29,175.1828460693,47.4099006653,32.0285110474,89.6701431274,82.8634109497,68.6584167480,114.0999984741,50.4390487671,14.9726982117
2015-06-01,175.5396423340,47.2818450928,31.9038887024,88.7064208984,82.4977416992,68.6155242920,114.0000000000,51.0572700500,14.9388809204
2015-06-02,175.3654327393,47.5023841858,32.0285110474,87.4687423706,81.9233856201,68.6074218750,114.4599990845,50.5856552124,15.1164236069
2015-06-03,175.8300170898,47.7656288147,31.8649425507,86.0627212524,81.2247695923,68.5831604004,113.6399993896,49.8590812683,14.9219751358
2015-06-04,174.3448944092,47.2533912659,31.3820323944,87.1831817627,81.6206054688,68.5912475586,112.8399963379,49.7634735107,14.7867031097
2015-06-05,174.0461730957,46.6913528442,31.2418193817,86.1213073730,81.0306930542,68.5265731812,112.2399978638,49.2089958191,14.8543386459
2015-06-08,172.9758911133,46.6273155212,31.2340450287,86.0260925293,81.1471481323,68.5669784546,112.5699996948,49.1197814941,14.8627910614
2015-06-09,172.9509887695,46.3712043762,31.0470981598,85.3450622559,80.8832092285,68.5345764160,112.8199996948,48.7628479004,15.0995159149
2015-06-10,175.0252075195,47.3458709717,31.4988632202,84.5980300903,80.5727233887,68.5184631348,113.7799987793,49.1070289612,15.1586961746
2015-06-11,175.5894622803,47.4739379883,31.3430728912,86.3776245117,81.2092056274,68.5345764160,113.2600021362,49.4065704346,15.0234279633
2015-06-12,174.2453002930,47.0968666077,31.3430728912,86.3776245117,81.1626510620,68.5184631348,113.2300033569,49.3619461060,14.8712482452
2015-06-15,173.4985961914,46.8122978210,30.9925670624,86.5167312622,81.3567428589,68.5507812500,113.7300033569,49.0942726135,14.8036127090
2015-06-16,174.4444732666,46.7980690002,31.0003490448,87.1978302002,81.6672134399,68.5750579834,113.3199996948,49.4894218445,14.8458852768
2015-06-17,174.7265014648,46.6913528442,31.1872940063,86.5240783691,81.7137680054,68.6236419678,113.8499984741,49.9100761414,14.8881568909
2015-06-18,176.5436248779,47.1111030579,31.4754791260,86.0993347168,81.6516647339,68.6398086548,115.3199996948,50.5984039307,14.8881568909
2015-06-19,175.7598724365,46.9972801208,31.2028751373,87.2051086426,82.0863494873,68.6559829712,115.1200027466,50.2096214294,14.7528867722
2015-06-22,176.6602935791,47.8865585327,31.6546401978,85.4256134033,81.3955307007,68.6074218750,113.6399993896,49.6933708191,14.8036127090
2015-06-23,176.7853698730,48.0146179199,31.9662017822,84.9129714966,81.1471481323,68.5912475586,112.8899993896,49.2790832520,14.9811534882
2015-06-24,175.5014343262,47.6019897461,31.7403221130,85.6452255249,81.3877868652,68.6236419678,112.5899963379,49.0114212036,14.8797025681
2015-06-25,174.9678039551,47.5810127258,31.6312408447,85.3450622559,81.1859436035,68.6074218750,112.4400024414,48.5142936707,14.8966112137
2015-06-26,174.9344787598,47.5592956543,31.3330516815,84.3857498169,80.7978439331,68.5669784546,112.5599975586,48.8632125854,14.9642448425
2015-06-29,171.2660522461,46.0979499817,30.6346836090,86.6192550659,81.7370986938,68.6802749634,113.0699996948,48.1035575867,14.8966112137
2015-06-30,171.6245117188,45.9315605164,31.0897998810,86.0187454224,81.5119705200,68.6802749634,112.3700027466,48.0842437744,15.2178773880
2015-07-01,173.0001831055,46.2281646729,31.0662651062,84.8576812744,81.0859222412,68.6219863892,111.9800033569,48.8760871887,15.0318822861
2015-07-02,172.8417663574,46.2860336304,31.2153491974,85.1365432739,81.3735656738,68.7272491455,111.7600021362,48.9984169006,15.0065193176
2015-07-06,172.3498840332,45.3527946472,30.3443317413,86.7145462036,81.9488906860,68.7434692383,112.0599975586,49.3074226379,14.5161628723
2015-07-07,173.4337615967,45.3672599792,29.8892097473,87.5292663574,82.1665878296,68.7353820801,110.7600021362,50.0799865723,14.4316205978
2015-07-08,170.5240020752,44.3110389709,28.8612575531,88.2851867676,82.4930801392,68.8081970215,111.0899963379,49.8868522644,14.3639831543
2015-07-09,170.8325347900,45.0417060852,29.4183921814,86.5457077026,81.9177627563,68.7596359253,111.3600006104,49.6486358643,14.5330724716
2015-07-10,172.9835205078,46.5175476074,30.1638545990,85.1732788086,81.3502731323,68.6948547363,111.4899978638,50.0606613159,14.6007080078
2015-07-13,174.8928222656,46.6911697388,30.3678779602,84.9090576172,81.1325912476,68.6624069214,110.9899978638,50.1314811707,14.6091623306
2015-07-14,175.6514434814,47.0818290710,30.4228019714,85.1879501343,81.3891448975,68.6948547363,110.7399978638,50.2344818115,14.5584344864
2015-07-15,175.5931396484,46.9081954956,30.0775375366,86.0907058716,81.7001113892,68.7191314697,110.1600036621,50.3181838989,14.3893470764
2015-07-16,177.0021667480,47.3133277893,30.4542007446,86.6851577759,81.6689910889,68.6867446899,109.7600021362,50.7237625122,14.3217134476
2015-07-17,177.1522521973,47.2337493896,30.4149570465,87.1328659058,81.6767883301,68.6705703735,108.6500015259,50.5435028076,14.2456245422
2015-07-20,177.2439117432,47.3567352295,30.2187843323,86.7659378052,81.5134887695,68.6301040649,105.6999969482,50.6014404297,14.0173559189
2015-07-21,176.5436248779,47.2192840576,30.2266216278,87.2356414795,81.7389984131,68.6381607056,105.3700027466,50.4598083496,14.0765361786
2015-07-22,176.2267303467,46.8575553894,29.7950458527,87.7787704468,81.8400421143,68.6301040649,104.8000030518,50.6786918640,13.8736314774
2015-07-23,175.2346496582,46.7345695496,29.5047111511,88.8723220825,82.1743545532,68.6381607056,104.3300018311,50.0477752686,13.7552690506
2015-07-24,173.4170532227,46.2209281921,29.0809764862,89.0925292969,82.2520599365,68.6543655396,105.3499984741,50.2602310181,13.6453619003
2015-07-27,172.4082641602,45.8809051514,28.5316772461,89.5695495605,82.5241546631,68.7029495239,104.8600006104,50.3503570557,13.3832778931
2015-07-28,174.5259094238,46.4596672058,28.8220157623,88.9163513184,82.2909851074,68.6867446899,105.0199966431,50.3825721741,13.4931850433
2015-07-29,175.7265167236,46.6260566711,29.1045150757,88.5860977173,82.1743545532,68.6705703735,105.1699981689,50.7108802795,13.5354576111
2015-07-30,175.7682037354,46.5898933411,28.8141765594,89.2686309814,82.2676391602,68.6381607056,104.2699966431,50.4598083496,13.4847297668
2015-07-31,175.5014343262,46.8647880554,29.1280479431,89.9291763306,82.7496643066,68.7110519409,104.9300003052,50.8589477539,13.2987327576
2015-08-03,174.9094848633,46.7418174744,28.6415367126,90.8758468628,83.0018997192,68.7337265015,104.0999984741,51.1744117737,13.0789194107
2015-08-04,174.5676422119,46.7779808044,28.7435474396,90.1549911499,82.5736770630,68.6284332275,104.3099975586,50.8009948730,13.1550092697
2015-08-05,175.1429595947,47.0239524841,28.7513999939,89.4782562256,82.2544097900,68.6365051270,103.9300003052,50.4662513733,13.1042823792
2015-08-06,173.7088623047,46.8286209106,28.5002937317,90.2727127075,82.5425186157,68.6527633667,104.3899993896,50.5370521545,13.0958280563
2015-08-07,173.3753967285,46.7418174744,28.4845981598,91.4569015503,82.8695297241,68.6202774048,104.6500015259,50.7237625122,13.0451040268
2015-08-10,175.5597686768,47.3133277893,28.9632701874,90.3242263794,82.5269393921,68.6202774048,105.7200012207,50.5628013611,13.3240976334
2015-08-11,173.9757385254,46.5898933411,28.3276557922,91.7584915161,83.0719680786,68.7094421387,106.2600021362,50.8975830078,13.1465549469
2015-08-12,174.1840972900,46.2570991516,27.8882255554,91.2583312988,83.0408477783,68.7094421387,107.7500000000,51.0585403442,13.1042823792
2015-08-13,173.9672698975,46.2281646729,27.8411426544,90.9640960693,82.8228378296,68.6527633667,106.8600006104,51.1164588928,13.0451040268
2015-08-14,174.6010437012,46.3005104065,27.8803787231,91.1774063110,82.7371597290,68.6202774048,106.8499984741,51.3932991028,12.9605588913
2015-08-17,175.5764465332,46.2136955261,27.5743465424,91.5893173218,82.8851089478,68.6608352661,107.1299972534,51.8310661316,12.9098329544
2015-08-18,175.0678710938,45.8664436340,27.2761573792,90.8684692383,82.7527389526,68.6527633667,107.1100006104,51.9726905823,12.8421974182
2015-08-19,173.6838989258,45.4613075256,26.9387397766,91.7658157349,83.2588958740,68.7175216675,108.5500030518,51.6636886597,12.6984739304
2015-08-20,170.0571289062,44.3616752625,26.5150070190,92.6926040649,83.4846801758,68.6932067871,110.4400024414,51.2838516235,12.7322902679
2015-08-21,164.9379730225,43.3488464355,25.6989173889,92.9720687866,83.8194885254,68.7661666870,111.1299972534,50.3310432434,12.5209302902
2015-08-24,157.9929656982,41.8513145447,24.5767917633,92.9427032471,83.9596328735,68.7985687256,110.5299987793,47.9747962952,12.2081193924
2015-08-25,156.1337127686,42.2492065430,24.8906707764,91.4495239258,83.5002136230,68.7661666870,109.1600036621,46.6550407410,12.2588462830
2015-08-26,162.1283416748,43.2475624084,25.7146091461,89.6842422485,82.9863739014,68.7256469727,107.6699981689,47.9168663025,12.1827564240
2015-08-27,166.1385650635,43.7756767273,26.8524208069,89.7357254028,82.9396209717,68.7337265015,107.7300033569,48.8439102173,12.6223840714
2015-08-28,166.1469268799,43.7105751038,26.5071506500,90.0005340576,82.9552154541,68.7013397217,108.6999969482,48.7731056213,12.9521036148
2015-08-31,164.8045349121,43.3850212097,26.5542411804,89.3091354370,82.8150329590,68.6770095825,108.8199996948,47.6593475342,13.2649154663
2015-09-01,159.8855590820,41.9309005737,25.5262813568,89.9526290894,83.1870346069,68.7013397217,109.1999969482,46.7516098022,12.8252887726
2015-09-02,162.9203186035,42.5530662537,25.8950881958,89.1786727905,82.9608535767,68.7175292969,108.6200027466,47.2344512939,12.9351940155
2015-09-03,163.0370788574,42.6543426514,25.9970989227,89.6135635376,83.1635971069,68.7175292969,107.8399963379,47.3631973267,13.0197391510
2015-09-04,160.5692291260,41.6776962280,25.2202453613,90.4317550659,83.4210128784,68.7256774902,107.4899978638,46.4812278748,12.8591070175
2015-09-08,164.6044769287,42.9003143311,26.0206394196,89.0975723267,83.0544738770,68.7013397217,107.5199966431,47.1829490662,12.9521036148
2015-09-09,162.4034271240,42.7266921997,25.8872489929,89.5250930786,83.0856704712,68.6851348877,106.1299972534,46.6421661377,12.7830162048
2015-09-10,163.2871856689,43.0088272095,26.1540412903,88.9206466675,82.8984832764,68.7094573975,106.3799972534,46.7451744080,12.8929224014
2015-09-11,164.0292053223,43.0015945435,26.2560539246,89.4809188843,83.1168594360,68.7337646484,106.1600036621,47.6400375366,12.8760147095
2015-09-14,163.4205932617,42.6760520935,26.2168159485,89.6209335327,83.1948242188,68.7175292969,106.2200012207,47.6657752991,12.7153816223
2015-09-15,165.4632720947,42.9654197693,26.4679145813,87.9034423828,82.5397872925,68.6202621460,105.9000015259,48.1357460022,12.7576541901
2015-09-16,166.8972625732,43.6237564087,27.1113739014,87.5716705322,82.5163803101,68.6121902466,107.3099975586,48.6507759094,12.9690122604
2015-09-17,166.5220794678,43.6454658508,27.0485973358,88.6405715942,83.2026062012,68.7662048340,108.4100036621,49.2044181824,12.8844699860
2015-09-18,163.8008575439,42.5530662537,26.5463924408,90.0042419434,83.5925674438,68.7986068726,109.2099990845,49.1207427979,12.6900186539
2015-09-21,164.6473541260,42.5313568115,26.4993114471,88.5373687744,83.1168594360,68.7580413818,108.5299987793,49.5391960144,12.8337440491
2015-09-22,162.5102233887,41.5185356140,26.0049476624,89.7683792114,83.5301666260,68.7986068726,107.7900009155,48.9147262573,12.7576541901
2015-09-23,162.2504425049,41.3231964111,25.5890522003,89.7610168457,83.4365692139,68.7743072510,108.2200012207,49.2216224670,12.6562004089
2015-09-24,161.6637878418,41.2074546814,25.4792003632,90.3728179932,83.5613784790,68.8148040771,110.4899978638,48.7599639893,12.7322902679
2015-09-25,161.6218872070,41.5691719055,25.4242706299,89.5914382935,83.3429946899,68.7824096680,109.8099975586,48.9550323486,12.8083791733
2015-09-28,157.5656433105,40.7516746521,24.8828277588,91.1247024536,83.8187484741,68.8310165405,108.4199981689,48.1942787170,12.6308374405
2015-09-29,157.6577758789,40.6938056946,25.0005340576,91.3826675415,84.1072235107,68.8634643555,107.9800033569,48.7079505920,12.7153816223
2015-09-30,160.5994110107,41.4678955078,25.7224540710,91.0657196045,84.1228866577,68.8796463013,106.8600006104,49.1175956726,12.8083791733
2015-10-01,161.0185089111,41.5981101990,25.8637027740,91.4542465210,84.1884536743,68.8796157837,106.7300033569,49.3581809998,12.7238359451
2015-10-02,163.4237365723,42.3070869446,26.5542411804,92.0082321167,84.5945816040,68.9769134521,108.9899978638,49.7158088684,12.8083791733
2015-10-05,166.3318634033,43.1462860107,27.1270637512,90.7599182129,84.1259231567,68.9283065796,108.7699966431,50.5545806885,12.9774684906
2015-10-06,165.7619323730,43.1969299316,27.0799846649,91.1514129639,84.2977752686,68.9202499390,109.8600006104,50.4375534058,13.2310972214
2015-10-07,167.1196136475,43.7395172119,27.8019161224,90.8485717773,84.0869445801,68.9039459229,109.6999969482,51.0162429810,13.2057342529
2015-10-08,168.6281738281,44.0867652893,28.1000976562,90.0877838135,83.8682403564,68.8877334595,109.1399993896,51.4453887939,13.2649154663
2015-10-09,168.7286834717,44.1663398743,28.2021121979,90.3241348267,83.9151153564,68.8877334595,110.8700027466,51.3608627319,13.3240976334
2015-10-12,168.8879699707,44.0795249939,27.9902305603,91.0110778809,84.1962738037,68.8715362549,111.3099975586,51.7249755859,13.1127386093
2015-10-13,167.8236083984,43.5224800110,27.5351142883,91.1661682129,84.2743606567,68.8958740234,111.8600006104,51.3218383789,13.0281925201
2015-10-14,167.0189971924,43.6092910767,27.7469787598,91.9639892578,84.7351837158,68.9931259155,113.8099975586,50.9381942749,13.0620107651
2015-10-15,169.5835723877,44.3544349670,28.4218215942,91.5133590698,84.4462127686,68.9525985718,113.2900009155,51.6339378357,13.0281925201
2015-10-16,170.3546447754,44.3182716370,28.4453678131,91.5429153442,84.3759460449,68.9202499390,112.4899978638,52.0240707397,13.0366477966
2015-10-19,170.4383697510,44.1663398743,28.1550235748,91.2917327881,84.3368911743,68.9444732666,112.0199966431,52.7523117065,12.7999248505
2015-10-20,170.2204895020,43.9854850769,28.1471767426,90.7303695679,84.0478286743,68.9039459229,112.7300033569,52.7328147888,12.8252887726
2015-10-21,169.1644744873,43.9637832642,27.7391319275,91.6315231323,84.3368911743,68.9283065796,111.7300033569,52.5377388000,12.7153816223
2015-10-22,172.0223541260,44.4557189941,28.3119640350,91.7866973877,84.4227600098,68.9525985718,111.6900024414,52.9994125366,12.7576541901
2015-10-23,173.9079895020,44.8970298767,28.4767570496,91.0036468506,83.9463729858,68.8958740234,111.5000000000,52.4857177734,12.6815633774
2015-10-26,173.4805603027,44.7306327820,28.2178001404,91.6093826294,84.1650390625,68.8958740234,111.4300003052,52.4727287292,12.6477460861
2015-10-27,173.1453552246,44.3399620056,27.8960723877,91.8383483887,84.3759460449,68.9202499390,111.6800003052,52.4532089233,12.5885667801
2015-10-28,175.1148376465,44.6293449402,27.5743465424,91.4690475464,83.9385528564,68.8309707642,110.7799987793,52.4987487793,12.7999248505
2015-10-29,175.0142364502,44.3038101196,27.3154010773,90.0138626099,83.4230346680,68.7823104858,109.7200012207,52.4272003174,12.7238359451
2015-10-30,174.2600097656,44.2097511292,27.3624782562,90.6934280396,83.5870819092,68.7823104858,109.3000030518,51.9460449219,12.8506507874
2015-11-02,176.3216552734,44.6293449402,27.9039173126,90.2766723633,83.3469390869,68.7425765991,108.5899963379,53.0514068604,12.7830162048
2015-11-03,176.8328857422,44.6148757935,28.2727222443,89.5363616943,83.1278610229,68.7344665527,106.9800033569,52.5182456970,13.0112848282
2015-11-04,176.2965087891,44.3689155579,28.0451641083,89.6400299072,83.0418319702,68.6614303589,105.9700012207,52.2841529846,12.7914714813
2015-11-05,176.1204681396,44.2893257141,28.0922584534,89.4031448364,82.9871063232,68.6614303589,105.6399993896,52.4922294617,12.6900186539
2015-11-06,176.0282592773,44.0867652893,27.6999034882,88.0927886963,82.4238967896,68.5965881348,104.0999984741,50.8601913452,12.6139287949
2015-11-09,174.3857116699,43.6309967041,27.0093612671,87.5968093872,82.2830734253,68.5803146362,104.4000015259,49.9888839722,12.5040225983
2015-11-10,174.7879638672,43.6020584106,26.8916568756,87.8559494019,82.4395446777,68.6127700806,104.1800003052,50.5610809326,12.4786586761
2015-11-11,174.1007385254,43.8263282776,26.9465904236,87.6708679199,82.4004287720,68.5965881348,103.8300018311,50.6196060181,12.3518419266
2015-11-12,171.6703338623,43.2547950745,26.6876335144,88.0927886963,82.4473342896,68.6209335327,103.8499984741,50.2749900818,12.1743011475
2015-11-13,169.7427368164,42.8930778503,26.3188285828,88.5962371826,82.7602462769,68.6776657104,103.5599975586,49.7027893066,12.0813026428
2015-11-16,172.3240509033,43.4356536865,26.8288822174,88.5148162842,82.8697128296,68.6776657104,103.7099990845,50.2749900818,12.1404848099
2015-11-17,172.1983489990,43.5514183044,26.7504158020,88.6629028320,82.8462753296,68.6533584595,102.3399963379,50.2749900818,11.9544878006
2015-11-18,174.9304504395,43.9493026733,27.0407447815,88.8479232788,82.8071823120,68.6290130615,102.4300003052,50.7171211243,12.0052146912
2015-11-19,174.7795867920,44.1735801697,27.2840061188,89.4401473999,82.9871063232,68.6127700806,103.5599975586,50.8731765747,12.0052146912
2015-11-20,175.4165191650,44.0722885132,27.5586547852,89.1662597656,82.8775711060,68.6127700806,103.0899963379,51.5103950500,11.9883060455
2015-11-23,175.2154235840,43.7973937988,27.2996997833,89.4401473999,82.9871063232,68.6046371460,102.2600021362,51.6209411621,12.0813026428
2015-11-24,175.4500732422,43.8046226501,27.4409523010,89.4326934814,83.0653152466,68.6046371460,102.9400024414,51.3478317261,12.2757549286
2015-11-25,175.4248809814,43.9059104919,27.2290859222,89.6400299072,83.1122436523,68.6127700806,102.4599990845,51.5559120178,12.2588462830
2015-11-27,175.6260375977,43.9131507874,26.6327095032,89.5511550903,83.1983032227,68.6290130615,101.2500000000,52.0045776367,12.0728483200
2015-11-30,174.8969268799,43.8769645691,26.6719455719,89.9065017700,83.2295761108,68.6046371460,101.9199981689,51.6209411621,11.9967594147
2015-12-01,176.5646820068,44.3399620056,26.8759670258,91.1209411621,83.6722183228,68.6460952759,102.2799987793,52.3361740112,12.1320304871
2015-12-02,174.7628021240,43.8697280884,26.5542411804,91.1506042480,83.4371948242,68.5892486572,100.6900024414,51.2698059082,11.8783979416
2015-12-03,172.3156585693,43.6599388123,26.4051475525,88.6728515625,82.5597305298,68.5892486572,101.7600021362,50.4635429382,12.0136680603
2015-12-04,175.6762390137,44.0144157410,26.5856246948,89.4517517090,82.8652496338,68.6055068970,104.0199966431,51.4258880615,11.9967594147
2015-12-07,174.6119842529,43.7322769165,26.1461944580,90.3197402954,83.1316223145,68.5973968506,102.6699981689,51.2828330994,11.6501302719
2015-12-08,173.4386749268,43.0884132385,25.8558540344,90.3642425537,83.1786575317,68.5892486572,102.8399963379,51.2373199463,11.5909490585
2015-12-09,172.0893249512,42.8930778503,25.6439876556,90.2677841187,83.3039932251,68.6135940552,102.6399993896,50.9512176514,11.5994043350
2015-12-10,172.5335083008,42.9003143311,25.4713516235,90.3864669800,83.1238327026,68.5730285645,102.5500030518,50.5870780945,11.5571327209
2015-12-11,169.1897125244,42.0828170776,24.7572746277,91.8108444214,83.7897644043,68.6541824341,103.1100006104,50.4960632324,11.4387712479
2015-12-14,170.0444946289,42.1479187012,25.1574726105,90.6238861084,83.1708145142,68.5730285645,101.7900009155,50.7301445007,11.3626804352
2015-12-15,171.8295898438,42.3577270508,25.5419750214,90.0897445679,82.9592895508,68.5649108887,101.5199966431,51.2828330994,11.3373184204
2015-12-16,174.3438110352,43.2113952637,26.0441818237,89.8968963623,82.7398910522,68.5081100464,102.7500000000,52.2841529846,11.2865924835
2015-12-17,171.6870880127,42.6615829468,25.7067623138,90.9132308960,83.0846481323,68.5081100464,100.5000000000,52.0240707397,11.1682310104
2015-12-18,168.6284942627,42.2130432129,25.6204433441,91.4176559448,83.3823547363,68.5973968506,102.0400009155,51.4193725586,11.2189579010
2015-12-21,170.0195465088,42.4086303711,25.8204746246,91.3953933716,83.4215240479,68.5892486572,103.1500015259,51.6209411621,11.1682310104
2015-12-22,171.5623626709,42.7297363281,26.0276718140,90.7351455688,83.1864776611,68.5730285645,102.6100006104,51.8290061951,11.1175041199
2015-12-23,173.6868438721,43.4449501038,26.3942623138,90.0527114868,82.9984359741,68.5486602783,102.3099975586,52.3617210388,11.3204107285
2015-12-24,173.4002380371,43.3719558716,26.2986335754,90.5685577393,83.1506805420,68.5754547119,103.0500030518,52.3617210388,11.3204107285
2015-12-28,173.0039978027,43.2697906494,26.1153373718,90.8362045288,83.1663436890,68.5348815918,102.2699966431,52.6518211365,11.1597766876
2015-12-29,174.8502349854,43.7003707886,26.1392402649,89.3271179199,82.7269363403,68.5186386108,102.1999969482,53.2122192383,11.3457727432
2015-12-30,173.6109619141,43.4376449585,25.7328128815,89.2378921509,82.7583465576,68.5348815918,101.4199981689,53.0276298523,11.2358655930
2015-12-31,171.8742828369,42.8538093567,25.6531200409,89.6393127441,82.8525314331,68.5024490356,101.4599990845,52.5660972595,11.2950458527
2016-01-04,169.4715728760,42.1969871521,24.9518184662,90.2860717773,83.2056427002,68.5916976929,102.8899993896,51.9331703186,11.2105016708
2016-01-05,169.7581939697,42.1313056946,25.0076065063,89.9218368530,83.1820678711,68.5511322021,103.1800003052,52.9352951050,11.1005954742
2016-01-06,167.6168212891,41.4379920959,24.5294513702,91.1335678101,83.6842498779,68.5916976929,104.6699981689,52.7902679443,10.9230537415
2016-01-07,163.5954589844,40.5768356323,23.7723693848,91.2971191406,83.8647689819,68.6160659790,106.1500015259,51.7617645264,10.8723278046
2016-01-08,161.7997283936,40.0878601074,23.5173473358,91.7059707642,84.0766220093,68.6648101807,105.6800003052,51.0694999695,10.8216018677
2016-01-11,161.9598999023,40.2557144165,23.5093822479,90.7024154663,83.8098144531,68.6891784668,104.7399978638,51.3595886230,10.5256977081
2016-01-12,163.2665863037,40.4454650879,23.5571975708,92.0107955933,84.1864547729,68.6972579956,104.2099990845,51.0167541504,10.4580640793
2016-01-13,159.1946563721,39.8178405762,23.3101463318,92.9177474976,84.5159912109,68.7379150391,104.7200012207,50.2849273682,10.3988819122
2016-01-14,161.8081817627,40.3286933899,23.6129837036,92.0479660034,84.3433532715,68.7541351318,103.0199966431,50.1662559509,10.4242448807
2016-01-15,158.3348083496,38.8691024780,22.6805782318,93.4827423096,84.7357025146,68.8109512329,104.0800018311,49.8234176636,10.2044324875
2016-01-19,158.5454711914,39.2266998291,23.0152854919,93.1928253174,84.6258468628,68.8028564453,103.9800033569,50.0871429443,10.1198883057
2016-01-20,156.5137481689,38.3363418579,22.5132179260,94.1740875244,85.0416870117,68.8515319824,105.3700027466,48.7421607971,10.0437984467
2016-01-21,157.3905334473,38.6209640503,22.6008815765,93.5347747803,84.8298645020,68.8434906006,105.4899978638,49.0124664307,10.1790695190
2016-01-22,160.6194152832,39.7594528198,23.3739051819,93.1779632568,84.6415863037,68.8191070557,105.0000000000,50.3772315979,10.4834270477
2016-01-25,158.1914062500,39.2266998291,22.9754390717,93.6834640503,84.9240341187,68.8191070557,106.0800018311,50.0607604980,10.2551584244
2016-01-26,160.3496704102,39.9273033142,23.3101463318,93.7280349731,84.9868240356,68.8515319824,107.2900009155,51.1090469360,10.4580640793
2016-01-27,158.6045532227,39.6718826294,23.2304573059,93.7057571411,85.0496063232,68.8678512573,107.6900024414,50.1200981140,10.5848798752
2016-01-28,159.4307403564,39.7886543274,23.5970439911,93.8395690918,85.1593856812,68.8678512573,106.5400009155,49.7377090454,10.7032403946
2016-01-29,163.3172302246,40.4892539978,24.3620910645,94.6350021362,85.6144866943,68.9489822388,106.9499969482,50.7596130371,10.8046922684
2016-02-01,163.2582244873,40.4454650879,24.1309909821,94.3452377319,85.4172821045,68.9124603271,108.0500030518,50.8453369141,10.6017866135
2016-02-02,160.3159942627,39.5040321350,23.3499965668,96.0955581665,86.0223541260,69.0018005371,108.0899963379,50.3838195801,10.4157915115
2016-02-03,161.2770843506,39.8324356079,24.0114459991,95.2986450195,85.9280242920,69.0180816650,109.2500000000,50.7200469971,10.6778764725
2016-02-04,161.5299682617,39.8835258484,24.1947460175,95.7604370117,86.1324005127,69.0343627930,110.5699996948,50.7464332581,10.6609678268
2016-02-05,158.4528045654,39.2704925537,23.9158115387,95.8721542358,86.2424163818,69.0180816650,112.3199996948,49.7838554382,10.5933332443
2016-02-08,156.3197937012,38.5406913757,23.5890769958,97.9352493286,86.8867263794,69.0993347168,113.8300018311,48.3597679138,10.5426073074
2016-02-09,156.3282318115,38.0955047607,23.2623405457,98.0395202637,86.9025039673,69.0749282837,113.5800018311,47.4697074890,10.2720661163
2016-02-10,156.1933898926,38.0517272949,23.3579635620,98.9034652710,87.1617813110,69.0749282837,114.4599990845,47.7993659973,10.2889747620
2016-02-11,154.1615753174,37.4970741272,22.9674663544,99.5962371826,87.5625686646,69.1399078369,119.0599975586,47.1202812195,10.4157915115
2016-02-12,157.3399505615,38.1538925171,23.3659343719,97.9427185059,86.8946380615,69.0586624146,118.3600006104,47.6609001160,10.5679702759
2016-02-16,159.9955902100,38.9274826050,23.8839340210,96.9074325562,86.6352920532,69.0180816650,114.7699966431,48.5377731323,10.4496088028
2016-02-17,162.6090393066,39.5988960266,24.3541259766,96.3115463257,86.4231338501,69.0343627930,115.4800033569,48.9531288147,10.6694231033
2016-02-18,161.9430389404,39.3945655823,24.2106800079,97.4957962036,86.8238754272,69.0912246704,118.2900009155,49.4476013184,10.6102418900
2016-02-19,161.8671722412,39.3507652283,24.0991115570,97.5777359009,86.8238754272,69.0261840820,117.5800018311,49.7311172485,10.5172433853
2016-02-22,164.2108764648,39.7959518433,24.6968021393,97.5255584717,86.7374343872,69.0343627930,115.4899978638,50.2058067322,10.6778764725
2016-02-23,162.1369476318,39.1464271545,24.1708335876,97.9203567505,86.9103012085,69.0424118042,117.2200012207,50.0739479065,10.5341520309
2016-02-24,162.8787994385,39.0077629089,24.1150474548,97.7267379761,86.9103012085,69.0586624146,117.6100006104,50.0146141052,10.6694231033
2016-02-25,164.8515930176,39.4748420715,24.1947460175,98.0767517090,87.1696472168,69.0749282837,117.9199981689,51.0365180969,10.6609678268
2016-02-26,164.4721984863,39.3726654053,23.9556617737,97.1308517456,86.7453460693,68.9855728149,117.1100006104,50.7728004456,10.6440591812
2016-02-29,163.1823272705,39.1391410828,24.1628608704,97.5554046631,86.8867263794,69.0261840820,118.6399993896,50.5750122070,10.7793292999
2016-03-01,167.0182800293,40.1608505249,25.0235443115,95.8375930786,86.2076187134,68.9343338013,117.7699966431,51.9991073608,10.7877836227
2016-03-02,167.7685546875,40.4381752014,25.3582534790,96.2331161499,86.0581207275,68.9261779785,118.6800003052,52.3749160767,10.8469629288
2016-03-03,168.4261627197,40.8322639465,25.6451549530,96.5837707520,86.1604309082,68.9505920410,120.7300033569,52.6518211365,10.9061450958
2016-03-04,168.9741973877,41.1314811707,26.1551818848,95.9644851685,85.8692932129,68.9018020630,120.5400009155,52.6584129333,11.1175041199
2016-03-07,169.1090393066,41.0803909302,26.1153373718,95.9345855713,85.6961364746,68.8530502319,121.1399993896,52.7968559265,11.3204107285
2016-03-08,167.2627105713,40.6790084839,25.6690521240,96.9942398071,86.1918792725,68.9018020630,120.5800018311,52.2562446594,11.1682310104
2016-03-09,168.0889587402,40.8322639465,25.8284416199,96.4046936035,85.8535079956,68.8773956299,119.5800018311,52.5463294983,11.3373184204
2016-03-10,168.2238006592,40.7665786743,25.8682861328,96.0092010498,85.5466384888,68.8692703247,121.5000000000,52.3551177979,11.3204107285
2016-03-11,170.9384613037,41.8320922852,26.4102001190,95.0391311646,85.3026428223,68.8042602539,119.4100036621,53.5286865234,11.3626804352
2016-03-14,170.7193603516,41.7445068359,26.2508182526,95.3376083374,85.3656463623,68.8042602539,117.8700027466,53.5352897644,11.2612276077
2016-03-15,170.4410095215,41.3504219055,25.8762588501,95.4271697998,85.3499145508,68.8286132812,117.9599990845,53.5616607666,11.1682310104
2016-03-16,171.4274597168,41.7153129578,26.3942623138,95.7107009888,85.7984390259,68.9668273926,120.5899963379,54.2077560425,11.3626804352
2016-03-17,172.5150299072,42.0364227295,26.9760169983,96.1062240601,85.8928756714,68.9587554932,120.1299972534,54.9725494385,11.4894971848
2016-03-18,173.1929168701,41.9634513855,27.1194648743,96.3077239990,86.0424041748,68.9749755859,119.8000030518,54.7352142334,11.4810428619
2016-03-21,173.4387054443,41.8977699280,27.1752490997,95.5689697266,85.7984390259,68.9668273926,118.9599990845,54.2412033081,11.5148591995
2016-03-22,173.3454437256,41.8247871399,27.1114921570,95.5465545654,85.6174392700,68.9261779785,119.3099975586,54.2412033081,11.5994043350
2016-03-23,172.2014465332,41.4015083313,26.6492805481,96.6285858154,86.0109100342,68.9668273926,116.6100006104,53.9478569031,11.3542280197
2016-03-24,172.1251831055,41.1241722107,26.5855312347,96.6658859253,85.9243545532,68.9343338013,116.3300018311,53.9678497314,11.2865924835
2016-03-28,172.2268676758,41.3723220825,26.6731872559,96.7927398682,86.0502243042,68.9505920410,116.5999984741,54.4545364380,11.3204107285
2016-03-29,173.8199920654,41.8174896240,27.0397739410,97.8076095581,86.6325912476,69.0806503296,118.7600021362,55.6345520020,11.2950458527
2016-03-30,174.5826568604,42.1313056946,27.3186950684,96.7778091431,86.5145263672,69.0887908936,117.0999984741,55.5278930664,11.2527742386
2016-03-31,174.1589965820,41.7153129578,27.2947921753,97.4643554688,86.8292770386,69.1212844849,117.6399993896,55.8679084778,11.2358655930
2016-04-01,175.3452911377,41.2701377869,27.2151012421,97.7185974121,86.8040695190,69.0814514160,116.9300003052,55.7945747375,11.0414161682
2016-04-04,174.7775726318,41.1825714111,26.8883609772,97.7783966064,86.9065246582,69.1302719116,116.1500015259,55.7145538330,10.8892354965
2016-04-05,173.0318908691,40.3724899292,26.3623886108,98.8477630615,87.2533111572,69.1546401978,117.6600036621,55.3478851318,10.8638734818
2016-04-06,174.9216156006,41.0293121338,26.6811580658,98.1298751831,87.0641174316,69.1302719116,116.9400024414,55.4812049866,10.9822340012
2016-04-07,172.8285675049,40.4308662415,26.1472110748,99.3412475586,87.5133666992,69.1709442139,118.6100006104,55.1345481873,10.9484176636
2016-04-08,173.2945861816,41.2044601440,26.6014652252,98.7130661011,87.3794021606,69.1709442139,118.4300003052,55.4412193298,11.2105016708
2016-04-11,172.8878479004,41.2263526917,26.9441394806,98.5859832764,87.3636932373,69.1627807617,120.0299987793,55.3278884888,11.2950458527
2016-04-12,174.4979248047,41.8393974304,27.3585472107,97.9055099487,87.0168762207,69.1465072632,120.0500030518,55.7279090881,11.5402221680
2016-04-13,176.2605285645,42.5035057068,27.8446712494,98.2495193481,87.0799484253,69.1139984131,118.7699966431,55.4812049866,11.5994043350
2016-04-14,176.2689361572,42.6421661377,27.7091903687,97.7783966064,86.8750152588,69.1139984131,117.1100006104,55.1745605469,11.5064058304
2016-04-15,176.0741119385,42.5472869873,27.5498046875,98.6158752441,87.1350708008,69.1627807617,117.9199981689,55.5878906250,11.4641342163
2016-04-18,177.3113098145,42.9121894836,27.6773166656,98.1896743774,87.0483932495,69.1546401978,117.7399978638,55.8545570374,11.5148591995
2016-04-19,177.8705749512,43.6565895081,28.0996856689,97.8831024170,86.9065246582,69.1302719116,119.5800018311,55.8812294006,11.7600374222
2016-04-20,178.0400695801,43.6930732727,27.9721794128,96.8062667847,86.4651565552,69.0814514160,118.9700012207,54.9345436096,11.9883060455
2016-04-21,177.0824890137,43.4303436279,27.6932544708,96.2305221558,86.3233108521,69.0651855469,119.4199981689,53.9545135498,11.9375791550
2016-04-22,177.0824890137,43.4522438049,27.5259017944,95.9837570190,86.2287597656,69.0651855469,117.8899993896,54.5412025452,11.8868532181
2016-04-25,176.7774658203,43.2333068848,27.3505840302,95.5874938965,86.1341552734,69.0489273071,118.2300033569,54.9945526123,11.8783979416
2016-04-26,177.0401611328,43.3865547180,27.6454429626,95.1537246704,85.9528732300,69.0326080322,118.6999969482,55.2078819275,12.0305767059
2016-04-27,177.4045410156,43.4157524109,27.8127994537,96.1033859253,86.4257583618,69.0814514160,119.0400009155,55.1745605469,12.1404848099
2016-04-28,175.7944335938,42.8246116638,27.5259017944,96.4997100830,86.7252578735,69.1221160889,121.2900009155,55.0612182617,12.2081193924
2016-04-29,174.8454132080,42.6421661377,27.4063587189,96.7464828491,86.6937332153,69.1465072632,123.6500015259,54.5545349121,12.3264808655
2016-05-02,176.2351226807,43.0435523987,27.3346366882,95.7724151611,86.4419326782,69.1212844849,123.2399978638,55.4012107849,12.1573934555
2016-05-03,174.7012939453,42.3356475830,26.5616149902,96.9787445068,86.9550247192,69.1945190430,122.9599990845,55.4878959656,11.9713964462
2016-05-04,173.7267761230,41.8466835022,26.1312732697,97.5107650757,87.1128692627,69.1863784790,122.2099990845,56.2812232971,11.9798507690
2016-05-05,173.6929016113,41.7591056824,26.1233062744,98.1626205444,87.3496170044,69.2108383179,122.0699996948,56.4412307739,11.8614892960
2016-05-06,174.3284606934,41.8758811951,26.1631584167,97.7430419922,87.1444244385,69.1945190430,123.1800003052,57.0612487793,11.9375791550
2016-05-09,174.4724884033,41.7882957458,25.8284416199,98.0502319336,87.3101959229,69.2270660400,120.6500015259,57.6879348755,11.6754932404
2016-05-10,176.6418609619,42.3867301941,26.3225364685,98.0577316284,87.2943496704,69.2433776855,120.9800033569,57.6812705994,11.9629411697
2016-05-11,174.9894409180,42.0218391418,26.2587852478,98.6121749878,87.4285812378,69.2189712524,122.1200027466,56.4479179382,12.2419347763
2016-05-12,175.0402832031,42.0072479248,26.1870574951,98.1626205444,87.1917419434,69.1782302856,121.1600036621,56.7745857239,12.2588462830
2016-05-13,173.5149536133,41.5766525269,25.7168731689,99.1142196655,87.5232925415,69.1863784790,121.7099990845,56.2679061890,12.2419347763
2016-05-16,175.2266845703,42.0729255676,26.0276718140,98.2600250244,87.2075653076,69.1538619995,121.8000030518,56.8012466431,12.3772058487
2016-05-17,173.5911865234,41.7663993835,25.9081306458,98.4248580933,87.0891799927,69.1294250488,122.2200012207,55.7479057312,12.4702043533
2016-05-18,173.6420288086,41.7810058594,25.6531200409,97.0236968994,86.3867034912,69.0073547363,120.0999984741,54.8745460510,12.3772058487
2016-05-19,173.0403442383,41.4817771912,25.4140338898,97.4433135986,86.4735260010,69.0236053467,119.8700027466,54.2611961365,12.3433895111
2016-05-20,174.1335906982,41.8247871399,25.6690521240,97.5182418823,86.5287780762,69.0480117798,119.7099990845,54.6945304871,12.3941154480
2016-05-23,173.8962554932,41.6861190796,25.6212406158,97.7355346680,86.5840377808,69.0399475098,119.3700027466,54.7011947632,12.3264808655
2016-05-24,176.1503753662,42.2918548584,25.8842277527,97.3009490967,86.4419326782,68.9910583496,117.3000030518,55.3812332153,12.3264808655
2016-05-25,177.3452148438,42.7370376587,26.1950302124,96.9337768555,86.4025344849,69.0317764282,116.9800033569,55.3812332153,12.4702043533
2016-05-26,177.3960418701,42.8538093567,26.3703575134,97.4357986450,86.6708374023,69.0724182129,116.5800018311,55.4878959656,12.4617509842
2016-05-27,178.1587524414,42.8100204468,26.3623886108,97.2934646606,86.5050811768,69.0317764282,115.6200027466,55.7879180908,12.5124769211
2016-05-31,177.8197326660,42.6056747437,26.3942623138,97.5257339478,86.6077423096,69.0643692017,116.0599975586,55.7812156677,12.4363870621
2016-06-01,178.1841888428,42.5691795349,26.3783226013,97.9214401245,86.5784301758,69.0162887573,115.9400024414,55.8279075623,12.5632019043
2016-06-02,178.7265167236,42.5691795349,26.5934925079,98.6271896362,86.8471984863,69.0732574463,115.6699981689,56.1145782471,12.5885667801
2016-06-03,178.1925964355,42.8465118408,26.9999256134,100.0312118530,87.6534805298,69.1872863770,118.8799972534,56.3412551880,12.6731100082
2016-06-06,179.0993347168,43.0873451233,27.2868270874,99.2878875732,87.4242858887,69.1710052490,118.9199981689,55.9079170227,12.8252887726
2016-06-07,179.3789825439,43.4011573792,27.5338687897,99.5281600952,87.5507354736,69.1872863770,118.8199996948,56.2479171753,12.9521036148
2016-06-08,179.9636840820,43.4887275696,27.7331008911,100.0612258911,87.6534805298,69.2035903931,120.5800018311,56.6079101562,13.1719179153
2016-06-09,179.7179718018,42.9559783936,27.4143371582,100.7069015503,87.7878494263,69.2198867798,121.2500000000,56.7345809937,13.1465549469
2016-06-10,178.0146942139,41.7080192566,26.7210006714,101.1949920654,88.0961380005,69.2606124878,121.7399978638,56.4679183960,12.9859209061
2016-06-13,176.6418609619,41.1022834778,26.3464508057,101.6454849243,88.2700805664,69.2768478394,122.6399993896,56.4812507629,12.9859209061
2016-06-14,176.2944030762,40.4454650879,26.2587852478,101.5703659058,88.2463378906,69.2849960327,122.7699966431,56.3345794678,12.9013776779
2016-06-15,176.0486145020,40.7154922485,26.5377082825,101.9608535767,88.5150527954,69.3664321899,123.6800003052,56.8679313660,12.8337440491
2016-06-16,176.5740966797,40.8030815125,26.4420795441,102.4563903809,88.6099472046,69.3257141113,122.3799972534,57.1879310608,12.6139287949
2016-06-17,175.9164886475,41.2044601440,26.5137996674,101.8181533813,88.3095321655,69.3338775635,123.9499969482,57.0945892334,12.9098329544
2016-06-20,177.0493621826,42.2261810303,26.9839878082,100.7294464111,87.9301681519,69.2931594849,123.2099990845,57.1745948792,13.0281925201
2016-06-21,177.5519256592,42.5691795349,27.1911907196,100.2639389038,87.7325363159,69.2442932129,120.8399963379,57.3925476074,12.9267406464
2016-06-22,177.2623596191,42.5431098938,27.2602653503,100.4291229248,87.9064407349,69.2686843872,120.9000015259,57.3050956726,12.8506507874
2016-06-23,179.5707092285,43.7198944092,27.9188766479,99.2804031372,87.4874572754,69.2442932129,120.1100006104,57.5943450928,12.9521036148
2016-06-24,173.1225585938,39.9660949707,26.2241477966,101.9458160400,88.6968917847,69.4071807861,126.0000000000,57.0831260681,12.6900186539
2016-06-27,170.0218963623,39.1989479065,25.8868064880,104.4910507202,89.4636459351,69.4478454590,126.6800003052,57.1234664917,12.6646547318
2016-06-28,173.0884552002,40.2267761230,26.6498374939,104.7087860107,89.4478149414,69.4722595215,125.3199996948,58.3275489807,12.8675594330
2016-06-29,176.0357055664,40.9641342163,27.3245220184,103.9053955078,89.0842056274,69.4478454590,125.8399963379,59.0338630676,13.0535545349
2016-06-30,178.4378051758,41.5748748779,27.5976047516,104.2883682251,89.2818222046,69.4804229736,126.4700012207,59.6459922791,12.9774684906
2016-07-01,178.8126373291,41.5748748779,27.8626575470,105.7363281250,89.5177078247,69.5048980713,128.4100036621,59.6661834717,13.1380996704
2016-07-05,177.5264282227,40.7704887390,27.2682933807,107.0601730347,90.0084533691,69.5374832153,129.4700012207,60.3254013062,12.7661075592
2016-07-06,178.5911407471,40.6960029602,27.1960067749,107.2331542969,90.0242614746,69.5048980713,130.2299957275,60.0630760193,12.8168334961
2016-07-07,178.4804077148,40.5321388245,27.1237201691,107.2257080078,89.9055709839,69.4722824097,129.7400054932,59.4442100525,12.4532947540
2016-07-08,181.1380920410,41.1503334045,27.7100505829,108.0154876709,90.0797348022,69.4722824097,130.5200042725,60.4061279297,12.5801115036
2016-07-11,181.7769165039,41.7536239624,27.9751052856,107.0676879883,89.6047821045,69.3989562988,129.2899932861,60.8097114563,12.5293846130
2016-07-12,183.0972595215,42.3196716309,28.3686676025,105.3076019287,89.0744400024,69.3745269775,127.1500015259,60.8030052185,12.7661075592
2016-07-13,183.0717163086,42.2749824524,28.3204765320,106.5486907959,89.3039855957,69.3908615112,128.3200073242,61.1393470764,12.6054744720
2016-07-14,184.0938568115,42.6399383545,28.7301006317,104.9991912842,88.9319305420,69.3500900269,127.3300018311,60.5944633484,12.6562004089
2016-07-15,183.8468322754,42.4239463806,28.6658515930,104.0965270996,88.5915756226,69.3175048828,126.8399963379,60.6146392822,12.6223840714
2016-07-18,184.3408966064,42.5282173157,28.9228591919,103.9987792969,88.5678176880,69.3582229614,127.0400009155,60.7760925293,12.5632019043
2016-07-19,184.1534881592,42.1930580139,28.6256828308,104.5854644775,88.8053131104,69.3663711548,127.2099990845,61.0720558167,12.4871129990
2016-07-20,184.9201354980,42.5729064941,28.7702598572,104.0137786865,88.6232299805,69.3337936401,125.3899993896,61.0787887573,12.4025688171
2016-07-21,184.2216033936,42.4016036987,28.6819076538,104.2244186401,88.8211212158,69.3826370239,127.3000030518,61.1998863220,12.3349342346
2016-07-22,185.0479431152,42.4835357666,28.8907337189,104.4049148560,88.7499008179,69.3582229614,126.3499984741,61.7380142212,12.3095722198
2016-07-25,184.5453186035,42.4313964844,28.6015949249,104.3296890259,88.6786575317,69.3093338013,125.4700012207,61.6236419678,12.1743011475
2016-07-26,184.6305236816,42.6101417542,28.8264827728,104.4951858521,88.7340850830,69.3175048828,126.0000000000,61.3209495544,12.1235761642
2016-07-27,184.4345855713,42.7665519714,28.9228591919,105.7964782715,89.1140441895,69.3663711548,128.0299987793,60.8433685303,12.0052146912
2016-07-28,184.6475219727,42.7218704224,28.9309005737,105.6008911133,89.1615371704,69.3582229614,127.6600036621,61.4084091187,11.9713964462
2016-07-29,184.9456787109,43.2283325195,29.0835056305,106.4809875488,89.5018615723,69.4478530884,128.9799957275,62.1886940002,12.0728483200
2016-08-01,184.7923736572,42.9453048706,29.0272865295,105.3265533447,89.1911163330,69.4242019653,129.2200012207,62.3232536316,11.8614892960
2016-08-02,183.6083374023,42.7293090820,28.8184471130,104.2413177490,88.9771270752,69.3997344971,130.2700042725,61.3276786804,11.8445816040
2016-08-03,184.1449432373,42.5803527832,28.9148330688,104.3016891479,89.0246810913,69.4078903198,129.6499938965,60.9711608887,12.0390310287
2016-08-04,184.3408966064,42.8261413574,29.0754756927,105.0853576660,89.2387313843,69.4568405151,129.8699951172,60.7222442627,12.0897579193
2016-08-05,185.8485870361,43.0197868347,29.4128074646,103.9926757812,88.6838226318,69.3589706421,127.5500030518,60.7626342773,12.1404848099
2016-08-08,185.7378692627,43.1091690063,29.6216487885,104.1886138916,88.6362609863,69.3345489502,127.4400024414,60.8702621460,12.2081193924
2016-08-09,185.8485870361,43.4517631531,29.8224411011,105.2135086060,88.9533767700,69.3753280640,127.9599990845,61.1998863220,12.1743011475
2016-08-10,185.3885955811,43.6007308960,29.8304748535,105.6203994751,89.1911163330,69.4078903198,128.5599975586,61.1326103210,12.0305767059
2016-08-11,186.2489013672,43.9135513306,30.2160034180,104.6784591675,88.7630996704,69.3426895142,127.6699981689,60.4397506714,12.2165718079
2016-08-12,186.0871429443,43.8018302917,30.1035556793,105.5601425171,89.0801620483,69.3916168213,127.4000015259,60.6953773499,12.3095722198
2016-08-15,186.6237487793,43.9731369019,30.4167919159,104.5653839111,88.8186264038,69.3753280640,127.8399963379,60.6348114014,12.5124769211
2016-08-16,185.6611785889,43.9061050415,30.2802600861,104.2865982056,88.6679992676,69.3508377075,128.4700012207,59.9083175659,12.6139287949
2016-08-17,186.0104370117,43.8912124634,30.0874938965,104.9120407104,88.8106460571,69.3508377075,128.5000000000,60.1505088806,12.6646547318
2016-08-18,186.4278564453,44.1146507263,30.3686103821,105.0778961182,88.9691696167,69.3997344971,129.1100006104,59.9285278320,12.8252887726
2016-08-19,186.1552581787,43.7869300842,30.1999454498,104.5276947021,88.6679992676,69.3345489502,127.9700012207,59.5451240540,12.7830162048
2016-08-22,186.1467742920,43.8316230774,29.7983436584,105.4094085693,88.8661880493,69.3426895142,127.7799987793,59.8680000305,12.6646547318
2016-08-23,186.5215911865,44.0178298950,29.6778697968,105.5224456787,88.8582534790,69.3508377075,127.7600021362,59.9016189575,12.7153816223
2016-08-24,185.5675048828,43.9135513306,29.7581806183,105.2737655640,88.8265533447,69.3345489502,126.3399963379,59.6392898560,12.5632019043
2016-08-25,185.4397277832,43.7348022461,29.7822818756,104.8744049072,88.6838226318,69.3100738525,126.2300033569,59.9083175659,12.6139287949
2016-08-26,185.0905151367,43.4741210938,29.5252532959,104.2640075684,88.3429870605,69.2448272705,126.0500030518,59.3164024353,12.5716581345
2016-08-29,186.0019378662,43.6081771851,29.7501525879,105.6581115723,88.7076416016,69.2856216431,126.3000030518,59.9016189575,12.5209302902
2016-08-30,185.6952819824,43.5485954285,29.6698360443,105.2510833740,88.6996841431,69.2937469482,125.0299987793,59.7872657776,12.4025688171
2016-08-31,185.1671447754,43.4592247009,29.3405265808,105.4018859863,88.5965881348,69.2856216431,124.7799987793,59.8477935791,12.1658468246
2016-09-01,185.1756896973,43.7571449280,29.5654201508,105.5181961060,88.7355651855,69.3182983398,125.2900009155,59.6998291016,12.0305767059
2016-09-02,186.0104370117,44.2636032104,30.0473289490,104.6575012207,88.5053710938,69.3182983398,126.5699996948,60.2177543640,12.1658468246
2016-09-06,186.5726623535,44.5615310669,30.6898765564,105.4200134277,88.9180831909,69.3671875000,128.7100067139,60.6819152832,12.2503900528
2016-09-07,186.5556182861,44.5838737488,30.5934982300,105.3444747925,88.9657440186,69.3671875000,128.2700042725,61.0451736450,12.3602972031
2016-09-08,186.1297302246,44.4572525024,30.5131855011,104.0232925415,88.5291976929,69.3182983398,127.5899963379,60.2984924316,12.5801115036
2016-09-09,181.6747131348,43.5932884216,29.4850940704,102.3096008301,88.1084976196,69.2937622070,126.7500000000,57.9104881287,12.3856601715
2016-09-12,184.2812957764,43.9507865906,29.6858940125,102.3624420166,88.1878509521,69.3182983398,126.5899963379,58.5966339111,12.3856601715
2016-09-13,181.6321258545,43.0644798279,28.9389247894,101.1999053955,87.8624191284,69.2937622070,125.7500000000,57.1254920959,12.2250280380
2016-09-14,181.5639495850,43.0048942566,29.0272865295,101.3508834839,88.0608291626,69.3345718384,126.1800003052,57.3083610535,12.1320304871
2016-09-15,183.3783416748,43.3773040771,29.5252532959,100.9129943848,88.0846939087,69.3916397095,125.3700027466,57.5251197815,12.1912097931
2016-09-16,182.6694793701,42.8186988831,29.3244609833,101.7283248901,88.1798858643,69.3590240479,125.0599975586,57.5522232056,12.2081193924
2016-09-19,182.7037048340,43.0421295166,29.5573844910,101.3961791992,88.0291137695,69.3427200317,125.3199996948,58.0737304688,12.1996641159
2016-09-20,182.7122955322,43.3028106689,29.5734539032,101.7509841919,88.1640853882,69.3263854980,125.4400024414,57.9856872559,12.2419347763
2016-09-21,184.7669830322,44.0625114441,30.4007282257,102.5738525391,88.3069458008,69.3427200317,127.2699966431,58.7307510376,12.3941154480
2016-09-22,185.9312744141,44.5093955994,30.6175994873,103.3891983032,88.5688323975,69.3263854980,127.5699996948,59.7805976868,12.4617509842
2016-09-23,184.9124755859,44.1369857788,30.2240352631,103.2911071777,88.6085968018,69.3671875000,127.6500015259,59.9634628296,12.3180246353
2016-09-26,183.4142761230,43.7273521423,29.7822818756,103.9478454590,88.8625717163,69.4079666138,127.5500030518,60.1057395935,12.4025688171
2016-09-27,184.5529632568,43.9359016418,30.2079696655,104.7103958130,89.0134048462,69.4161911011,126.6200027466,59.4690322876,12.2842073441
2016-09-28,185.4689636230,44.2487030029,30.4810523987,104.4838638306,88.9736633301,69.4079666138,126.2200012207,59.9567070007,12.5716581345
2016-09-29,183.7909851074,43.6975555420,29.9509563446,104.7480773926,89.0292739868,69.4324798584,126.0699996948,59.1574516296,12.6477460861
2016-09-30,185.1778564453,44.0401649475,30.0794601440,103.8119659424,88.8070068359,69.3753814697,125.6399993896,58.7510681152,12.6900186539
2016-10-03,184.7326965332,43.9210014343,30.2882919312,103.4693145752,88.6003494263,69.3663940430,125.3199996948,57.6537971497,12.7999248505
2016-10-04,183.7909851074,43.9135513306,29.9509563446,102.2592926025,88.1949234009,69.3092269897,120.9700012207,56.8681030273,12.7661075592
2016-10-05,184.6042938232,44.0923042297,30.3846683502,101.7828292847,87.9962615967,69.2684020996,120.7799987793,55.7166442871,12.8421974182
2016-10-06,184.7326965332,43.8539695740,30.4087734222,101.2156143188,87.8134689331,69.2684020996,119.6600036621,55.7369766235,12.8675594330
2016-10-07,184.0991973877,43.6305313110,30.2722225189,101.2836227417,87.9406356812,69.2929229736,119.7399978638,55.6421394348,12.8337440491
2016-10-10,185.0580444336,43.7571449280,30.6015357971,100.6861801147,87.7101440430,69.2602386475,120.1600036621,55.9875831604,12.9774684906
2016-10-11,182.7208557129,43.1389579773,29.8947257996,100.4593048096,87.6863098145,69.2520828247,119.5500030518,55.4457130432,12.9013776779
2016-10-12,182.9605865479,43.0421295166,29.8385009766,100.5576248169,87.6863098145,69.2520828247,119.7399978638,56.0823936462,12.8083791733
2016-10-13,182.3612823486,42.8782768250,29.5734539032,100.9357757568,87.8690643311,69.2765731812,120.0299987793,56.5226631165,12.8929224014
2016-10-14,182.4554595947,42.9527549744,29.6216487885,99.5214996338,87.5988388062,69.2602386475,119.3600006104,56.2720642090,12.9013776779
2016-10-17,181.8219451904,42.8261413574,29.5895175934,100.1567993164,87.7896041870,69.3173904419,119.6800003052,56.3939819336,12.9182853699
2016-10-18,182.9605865479,43.2506752014,30.1115932465,100.4819946289,87.9644851685,69.3419189453,120.4199981689,56.7529602051,12.9436492920
2016-10-19,183.4485321045,43.3698387146,30.2963199615,100.5651473999,88.0042266846,69.3419189453,121.1100006104,56.8748474121,13.0281925201
2016-10-20,183.1061096191,43.4368743896,30.2079696655,100.6710586548,87.9247436523,69.3092269897,120.7399978638,56.7461776733,12.9098329544
2016-10-21,183.1916809082,43.3400535583,30.1999454498,100.8223724365,88.0200881958,69.3255767822,120.8300018311,56.5362167358,12.9605588913
2016-10-24,183.9708404541,43.3326072693,30.3284473419,100.3836593628,87.9008712769,69.3010635376,120.5599975586,56.6649017334,12.9690122604
2016-10-25,183.3543853760,43.3028106689,30.3605766296,100.6483612061,87.8849868774,69.3010635376,121.4700012207,56.5633087158,12.9098329544
2016-10-26,182.9862823486,43.1091690063,30.0393066406,99.9676742554,87.6942214966,69.2765731812,120.7900009155,55.8250350952,12.8252887726
2016-10-27,182.4982757568,43.0570259094,29.7822818756,98.8786468506,87.3921813965,69.2929229736,121.0100021362,54.3620071411,12.9013776779
2016-10-28,181.9589385986,43.0421295166,29.6618041992,98.6593551636,87.4080963135,69.2929229736,121.5800018311,54.4906959534,12.8168334961
2016-10-31,181.9674682617,43.0644798279,29.8304748535,99.2643051147,87.4796218872,69.3419189453,121.9400024414,55.3779945374,12.6477460861
2016-11-01,180.6490631104,42.8782768250,29.5895175934,99.2719116211,87.4827651978,69.3426971436,122.7300033569,54.1723556519,12.7069282532
2016-11-02,179.5617980957,42.5878105164,29.2361030579,99.7038421631,87.7454528809,69.3835525513,123.6399993896,53.3798713684,12.5547494888
2016-11-03,178.7398681641,42.5431098938,29.1557979584,98.9385528564,87.6897354126,69.3916778564,124.3000030518,52.9666938782,12.5124769211
2016-11-04,178.5429840088,42.1334762573,28.8586063385,99.8250961304,87.9604034424,69.4162292480,124.3899993896,53.3866577148,12.4279327393
2016-11-07,182.4811096191,42.7144241333,29.9027557373,98.9763946533,87.5942230225,69.3916778564,122.1500015259,54.3213615417,12.4786586761
2016-11-08,183.3030090332,42.8335838318,30.0955238342,98.5747833252,87.2838134766,69.3182373047,121.6399993896,54.6058387756,12.4617509842
2016-11-09,185.2463073730,42.8708305359,29.1156330109,94.3920516968,85.9546051025,69.2283248901,121.5599975586,53.7795104980,12.5209302902
2016-11-10,185.7086486816,42.7516555786,28.2883510590,92.9977951050,85.4372177124,69.2038497925,119.7500000000,52.8786468506,12.4194784164
2016-11-11,185.2806091309,42.4909858704,27.7502098083,92.4749832153,85.2621307373,69.2038497925,117.0999984741,53.1969871521,12.1827564240
2016-11-14,185.4261779785,42.2600936890,27.5494098663,91.9217910767,84.7685928345,69.0976867676,116.1100006104,54.4568252563,12.1573934555
2016-11-15,186.8730621338,42.4462890625,28.1036109924,92.3764419556,84.7685928345,69.1221694946,117.1200027466,54.0030097961,12.4279327393
2016-11-16,186.5220031738,41.9994087219,27.8706951141,93.2099914551,84.8482360840,69.1139907837,116.7699966431,53.8472290039,12.2757549286
2016-11-17,187.4808502197,42.3196716309,27.9108486176,91.8384628296,84.4740676880,69.1058578491,116.1699981689,53.2986068726,12.3011178970
2016-11-18,187.0613250732,41.8578948975,27.7823371887,91.5732192993,84.1000442505,69.0649871826,115.1500015259,53.4543838501,12.4025688171
2016-11-21,188.4739837646,42.2153930664,28.0554294586,91.8005981445,84.1716308594,69.0568771362,115.5800018311,53.2918281555,12.7491989136
2016-11-22,188.8420867920,42.3196716309,28.4811153412,91.7702331543,84.2512512207,69.0404968262,115.5400009155,54.2265396118,12.7322902679
2016-11-23,188.9448242188,42.1707115173,28.1759033203,91.4141464233,83.9487762451,68.9996337891,113.2500000000,53.9962425232,12.7830162048
2016-11-25,189.6468505859,42.2973289490,28.3124427795,91.5505294800,83.8771209717,68.9914779663,112.6100006104,54.3078269958,12.6900186539
2016-11-28,188.7564086914,42.0738906860,28.4248905182,92.2249298096,84.2591857910,69.0323181152,113.8000030518,54.5584259033,12.7322902679
2016-11-29,189.1246185303,42.3420219421,28.4650516510,92.6113281250,84.3467712402,69.0404968262,113.2699966431,55.0799789429,12.4786586761
2016-11-30,188.6708984375,42.2973289490,28.5132427216,91.1110305786,83.7816390991,69.0159988403,111.7500000000,54.4500427246,12.8591070175
2016-12-01,187.9773559570,42.1334762573,28.1759033203,90.1490478516,83.4620056152,68.9833374023,111.5400009155,53.6508064270,13.0958280563
2016-12-02,188.0715332031,42.2377471924,28.2080307007,90.8096008301,83.8366546631,69.0568923950,112.1399993896,54.1858940125,13.1888265610
2016-12-05,189.2016754150,42.6548309326,28.4409542084,90.7108688354,83.8047790527,69.0568923950,111.5400009155,54.5855255127,13.2564611435
2016-12-06,189.8009490967,42.9453048706,28.5935592651,90.6425399780,83.8366546631,69.0404968262,111.4300003052,54.9377288818,13.1972808838
2016-12-07,192.2836761475,43.5858345032,29.0754756927,91.4170150757,84.1156311035,69.0650253296,111.8300018311,56.0349960327,13.0958280563
2016-12-08,192.7545776367,43.5485954285,29.2039852142,90.3388442993,83.7967758179,69.0568923950,111.5699996948,56.4210433960,13.1211919785
2016-12-09,193.9188232422,43.7348022461,29.0513801575,89.2151184082,83.3663558960,69.0486602783,110.4000015259,56.3600883484,13.1888265610
2016-12-12,193.6962432861,43.5411415100,28.8586063385,89.3821487427,83.3822784424,69.0241622925,110.8199996948,56.7326316833,13.2733697891
2016-12-13,194.9889984131,44.0103759766,29.1798877716,89.7011032104,83.4300689697,69.0159912109,110.4499969482,56.7055587769,13.3071880341
2016-12-14,193.3794860840,43.3623924255,28.3124427795,88.6987915039,82.7366638184,68.8852386475,108.8300018311,55.4660491943,13.1803722382
2016-12-15,194.1757507324,43.2655677795,28.3606319427,89.1467590332,82.5055313110,68.8525238037,107.3399963379,55.1409149170,13.1634635925
2016-12-16,193.7958984375,43.2953643799,28.2321224213,88.9417724609,82.6090927124,68.8852386475,108.0500030518,55.9672660828,13.2226438522
2016-12-19,194.2178649902,43.2283325195,28.0393600464,89.8984832764,82.9917221069,68.9179077148,108.5899963379,56.5700721741,13.1465549469
2016-12-20,194.9670715332,43.3773040771,28.1357364655,89.4504547119,82.8164138794,68.9260482788,107.7900009155,56.6987724304,13.2057342529
2016-12-21,194.4245300293,43.3893318176,28.0187606812,89.8453063965,82.9519424438,68.9588012695,107.8499984741,55.8385620117,13.1296463013
2016-12-22,194.0886840820,43.2915039062,27.6856880188,89.6846923828,82.9159545898,68.9759216309,107.5899963379,55.7451972961,13.1127386093
2016-12-23,194.3729095459,43.4043884277,27.8481597900,89.8674240112,82.9957733154,68.9759216309,107.9300003052,55.8904266357,13.1380996704
2016-12-27,194.8551483154,43.3517189026,27.9700183868,89.5781555176,82.8760375977,68.9432525635,108.5599975586,56.0079841614,13.3410043716
2016-12-28,193.2447357178,43.1861572266,28.1812362671,90.2328033447,83.1794128418,68.9677658081,108.8600006104,55.6691207886,13.3494596481
2016-12-29,193.2017364502,43.2915039062,28.6442890167,90.5525054932,83.4348526001,69.0413589478,110.2900009155,56.3606758118,13.3663682938
2016-12-30,192.4955444336,43.4420089722,28.4411926270,90.6895217896,83.6823654175,69.0659332275,109.6100006104,57.0729751587,13.3917322159
2017-01-03,193.9681091309,43.7129058838,28.7823982239,91.0778121948,83.6424484253,69.0086975098,110.4700012207,57.2596778870,13.2310972214
2017-01-04,195.1220855713,44.2095680237,29.0017280579,91.4280014038,83.7382659912,69.0250167847,110.8600006104,58.0964279175,13.3325510025
2017-01-05,194.9670715332,44.5858116150,29.3185539246,92.8591613770,84.2811050415,69.0741043091,112.5800018311,58.2831687927,13.4001865387
2017-01-06,195.6646118164,44.4353103638,29.1966972351,92.0065536499,83.8979339600,69.0168457031,111.7500000000,58.2900772095,13.3832778931
2017-01-09,195.0187683105,44.3675880432,29.1723251343,92.7449493408,84.2172470093,69.0741043091,112.6699981689,57.7645034790,13.1803722382
2017-01-10,195.0187683105,44.3751144409,29.3429317474,92.6840744019,84.1773529053,69.0495605469,113.1500015259,57.2735061646,13.1211919785
2017-01-11,195.5699005127,44.6083869934,29.6922512054,92.9961776733,84.2731018066,69.0822906494,113.5000000000,56.9208450317,13.2649154663
2017-01-12,195.0790710449,44.6761054993,29.8222236633,92.7906417847,84.3210449219,69.1068496704,113.9100036621,57.2112846375,13.4593667984
2017-01-13,195.5268249512,44.8416557312,29.7978553772,92.3490829468,84.1374130249,69.0741043091,114.2099990845,57.1282920837,13.4340038300
2017-01-17,194.8378753662,44.6761054993,29.7816066742,93.3158950806,84.5605773926,69.1231536865,115.8499984741,57.5708732605,13.4255495071
2017-01-18,195.2685089111,44.5481872559,29.6191310883,92.1207504272,83.9618148804,69.0577697754,114.8700027466,57.6677093506,13.3071880341
2017-01-19,194.5451354980,44.4353103638,29.5297737122,91.4888992310,83.6424484253,69.0332412720,114.7699966431,57.0798835754,13.2649154663
2017-01-20,195.2598724365,44.6911582947,29.5866336823,91.3061599731,83.6823654175,69.0741043091,115.0500030518,57.4948081970,13.4170951843
2017-01-23,194.7518463135,44.8040390015,30.0253181458,92.2197036743,84.1214599609,69.1394882202,115.7900009155,57.9788780212,13.4170951843
2017-01-24,196.0005035400,44.9169082642,30.2121696472,91.5878677368,83.8021316528,69.0986022949,115.2699966431,57.9927444458,13.4509124756
2017-01-25,197.6969757080,45.3834686279,30.5452461243,90.4383850098,83.3869705200,69.0822906494,114.3199996948,57.6123657227,13.3663682938
2017-01-26,197.4903106689,45.2028694153,30.4152622223,90.7428512573,83.4987411499,69.0904312134,113.2600021362,57.5017166138,13.4255495071
2017-01-27,197.1802673340,45.1276092529,30.4396324158,91.0701828003,83.6025466919,69.1231536865,113.4899978638,56.9415740967,13.3156423569
2017-01-30,195.9574737549,44.8040390015,30.2771530151,90.7961273193,83.5786209106,69.1231536865,113.9700012207,56.5542984009,13.2395524979
2017-01-31,195.9402618408,44.8717689514,30.3340225220,91.4280014038,83.8659896851,69.1394882202,115.5500030518,56.9623374939,13.3156423569
2017-02-01,196.0176696777,45.0523643494,30.3502750397,90.8626480103,83.7053298950,69.1158065796,115.1999969482,56.2777023315,13.4593667984
2017-02-02,196.1468963623,45.0749359131,30.4802513123,90.8245391846,83.7372665405,69.1403198242,115.8399963379,56.9484901428,13.4593667984
2017-02-03,197.4988861084,45.2555503845,30.6671009064,90.7863616943,83.8012466431,69.1158065796,116.1299972534,57.2596778870,13.4509124756
2017-02-06,197.1458129883,44.9319686890,30.5939884186,91.3356323242,84.2009735107,69.1894683838,117.6999969482,57.1628761292,13.3663682938
2017-02-07,197.1544494629,44.8868103027,30.4396324158,92.0070037842,84.3529434204,69.1730880737,117.4599990845,56.9623374939,13.3071880341
2017-02-08,197.4128112793,44.9620666504,30.6264762878,93.2581558228,84.6967468262,69.2385330200,118.1900024414,57.4118156433,13.3579139709
2017-02-09,198.5839996338,45.1501884460,30.7645740509,92.1825027466,84.1930313110,69.1812210083,117.2900009155,57.5501403809,13.4255495071
2017-02-10,199.3676452637,45.2555503845,31.0489101410,92.1290893555,84.1370315552,69.1730880737,117.5999984741,57.9581336975,13.5692720413
2017-02-13,200.4527282715,45.4361495972,31.1463966370,91.8391876221,84.0091323853,69.1567077637,116.8000030518,57.9788780212,13.4170951843
2017-02-14,201.2535705566,45.3684158325,31.1788940430,91.1754837036,83.7053298950,69.1076126099,116.9300003052,57.6746177673,13.4340038300
2017-02-15,202.3041839600,45.5414924622,31.4307231903,90.7558670044,83.5453414917,69.0830383301,117.4499969482,57.4809646606,13.4509124756
2017-02-16,202.1319732666,45.6468429565,31.3169975281,91.2517395020,83.8811645508,69.1158065796,118.0800018311,57.8198394775,13.3663682938
2017-02-17,202.4505615234,45.5264472961,31.1870155334,91.7934188843,84.1050186157,69.1648788452,117.6800003052,57.9304771423,13.3410043716
2017-02-21,203.6562042236,45.6769485474,31.5282173157,91.6332321167,84.0650939941,69.1730880737,117.7500000000,58.6704406738,13.3240976334
2017-02-22,203.4753570557,45.6769485474,31.6256942749,91.7858276367,84.2009735107,69.1894683838,117.9100036621,58.4767875671,13.2564611435
2017-02-23,203.6131439209,45.7747726440,31.6338176727,92.0604248047,84.4248580933,69.2221832275,118.9400024414,58.7810554504,13.2987327576
2017-02-24,203.8715057373,45.4436683655,31.2601280212,93.0827102661,84.8166656494,69.2549057007,119.6999969482,59.0576744080,13.2733697891
2017-02-27,204.1901245117,45.4737663269,31.1626453400,92.5334472656,84.5128173828,69.1976242065,119.1200027466,59.3688850403,13.2395524979
2017-02-28,203.6389770508,45.4060401917,30.8620700836,92.8767089844,84.4728317261,69.1648788452,119.2300033569,58.9608650208,13.2902793884
2017-03-01,206.4894409180,45.8801193237,31.3413658142,91.3204803467,83.8843383789,69.1108474731,119.0599975586,58.7810554504,13.3494596481
2017-03-02,205.1890258789,45.5791168213,30.7889556885,90.9917678833,83.6441497803,69.0371398926,117.5800018311,58.4629745483,13.1380996704
2017-03-03,205.3182220459,45.8500137329,31.0245418549,91.2287521362,83.7242584229,69.0535659790,117.5100021362,58.2347412109,13.2057342529
2017-03-06,204.7068328857,45.7070426941,31.0407829285,90.7930679321,83.7082366943,69.0699005127,116.7200012207,57.9719696045,13.1888265610
2017-03-07,204.0954132080,45.5490150452,31.0732860565,90.5178909302,83.5881423950,69.0453491211,115.7799987793,57.6953620911,13.1296463013
2017-03-08,203.7164764404,45.3834686279,30.7808284760,90.0286788940,83.3079452515,68.9880065918,115.0599975586,56.6303939819,12.8337440491
2017-03-09,203.9748229980,45.5565452576,30.5371150970,89.3101272583,83.0756912231,68.9798507690,114.4700012207,55.7798004150,12.7238359451
2017-03-10,204.6895751953,45.9403190613,30.8783130646,89.6235504150,83.2518539429,69.0207901001,114.7200012207,55.6068878174,12.6054744720
2017-03-13,204.7929229736,46.1811218262,31.3088741302,89.0579071045,83.0437011719,68.9880065918,114.7399978638,55.7451972961,12.5885667801
2017-03-14,204.0092926025,45.8274421692,31.1301460266,89.4859542847,83.1317520142,68.9798507690,114.1200027466,55.7313804626,12.5378389359
2017-03-15,205.7746582031,46.4821205139,31.9425125122,90.5790557861,83.8603439331,69.1108474731,116.2500000000,56.8586006165,12.6477460861
2017-03-16,205.3699188232,46.7078704834,32.1374931335,90.1204071045,83.6281280518,69.0617141724,116.7300033569,56.7479515076,12.6308374405
2017-03-17,205.0092468262,46.8282661438,32.0806312561,90.6860656738,83.8523941040,69.0944747925,116.9899978638,57.0107307434,12.6731100082
2017-03-20,204.7844238281,46.7304420471,32.4543190002,91.0758285522,84.0525054932,69.1353988647,117.5100021362,56.9623374939,12.6646547318
2017-03-21,202.1550445557,46.5197448730,32.0968666077,91.8326187134,84.3327407837,69.1682128906,118.5400009155,56.7133636475,12.5970211029
2017-03-22,202.6307525635,46.5272712708,32.2512207031,92.1994628906,84.4928359985,69.1845016479,118.8300018311,56.6820259094,12.5885667801
2017-03-23,202.4145355225,46.6326179504,32.2593383789,92.0695571899,84.4047851562,69.1845016479,118.6699981689,57.0999870300,12.5632019043
2017-03-24,202.2675323486,46.7605476379,32.3405876160,92.3982772827,84.4528274536,69.1845016479,118.8600006104,57.0372734070,12.6054744720
2017-03-27,202.0599670410,46.8809509277,32.2512207031,92.8186798096,84.6610336304,69.2091293335,119.5299987793,56.5218009949,12.5885667801
2017-03-28,203.5302886963,47.1067085266,32.3405876160,92.1994628906,84.3727340698,69.1763381958,119.0400009155,56.7656173706,12.6646547318
2017-03-29,203.7205352783,47.1067085266,32.3974494934,92.7498703003,84.6129913330,69.2173156738,119.3300018311,57.0860404968,12.7830162048
2017-03-30,204.3692321777,46.9411506653,32.2268562317,92.0007858276,84.3727340698,69.2008895874,118.4700012207,57.1905364990,12.8337440491
2017-03-31,203.8935241699,46.8734321594,31.9993915558,92.2683029175,84.5409011841,69.2091293335,118.7200012207,57.5318679810,12.8591070175
2017-04-03,203.5389556885,46.8057022095,32.1781158447,93.1989898682,84.9570388794,69.2730026245,119.3499984741,57.6990547180,12.8083791733
2017-04-04,203.6686706543,46.7906379700,32.1943702698,92.6934509277,84.8367996216,69.2484817505,119.6200027466,57.6990547180,12.9351940155
2017-04-05,203.0632171631,46.5423202515,32.0968666077,92.9768371582,84.9971618652,69.2484817505,119.6200027466,57.7826347351,12.9605588913
2017-04-06,203.6340637207,46.5498466492,32.0400161743,92.8389739990,84.9410018921,69.2648620605,119.1800003052,58.0891571045,12.9943761826
2017-04-07,203.4264678955,46.5197448730,31.9831371307,92.4636383057,84.6844329834,69.1746749878,119.4599990845,58.1727218628,13.0281925201
2017-04-10,203.5475769043,46.4670677185,31.8531646729,92.8925857544,84.8367996216,69.2075119019,119.4599990845,58.5349693298,13.1296463013
2017-04-11,203.3054199219,46.6852989197,31.7800464630,93.7735290527,85.2297515869,69.2730026245,121.1900024414,58.9389991760,13.1550092697
2017-04-12,202.4145355225,46.6476745605,31.9343967438,94.2866973877,85.4943389893,69.3221817017,122.0199966431,58.8345108032,13.1550092697
2017-04-13,201.0998687744,46.3466720581,31.7962932587,94.5777969360,85.7509231567,69.3549804688,122.5999984741,58.7021331787,13.1972808838
2017-04-17,202.8815765381,46.6326179504,32.1293678284,94.2866973877,85.6146163940,69.3467102051,122.2399978638,59.4126777649,13.1211919785
2017-04-18,202.2761383057,46.4219207764,31.7231903076,95.5199661255,86.1036987305,69.4041366577,122.8199996948,59.5728836060,13.0704650879
2017-04-19,201.9042510986,46.2337913513,31.5282173157,94.9990692139,85.8792037964,69.3713531494,121.7300033569,59.4892883301,12.8421974182
2017-04-20,203.5475769043,46.6025276184,31.9181537628,94.6314239502,85.6867599487,69.3631591797,121.9599990845,59.4962768555,12.7914714813
2017-04-21,202.8988494873,46.6326179504,31.9181537628,94.6314239502,85.7268753052,69.3959808350,122.3099975586,59.2803230286,12.6646547318
2017-04-24,205.1303558350,47.8140525818,32.3730812073,94.1641387939,85.5504531860,69.3221817017,121.4800033569,58.6255226135,12.6223840714
2017-04-25,206.3238677979,48.1526870728,32.6574172974,93.0305023193,85.1094360352,69.2566452026,120.2500000000,58.8693466187,12.6815633774
2017-04-26,206.1941680908,48.0172233582,32.5355567932,93.5436935425,85.3339462280,69.2812347412,120.8399963379,58.4304733276,12.6139287949
2017-04-27,206.3672332764,48.0623741150,32.4949417114,93.5130767822,85.3900680542,69.3058166504,120.3899993896,58.2772216797,12.5462951660
2017-04-28,205.9174804688,48.0096969604,32.5436744690,93.7199020386,85.4782562256,69.3385848999,120.7699966431,57.6711807251,12.5124769211
2017-05-01,206.4363861084,48.2053527832,32.7305259705,92.9407424927,85.2935714722,69.2910385132,119.6699981689,58.0125122070,12.5378389359
2017-05-02,206.5142211914,48.4536819458,32.9661102295,93.4166412354,85.4702758789,69.3156433105,119.6500015259,57.9149932861,12.4025688171
2017-05-03,206.2633666992,48.3558502197,32.7467689514,93.4780731201,85.2935714722,69.2664337158,117.9800033569,57.1417579651,12.3518419266
2017-05-04,206.5055999756,48.8148803711,32.3812065125,93.0175323486,85.1008071899,69.2582321167,116.7900009155,56.8631362915,12.0559415817
2017-05-05,207.3185119629,49.3566741943,32.6492843628,93.1019668579,85.1169204712,69.2827682495,117.0100021362,57.3995170593,12.2250280380
2017-05-08,207.2839813232,48.9879646301,32.6411705017,92.5953292847,84.9081344604,69.2500000000,116.7500000000,56.9954795837,12.1743011475
2017-05-09,207.0936889648,48.8675498962,33.0554695129,92.5876846313,84.8117904663,69.2171936035,116.0500030518,56.6889991760,12.1151199341
2017-05-10,207.4656219482,48.9428024292,33.2748146057,92.4801940918,84.7796020508,69.2335968018,116.0400009155,57.1348190308,12.3095722198
2017-05-11,207.0417785645,48.8224143982,33.3479232788,92.4801940918,84.8438568115,69.2418060303,116.5000000000,56.8492012024,12.3602972031
2017-05-12,206.6958312988,49.0933074951,33.4860343933,93.1787261963,85.2775039673,69.3238220215,116.8300018311,56.6193237305,12.3602972031
2017-05-15,207.8375244141,49.3416366577,33.8272323608,92.9253921509,85.2213363647,69.3156433105,117.1399993896,56.7865104675,12.4279327393
2017-05-16,207.6472167969,49.6576881409,33.8597183228,93.2708587646,85.3337554932,69.3156433105,117.6500015259,56.4033927917,12.4448413849
2017-05-17,203.9627532959,49.0933074951,33.2829437256,94.6294860840,86.0163116455,69.3894119263,119.7900009155,56.6332550049,12.5293846130
2017-05-18,204.7844238281,49.1760826111,32.7305259705,94.7369842529,85.9922790527,69.3566055298,118.8099975586,56.9467163086,12.4955673218
2017-05-19,206.1163330078,49.7479858398,33.4291648865,94.9595260620,85.9681701660,69.3730087280,119.4000015259,57.2532272339,12.7407445908
2017-05-22,207.1629333496,49.8081932068,33.4616661072,94.6985702515,85.8717803955,69.3484115601,119.9000015259,57.4761466980,12.8252887726
2017-05-23,207.6213226318,49.8157119751,33.4941558838,94.0614624023,85.6469421387,69.3238220215,119.1399993896,57.5249061584,12.7830162048
2017-05-24,208.1056976318,49.8458061218,33.6241378784,94.5910873413,85.8236236572,69.3647994995,119.6100006104,57.9916229248,12.7576541901
2017-05-25,209.1002349854,49.8458061218,33.7866134644,94.6218185425,85.8717803955,69.3647994995,119.4800033569,57.9986038208,12.4786586761
2017-05-26,209.0570220947,49.7028427124,33.9084739685,94.7829971313,85.9280090332,69.3566055298,120.5400009155,57.5806312561,12.5716581345
2017-05-30,208.8753814697,49.6501693726,33.7297477722,95.2512588501,86.1447601318,69.3812561035,120.1399993896,57.2184066772,12.4702043533
2017-05-31,208.8235168457,49.7103614807,33.4697914124,95.4891967773,86.1849822998,69.3894119263,120.6200027466,57.2532272339,12.3349342346
2017-06-01,210.4841461182,50.0339431763,33.7541236877,95.4991836548,86.1399307251,69.3762893677,120.7200012207,57.5527763367,12.2503900528
2017-06-02,211.1847229004,50.5832633972,33.9247131348,96.6299743652,86.5179748535,69.4255294800,121.6100006104,58.1448822021,12.1912097931
2017-06-05,211.0290222168,50.3048400879,33.8840942383,96.0299377441,86.3732070923,69.3681106567,121.7300033569,57.8940887451,12.1235761642
2017-06-06,210.3544158936,50.1618614197,33.9003410339,96.5530319214,86.6466140747,69.3927078247,123.0999984741,57.6154594421,12.2081193924
2017-06-07,210.7436523438,50.1769218445,33.8597183228,96.0914688110,86.4857788086,69.3681106567,122.4499969482,58.0194892883,12.0390310287
2017-06-08,210.8473968506,50.0866165161,34.0628204346,95.8376007080,86.3490371704,69.3516921997,121.6500015259,57.8801689148,12.0390310287
2017-06-09,210.5273590088,49.8984756470,33.8028640747,95.6914901733,86.2686386108,69.3270492554,120.5400009155,58.2841796875,12.1066665649
2017-06-12,210.4841461182,49.7103614807,33.6241378784,95.6606979370,86.2525558472,69.3188629150,120.3600006104,58.8066482544,11.9967594147
2017-06-13,211.5134277344,50.0941314697,33.7866134644,95.6761245728,86.2847137451,69.3188629150,120.4800033569,58.9389991760,12.0474863052
2017-06-14,211.2452697754,50.0565071106,33.7784919739,97.1530227661,86.7351074219,69.3516921997,119.8199996948,59.0225830078,11.8361263275
2017-06-15,210.8387298584,49.5372962952,33.4291648865,96.9991683960,86.5823211670,69.3270492554,119.3199996948,59.3221168518,11.8868532181
2017-06-16,210.8848114014,49.9586830139,33.4860343933,97.1914978027,86.6305770874,69.3599090576,119.3399963379,59.1688880920,11.9375791550
2017-06-19,212.6404724121,50.1618614197,33.8191070557,97.0530319214,86.3892822266,69.3188629150,118.4300003052,59.1758384705,11.8614892960
2017-06-20,211.2064056396,49.7580947876,33.4453239441,97.9222640991,86.6064147949,69.3270492554,118.1800003052,59.0365180969,11.7431287766
2017-06-21,211.1542510986,49.6969261169,33.5187683105,98.1222305298,86.5984039307,69.3352050781,118.5199966431,58.9180870056,11.6163120270
2017-06-22,211.0586547852,49.6892967224,33.6901473999,98.3376083374,86.6787948608,69.3435058594,118.9199981689,58.9738197327,11.6332206726
2017-06-23,211.3106842041,49.8116378784,33.8697052002,98.2914428711,86.7029647827,69.3844833374,119.4300003052,59.1784858704,11.6839466095
2017-06-26,211.4497528076,49.8957519531,34.1961555481,98.6606826782,86.7752914429,69.3844833374,118.3600006104,59.6003990173,11.7093114853
2017-06-27,209.7462768555,49.8880996704,33.7962570190,97.6068496704,86.3490371704,69.3435058594,118.8099975586,59.0659370422,11.8445816040
2017-06-28,211.6235809326,50.3239669800,34.0574188232,97.2838211060,86.2686386108,69.3762893677,118.9000015259,59.2065963745,11.9206714630
2017-06-29,209.7636718750,49.8269348145,33.6248741150,96.4683990479,85.9469070435,69.3352050781,118.3199996948,58.5314865112,11.9713964462
2017-06-30,210.1547393799,49.8575134277,33.7799339294,96.2453460693,85.7458419800,69.3352050781,118.0199966431,58.5314865112,12.2165718079
2017-07-03,210.5110473633,49.7963447571,33.9758071899,95.9354782104,85.4308395386,69.2835083008,116.0899963379,59.2769203186,12.3433895111
2017-07-05,210.9977874756,49.7963447571,33.9105186462,95.9585952759,85.4953155518,69.3081665039,116.5199966431,58.4400444031,12.1573934555
2017-07-06,209.0683441162,49.5745849609,33.5024490356,95.1646499634,85.3342285156,69.3246002197,116.4700012207,57.3429946899,12.1658468246
2017-07-07,210.4242095947,49.5822296143,33.5677337646,94.5942687988,85.1973114014,69.3163604736,115.2799987793,57.6664657593,12.0474863052
2017-07-10,210.6501312256,49.7045783997,33.8860282898,94.7330017090,85.3100585938,69.3492050171,115.4700012207,57.1390419006,12.0982122421
2017-07-11,210.4937133789,49.8192863464,34.1635131836,94.8948669434,85.4228668213,69.3738937378,115.6200027466,57.0757484436,12.2165718079
2017-07-12,212.0755157471,50.2169189453,34.8245811462,95.5500640869,85.6725311279,69.4066925049,116.0299987793,57.7790031433,12.1573934555
2017-07-13,212.4319000244,50.3622055054,34.9959831238,94.9488143921,85.5839233398,69.3738937378,115.8199996948,57.8704109192,12.1489381790
2017-07-14,213.4226531982,50.7139625549,35.4366874695,95.0644683838,85.7047729492,69.4066925049,116.7699966431,58.4259986877,12.2842073441
2017-07-17,213.3965759277,50.6145629883,35.2734680176,95.3265228271,85.8094940186,69.4149093628,117.2900009155,58.8971786499,12.2419347763
2017-07-18,213.5095977783,50.6604347229,35.3795585632,96.1590118408,86.1236648560,69.4313583374,118.1100006104,58.7705917358,12.2926626205
2017-07-19,214.6655273438,50.8821983337,35.6733703613,96.1975021362,86.1236648560,69.4313583374,118.0800018311,59.2136344910,12.4025688171
2017-07-20,214.7611083984,51.0886650085,35.6325683594,96.4750442505,86.1477584839,69.4313583374,118.2399978638,58.9393539429,12.3856601715
2017-07-21,214.5699462891,50.8898429871,35.6080780029,96.8835906982,86.3008270264,69.4641799927,119.2600021362,58.8971786499,12.2165718079
2017-07-24,214.5177459717,50.7521972656,35.7141838074,96.5058898926,86.2444152832,69.4395675659,119.3099975586,58.7846603394,12.2419347763
2017-07-25,215.0392456055,50.8210258484,35.6244087219,95.2494506836,85.7611312866,69.3985137939,118.9199981689,58.8620109558,12.3772058487
2017-07-26,215.0478973389,51.1345405579,35.9182090759,95.4035873413,86.0350494385,69.4477539062,119.8799972534,59.2698783875,12.4955673218
2017-07-27,214.8479766846,51.0198516846,35.7223396301,94.9333953857,85.8980941772,69.4313583374,119.7900009155,59.3402175903,12.5716581345
2017-07-28,214.5959472656,51.0733680725,35.7060165405,95.4961318970,86.0430374146,69.4723739624,120.6900024414,59.1784858704,12.6392927170
2017-07-31,214.4743194580,51.1804199219,35.7468299866,95.6117401123,86.0672378540,69.4641799927,120.7500000000,59.2558059692,12.7153816223
2017-08-01,214.9523315430,51.4633636475,35.8529243469,96.2830123901,86.2810058594,69.4896926880,120.6500015259,59.5230636597,12.5716581345
2017-08-02,215.0566101074,51.4862937927,35.8855628967,96.3370666504,86.2003707886,69.4568099976,120.4000015259,58.9815559387,12.5970211029
2017-08-03,214.6393890381,51.5168876648,35.7386665344,97.3335800171,86.4988632202,69.4814682007,120.5899963379,58.8620109558,12.5040225983
2017-08-04,215.0305480957,51.5857124329,35.8692474365,96.5070114136,86.2649154663,69.4568099976,119.6500015259,59.0588989258,12.5293846130
2017-08-07,215.4304046631,51.6086463928,36.1140861511,96.6151962280,86.3132858276,69.4814682007,119.5100021362,58.9956436157,12.5547494888
2017-08-08,214.9001770020,51.3333549500,36.1222457886,96.2675781250,86.2407302856,69.4814682007,119.8600006104,58.7143287659,12.5632019043
2017-08-09,214.8914794922,51.2492485046,35.7957954407,96.7928466797,86.3455200195,69.4732284546,121.3099975586,58.5174026489,12.6477460861
2017-08-10,211.8582305908,50.5227928162,34.9470100403,97.6194763184,86.6682510376,69.4979019165,122.2099990845,58.0954627991,12.4532947540
2017-08-11,212.1711120605,50.4310340881,35.0286254883,97.6658020020,86.7650604248,69.5883178711,122.7900009155,57.7368125916,12.4955673218
2017-08-14,214.2743682861,50.7980804443,35.3877220154,97.1636657715,86.5552902222,69.5307540894,121.9199981689,58.7002449036,12.3856601715
2017-08-15,214.2483520508,50.7598495483,35.4285354614,96.7542190552,86.2971725464,69.4979019165,120.9800033569,58.5244407654,12.3264808655
2017-08-16,214.6220550537,51.0504302979,35.7957954407,97.1095809937,86.4584808350,69.5389709473,121.8700027466,58.7565193176,12.2926626205
2017-08-17,211.2759399414,50.4769134521,35.3387565613,97.8357543945,86.7650604248,69.5554275513,122.4899978638,58.3908119202,12.3264808655
2017-08-18,210.9456634521,50.6145629883,35.6407165527,97.8125457764,86.7812271118,69.5472717285,122.3000030518,57.8000946045,12.5462951660
2017-08-21,211.1108245850,50.5992622375,35.7713088989,98.0520019531,86.8376998901,69.5636215210,122.7600021362,58.4189453125,12.3941154480
2017-08-22,213.3183593750,50.8439636230,36.1712150574,97.6735000610,86.6682510376,69.5554275513,122.2099990845,58.2501907349,12.4279327393
2017-08-23,212.5535278320,50.8516044617,36.3425979614,98.3378601074,86.9667434692,69.6211853027,122.6699981689,58.8479423523,12.5378389359
2017-08-24,212.0581665039,50.7369079590,36.4568595886,97.9747848511,86.8296356201,69.5554275513,122.2900009155,58.6650772095,12.5293846130
2017-08-25,212.5535278320,51.0427818298,36.6690559387,98.3532943726,86.9747695923,69.5800857544,122.7399978638,58.9463920593,12.5040225983
2017-08-28,212.5622863770,51.0427818298,36.5384712219,98.2914733887,87.0554962158,69.5554275513,124.6900024414,58.4963150024,12.5124769211
2017-08-29,212.8055877686,50.8363151550,36.4731788635,98.6081848145,87.2572174072,69.5883178711,124.4199981689,58.4330139160,12.5124769211
2017-08-30,213.8137969971,50.7674903870,36.5303077698,98.5773162842,87.1845779419,69.6047668457,124.3600006104,58.7635459900,12.4194784164
2017-08-31,215.1000671387,51.1574897766,36.5874557495,98.8708724976,87.3217468262,69.6047668457,125.8199996948,59.1011161804,12.7661075592
2017-09-01,215.4043121338,51.2263069153,36.8567733765,98.1145782471,87.0647811890,69.5898971558,126.0599975586,59.3050422668,12.7830162048
2017-09-05,213.8572235107,50.8821983337,36.3752441406,99.6704635620,87.6707839966,69.6557693481,127.4599990845,59.1433029175,12.8083791733
2017-09-06,214.5872802734,51.1957054138,36.6119346619,99.0589828491,87.4606704712,69.6475372314,126.8099975586,59.2980117798,12.9351940155
2017-09-07,214.5612182617,51.6162948608,36.8812599182,100.0729904175,87.8404312134,69.6886520386,128.1300048828,59.6777954102,12.9267406464
2017-09-08,214.3092041016,51.6239433289,36.6364135742,99.8562698364,87.7757492065,69.6722183228,127.9700012207,59.7270202637,12.7830162048
2017-09-11,216.5949554443,52.0292320251,37.1260986328,98.6641693115,87.2748413086,69.6063919067,126.1900024414,60.2755165100,12.8083791733
2017-09-12,217.3249969482,52.1898155212,37.0852851868,98.1455688477,87.0647811890,69.5735092163,126.5599975586,59.5652503967,12.8421974182
2017-09-13,217.4293365479,51.9068756104,36.8894157410,97.7585296631,86.8870086670,69.5570297241,125.6100006104,59.4105262756,12.9013776779
2017-09-14,217.3598175049,51.9986343384,36.9873428345,98.1610107422,86.9031906128,69.5652770996,126.1600036621,59.9028053284,12.9098329544
2017-09-15,217.6523742676,52.0445098877,37.2077102661,98.1997375488,87.0082473755,69.5570297241,125.5299987793,60.0153198242,12.9690122604
2017-09-18,218.1153411865,52.1133460999,37.3382949829,97.6346664429,86.6688919067,69.5159225464,124.3600006104,59.6918258667,12.9521036148
2017-09-19,218.3337402344,52.3580360413,37.4198989868,97.3947296143,86.5718994141,69.5241165161,124.6200027466,59.2980117798,12.9267406464
2017-09-20,218.4122924805,52.2433280945,37.2485198975,97.4643783569,86.4022293091,69.4665451050,123.6200027466,59.1362724304,13.0366477966
2017-09-21,217.8271026611,52.1362762451,37.2485198975,97.4101486206,86.2891464233,69.4500579834,122.6800003052,59.0237541199,12.9859209061
2017-09-22,217.8707733154,52.2968673706,37.0363197327,97.6888580322,86.4426727295,69.4665451050,123.2399978638,58.6074142456,13.0366477966
2017-09-25,217.4252624512,51.9986343384,36.4079017639,98.3003463745,86.7012100220,69.5076446533,124.5299987793,58.9484558105,13.2564611435
2017-09-26,217.5563201904,51.8839454651,36.3099632263,98.1223373413,86.6285095215,69.4912567139,123.1399993896,59.0479164124,13.1380996704
2017-09-27,218.4035491943,51.9221687317,36.1793785095,96.6438293457,86.1841278076,69.4829940796,121.9800033569,58.5150718689,13.0873737335
2017-09-28,218.6655578613,52.0598106384,36.1548995972,96.3574295044,86.1679687500,69.4912567139,122.2099990845,58.9129295349,13.0873737335
2017-09-29,219.4341888428,52.3656883240,36.5711288452,96.5741729736,86.0629043579,69.4747467041,121.5800018311,59.0336990356,13.0197391510
2017-10-02,220.3862915039,52.3197975159,36.5792884827,96.3973236084,85.9650421143,69.5266571045,120.7699966431,58.9484558105,12.9098329544
2017-10-03,220.8579406738,52.4956817627,37.1587448120,96.4903869629,86.0863876343,69.4854812622,120.8300018311,58.8631706238,12.9182853699
2017-10-04,221.1199493408,52.3962821960,37.1505775452,96.4981384277,86.0621032715,69.6172256470,121.1699981689,59.1615791321,12.9351940155
2017-10-05,222.4301147461,52.3656883240,37.4280700684,96.1335983276,85.9730834961,69.4689941406,120.5199966431,59.3747367859,13.0789194107
2017-10-06,222.1768493652,52.3274536133,37.2403602600,95.8621368408,85.8679046631,69.4442977905,121.0899963379,59.1828880310,12.8760147095
2017-10-09,221.8100280762,52.3427391052,37.2158699036,96.1646194458,85.9650421143,69.4442977905,122.0800018311,59.3250007629,12.8844699860
2017-10-10,222.3951721191,52.8397903442,37.5831375122,96.3197708130,85.9973754883,69.4607543945,122.4000015259,59.5026130676,13.0366477966
2017-10-11,222.7445526123,52.9697990417,37.7545204163,96.5059432983,86.0944976807,69.4525604248,122.7900009155,59.7015609741,13.0620107651
2017-10-12,222.4126892090,52.9239006042,37.7382087708,96.9169692993,86.1754074097,69.4442977905,122.8899993896,60.0851974487,13.0451040268
2017-10-13,222.6834106445,53.1991920471,38.0809783936,97.6150894165,86.4666748047,69.4854812622,123.8199996948,60.2415237427,13.1719179153
2017-10-16,222.9803466797,53.1609573364,38.0564918518,97.5452957153,86.3210296631,69.4196090698,122.9700012207,59.9431152344,13.2057342529
2017-10-17,223.1376037598,53.0233154297,37.8606185913,97.6693878174,86.2887039185,69.4278564453,122.1299972534,60.0141830444,13.1888265610
2017-10-18,223.3559722900,53.1762657166,37.9503974915,97.0255813599,86.0702133179,69.4031600952,121.6699981689,59.9502258301,13.1803722382
2017-10-19,223.4170989990,53.0921325684,37.6157798767,97.1962585449,86.1591949463,69.4442977905,122.3899993896,59.7726058960,13.1211919785
2017-10-20,224.5700531006,53.0233154297,37.7545204163,96.1646194458,85.8032073975,69.4031600952,121.6100006104,59.4315643311,13.1888265610
2017-10-23,223.6966552734,52.9086112976,37.4525527954,96.3352355957,85.8840789795,69.4031600952,121.8000030518,59.2042160034,13.1888265610
2017-10-24,224.0896606445,52.9927368164,37.4525527954,95.7380447388,85.6251602173,69.3866577148,121.3300018311,58.8490066528,13.3240976334
2017-10-25,222.9803466797,52.7862739563,37.3709373474,95.2803726196,85.4876708984,69.3701858521,121.3499984741,58.6784629822,13.3410043716
2017-10-26,223.2686309814,52.7786178589,37.1179389954,94.9623718262,85.3743286133,69.3701858521,120.3300018311,58.1953392029,13.4001865387
2017-10-27,225.0940551758,52.9009628296,37.6565818787,95.5906600952,85.6494674683,69.4196090698,120.9000015259,58.4581985474,13.4678211212
2017-10-30,224.2556152344,53.0233154297,37.4198989868,96.5059432983,85.9569625854,69.4525604248,121.1299972534,58.4084701538,13.5016374588
2017-10-31,224.6050262451,53.2450752258,37.7708473206,96.5369338989,85.9002761841,69.4113235474,120.6699981689,58.4013710022,13.5354576111
2017-11-01,224.9019165039,53.2985992432,37.9667205811,96.9667816162,85.9521331787,69.4014663696,121.1100006104,58.6855659485,13.5439100266
2017-11-02,224.9893035889,53.4591903687,38.0156822205,97.3943023682,86.0655899048,69.4179382324,121.1900024414,59.1828880310,13.6284551620
2017-11-03,225.7404937744,53.3750686646,37.8198165894,97.6585617065,86.2033843994,69.3767623901,120.6200027466,59.0336990356,13.7129974365
2017-11-06,226.0898742676,53.4515380859,38.2442054749,98.0238952637,86.3087539673,69.4179382324,121.6500015259,59.4315643311,13.9750843048
2017-11-07,225.9326629639,53.2527275085,37.9993705750,98.4358901978,86.3411254883,69.3849868774,121.2099990845,59.9146804810,13.8905410767
2017-11-08,226.3169250488,53.4285888672,38.1789131165,98.2182083130,86.2357940674,69.3767623901,121.6299972534,60.2130889893,13.8651771545
2017-11-09,225.4958953857,53.1227264404,37.9422416687,97.9384078979,86.2033843994,69.3685226440,122.1299972534,60.2770385742,13.8905410767
2017-11-10,225.4260406494,52.9774360657,37.7790031433,96.4615249634,85.7657623291,69.3437805176,121.1299972534,60.3409843445,13.8651771545
2017-11-13,225.6356353760,52.7556800842,37.6973991394,96.6636276245,85.7252578735,69.3355331421,121.3099975586,60.6465072632,13.8229055405
2017-11-14,225.1116180420,52.7174491882,37.4444007874,97.3165588379,85.8467483521,69.3520202637,121.5599975586,60.5185813904,13.6369066238
2017-11-15,223.9848480225,52.4650917053,37.2485198975,98.3736648560,86.1547851562,69.3272857666,121.4100036621,59.9075889587,13.6199998856
2017-11-16,225.8889465332,52.8856811523,38.0238494873,97.5186386108,85.9359512329,69.3355331421,121.4000015259,60.4049377441,13.5777282715
2017-11-17,225.2251434326,52.6945075989,38.2115592957,98.2415237427,86.0494079590,69.2943420410,122.8600006104,60.1420364380,13.7975406647
2017-11-20,225.6094970703,52.8092079163,38.4074325562,98.2026596069,85.9115982056,69.2696075439,121.3099975586,59.9644393921,13.6876354218
2017-11-21,227.0855560303,53.2068481445,38.9215965271,98.5135421753,85.9278640747,69.2531127930,121.5100021362,60.4120368958,13.7806320190
2017-11-22,226.8846893311,53.3521347046,39.0195350647,98.8322830200,86.2033843994,69.3108139038,122.6299972534,60.2770385742,13.8567199707
2017-11-24,227.4087371826,53.7880058289,38.9379272461,98.5602035522,86.1304550171,69.3108139038,122.3199996948,60.3552017212,13.8989963531
2017-11-27,227.2952117920,53.4668312073,38.3666229248,98.4203109741,86.1871719360,69.3108139038,122.8300018311,60.0709838867,13.8736314774
2017-11-28,229.6010742188,53.7727050781,38.6522750854,98.5524520874,86.2033843994,69.3190917969,122.8099975586,59.8436508179,13.8144502640
2017-11-29,229.4613342285,53.5585937500,38.0401649475,97.5808410645,85.9278640747,69.3025207520,122.0400009155,59.8649520874,13.7214517593
2017-11-30,231.4702758789,53.6121139526,37.6239395142,97.2543869019,85.6603775024,69.2613983154,121.0999984741,59.9573326111,13.6622724533
2017-12-01,230.9898071289,53.3980178833,37.4117469788,98.5667648315,85.9769439697,69.2770233154,121.5899963379,60.0994148254,13.7806320190
2017-12-04,230.7102966309,53.2068481445,37.4851913452,98.6135253906,85.9363479614,69.2358016968,121.1800003052,59.8010330200,13.6115455627
2017-12-05,229.8805694580,53.0921325684,37.4607200623,99.1041793823,86.0012969971,69.2275619507,120.3199996948,59.3036766052,13.6115455627
2017-12-06,229.9242095947,52.9850845337,36.9547080994,99.4468994141,86.1798706055,69.2605209351,120.0699996948,59.2468490601,13.3832778931
2017-12-07,230.6491546631,53.1227264404,37.0608024597,98.6680297852,86.0256805420,69.2687683105,118.4899978638,59.3960380554,13.4255495071
2017-12-08,231.9069519043,53.4056549072,37.4933586121,98.6758270264,85.9607238770,69.2687683105,118.4800033569,59.7015609741,13.4931850433
2017-12-11,232.6056671143,53.5432968140,37.6810722351,98.4733047485,85.9038848877,69.2358016968,118.0100021362,59.6944236755,13.5270023346
2017-12-12,233.0161743164,53.6121139526,37.4280700684,98.4343414307,85.8308486938,69.2358016968,118.1500015259,59.9857406616,13.4086408615
2017-12-13,232.9900512695,53.8185882568,37.8769454956,99.1743011475,86.1798706055,69.3100280762,119.1699981689,60.0851974487,13.3494596481
2017-12-14,232.0379028320,53.5203590393,37.5994491577,99.5949172974,86.1473770142,69.2853088379,118.9300003052,60.0709838867,13.3917322159
2017-12-15,233.9702606201,53.5050773621,37.6810722351,99.9688186646,86.1311569214,69.2522888184,119.1800003052,60.4475593567,13.3917322159
2017-12-18,235.4538574219,54.1397666931,38.1054611206,99.0574798584,85.9363479614,69.2522888184,119.7300033569,60.8454170227,13.4509124756
2017-12-19,234.5496673584,53.9411506653,37.9041328430,97.7723159790,85.5467681885,69.2193145752,119.8199996948,59.5523529053,13.5523653030
2017-12-20,234.4267425537,53.8484115601,37.9538459778,96.6896743774,85.2951889038,69.2275619507,120.1399993896,58.8631706238,13.6284551620
2017-12-21,234.9095306396,54.0416259766,38.2023963928,97.2532196045,85.3553314209,69.2225799561,120.3099975586,58.6351814270,13.6369066238
2017-12-22,234.8481597900,54.1807098389,38.5255165100,97.3859329224,85.3878326416,69.1977996826,120.9400024414,59.0392417908,13.6960906982
2017-12-26,234.5672149658,54.1652603149,38.4923744202,97.6746978760,85.4203186035,69.1895675659,121.7699966431,59.3350372314,13.8989963531
2017-12-27,234.6813354492,54.2657203674,38.5917930603,98.9469757080,85.7861633301,69.2225799561,122.2300033569,59.5298500061,13.9328117371
2017-12-28,235.1641693115,54.2966423035,38.8569183350,98.8611297607,85.6804504395,69.2308120728,122.8499984741,59.8472862244,14.0004463196
2017-12-29,234.2774810791,54.3352737427,39.0391845703,99.0172500610,85.8186416626,69.2473602295,123.6500015259,59.8689193726,14.0427188873
2018-01-02,235.9543304443,54.7371215820,39.7765541077,97.9479064941,85.5341567993,69.2225799561,125.1500015259,59.6452789307,14.1103534698
2018-01-03,237.4467010498,54.9998817444,40.1576766968,98.4162063599,85.6235961914,69.2225799561,124.8199996948,59.4721145630,14.1948976517
2018-01-04,238.4475402832,55.6026496887,40.3565063477,98.4005966187,85.5829238892,69.1895675659,125.4599990845,58.4476127625,14.1779899597
2018-01-05,240.0366363525,55.9117736816,40.7044792175,98.1196212769,85.4772796631,69.1895675659,125.3300018311,58.4764633179,14.1272602081
2018-01-08,240.4755401611,55.8963279724,40.7044792175,98.0572128296,85.4365921021,69.1895675659,125.3099975586,58.7794876099,14.1188087463
2018-01-09,241.0198059082,55.9581489563,40.6382026672,96.7458877563,85.0301437378,69.1647720337,124.7300033569,58.0219497681,14.2118062973
2018-01-10,240.6510925293,55.8499526978,40.3813629150,96.6288146973,85.0057907104,69.1895675659,125.0299987793,57.3725891113,14.2625331879
2018-01-11,242.4067687988,56.2363586426,40.6299209595,97.0268783569,85.0626602173,69.1647720337,125.4400024414,57.1778030396,14.2540788651
2018-01-12,243.9871673584,56.8004951477,41.0193099976,97.1907653809,85.0057907104,69.1565475464,126.9599990845,56.7160377502,14.3470764160
2018-01-16,243.1531524658,56.7464103699,40.8619003296,97.5966415405,85.0464019775,69.1482772827,127.1699981689,56.8242721558,14.2794408798
2018-01-17,245.4707489014,57.0400581360,41.4004249573,97.4639663696,84.8594512939,69.1235046387,126.1399993896,57.2210845947,14.2963504791
2018-01-18,245.0582427979,56.9705047607,41.4501304626,96.5585556030,84.5912017822,69.1069946289,125.8600006104,56.4851570129,14.2963504791
2018-01-19,246.1731262207,57.2873535156,41.7898254395,96.0512237549,84.3717117310,69.1317749023,126.4199981689,56.7881851196,14.2709865570
2018-01-22,248.1747131348,57.5810203552,42.0300865173,96.1448593140,84.3391647339,69.0987472534,126.6500015259,57.3076705933,14.3048048019
2018-01-23,248.7015228271,57.7664909363,42.2289352417,96.5585556030,84.5830307007,69.1400146484,127.2799987793,58.1012878418,14.4062557220
2018-01-24,248.6049194336,57.8669662476,42.5851860046,96.0355987549,84.4204635620,69.1235046387,128.8300018311,57.7982864380,14.5584344864
2018-01-25,248.7101898193,57.6428337097,42.5603294373,96.8239440918,84.6074676514,69.1069946289,127.9700012207,57.6972656250,14.4738931656
2018-01-26,251.5897369385,58.1528854370,43.1485786438,96.4649276733,84.3554611206,69.0656890869,128.0700073242,57.4952430725,14.5837974548
2018-01-29,249.9217681885,57.6196708679,42.4940567017,95.7936630249,84.1440887451,69.0409317017,127.3499984741,56.7232589722,14.5415277481
2018-01-30,247.3582916260,57.1405296326,41.9141006470,95.2317047119,83.9489898682,69.0492019653,126.8000030518,56.3120155334,14.4400749207
2018-01-31,247.4811401367,57.0632476807,42.2786369324,95.7936630249,83.9733886719,69.0492019653,127.6500015259,57.3220901489,14.4569835663
2018-02-01,247.2002105713,57.2255516052,41.7069778442,94.4053573608,83.5401687622,69.0210647583,128.0700073242,56.0883445740,14.6007080078
2018-02-02,241.8187408447,56.0663414001,40.6382026672,93.5293350220,83.2307968140,69.0292892456,126.3899993896,55.6121711731,14.3639831543
2018-02-05,231.7052307129,53.7170410156,39.2131690979,94.4131622314,83.9147720337,69.1533584595,126.7099990845,53.9599685669,14.2287158966
2018-02-06,236.2703399658,54.7757606506,40.4890708923,93.8265380859,83.5483551025,69.1037902832,125.3799972534,53.9671859741,14.1441717148
2018-02-07,234.9885406494,54.1961669922,39.2131690979,92.9348983765,83.3040618896,69.0541381836,124.7900009155,53.7363128662,13.9835386276
2018-02-08,226.1744384766,52.7819709778,37.8544273376,92.8331909180,83.3773651123,69.0623397827,124.9800033569,52.1923332214,13.8398122787
2018-02-09,229.5719299316,53.0060691833,38.4592323303,92.2466430664,83.2307968140,69.1202850342,124.7699966431,53.4982261658,13.6369066238
2018-02-12,232.9430694580,53.8175010681,39.0640449524,92.6533050537,83.2063980103,69.0872116089,125.3700027466,53.5198554993,13.7214517593
2018-02-13,233.5225219727,53.6552162170,39.3623046875,93.0678482056,83.3447952271,69.0872116089,126.0800018311,53.8950233459,13.7468156815
2018-02-14,236.6741485596,54.6057586670,40.3482284546,92.0354690552,82.8399734497,68.9880142212,128.2299957275,53.5054244995,13.9581747055
2018-02-15,239.6942291260,54.9457817078,41.1767311096,92.3482742310,82.8644027710,68.9631958008,128.3800048828,54.0248947144,13.9835386276
2018-02-16,239.7643737793,55.1930732727,41.0441818237,92.8488693237,83.0597839355,68.9796905518,127.9599990845,54.3207054138,14.0088996887
2018-02-20,238.2631988525,54.6753082275,40.4807853699,92.4421539307,82.9702453613,68.9714431763,126.2399978638,53.6785774231,14.0511741638
2018-02-21,237.0780029297,54.4125556946,40.4476432800,91.3080062866,82.7259597778,68.9796905518,125.6600036621,52.6180152893,14.0342636108
2018-02-22,237.3852386475,54.6984901428,40.4725036621,91.5817489624,82.8399734497,68.9880142212,126.3000030518,53.2168273926,14.1610803604
2018-02-23,241.1690216064,55.1312522888,41.1932983398,92.3952484131,83.1574707031,69.0045242310,126.1399993896,54.0681915283,14.2540788651
2018-02-26,243.9696655273,55.6490364075,41.5744094849,92.4264602661,83.2552108765,69.0127639771,126.4499969482,54.2196884155,14.3301677704
2018-02-27,240.9232177734,54.8221359253,40.3647956848,92.2935714722,82.9946670532,68.9631958008,125.1299972534,52.9571075439,14.1864442825
2018-02-28,238.4826660156,54.3043670654,39.7848358154,92.8801422119,83.1900787354,68.9796905518,125.0000000000,52.9210166931,14.0342636108
2018-03-01,235.0149688721,53.3924560547,39.7102775574,93.5141830444,83.5480957031,69.0757141113,124.7200012207,52.9715232849,14.0596256256
2018-03-02,236.2264556885,53.6474876404,39.8759803772,92.7539672852,83.2382125854,69.0426101685,125.3899993896,52.9498901367,14.0596256256
2018-03-05,238.9566497803,53.9334220886,39.9339752197,92.5031356812,83.1322097778,69.0426101685,125.1800003052,53.5487136841,14.1441717148
2018-03-06,239.5625457764,54.2502632141,40.3068008423,92.5893630981,83.1240463257,69.0260848999,126.5299987793,53.8012390137,14.1948976517
2018-03-07,239.4747314453,54.2347984314,40.3482284546,92.4875259399,83.1240463257,69.0260848999,125.7200012207,54.1331138611,14.0427188873
2018-03-08,240.6335754395,54.3507308960,40.3565063477,93.0204086304,83.2952880859,69.0426101685,125.4199981689,54.2341270447,13.9581747055
2018-03-09,244.8210754395,54.6984901428,41.2181549072,92.4091339111,83.1158599854,69.0095291138,125.5400009155,54.5299339294,14.0934448242
2018-03-12,244.5138702393,54.7603111267,41.3175735474,92.9420394897,83.3116149902,69.0426101685,125.5400009155,54.7680206299,14.0680818558
2018-03-13,242.9335937500,54.3970985413,40.9447517395,93.4123077393,83.4502487183,69.0592041016,125.7799987793,54.8185310364,14.0258102417
2018-03-14,241.6869659424,54.5284729004,41.0110321045,94.2352218628,83.6133346558,69.0508575439,125.6999969482,54.8690338135,14.0258102417
2018-03-15,241.4235992432,54.4975509644,40.8619003296,94.2352218628,83.5806808472,69.0592041016,124.9000015259,54.8545875549,14.0173559189
2018-03-16,241.6854553223,54.4589233398,40.7707557678,93.8982238770,83.4828643799,69.0260848999,124.5999984741,55.2369918823,14.0680818558
2018-03-19,238.4152832031,54.0184249878,40.3316459656,93.6004104614,83.4012832642,69.0260848999,124.8700027466,54.7608070374,13.9750843048
2018-03-20,238.8208770752,54.0106964111,40.7790489197,93.2242126465,83.2382125854,69.0012359619,124.3099975586,54.5732421875,14.0680818558
2018-03-21,238.3624725342,54.0957107544,41.0193099976,93.3260803223,83.2952880859,69.0508575439,126.4800033569,54.1691856384,14.3217134476
2018-03-22,232.4040985107,53.0910606384,39.6522750854,94.2508926392,83.6378021240,69.0839691162,125.9800033569,53.8517417908,14.2118062973
2018-03-23,227.4504699707,52.5037536621,38.8486328125,94.1803359985,83.7519607544,69.1005172729,127.6100006104,52.8921470642,14.3386192322
2018-03-26,233.6732635498,53.4465599060,40.1079597473,93.8198471069,83.5236434937,69.0674667358,128.2799987793,53.4939155579,14.3470764160
2018-03-27,229.6981201172,53.0524330139,39.3788719177,94.8229598999,83.9966201782,69.1171112061,127.4899978638,53.6978797913,14.2878942490
2018-03-28,229.0193939209,53.3615417480,39.1800346375,95.0737915039,83.9803161621,69.1253662109,125.7300033569,55.0456085205,14.2287158966
2018-03-29,231.9456939697,53.8484115601,40.0002517700,95.5361709595,84.1515350342,69.1501693726,125.7900009155,54.9800682068,14.3555297852
2018-04-02,226.9392242432,53.1065292358,39.2794494629,95.7246398926,84.2373428345,69.1701049805,127.2600021362,54.2369689941,14.1610803604
2018-04-03,229.8479766846,53.4465599060,39.6688537598,94.9864196777,83.9677734375,69.1369400024,126.3000030518,54.6959342957,14.2371702194
2018-04-04,232.3071136475,53.6320266724,39.6854286194,94.7901077271,83.9187164307,69.0955276489,126.4499969482,55.2714614868,14.1779899597
2018-04-05,234.1404724121,53.9875144958,39.7848358154,94.0831909180,83.7063522339,69.1121139526,125.8000030518,55.2496070862,14.2456245422
2018-04-06,228.9224548340,53.6320266724,39.0060424805,95.1120986938,84.0739593506,69.1701049805,126.3899993896,54.8343467712,14.1441717148
2018-04-09,230.0507049561,54.0725288391,39.0474700928,95.2691421509,84.0903167725,69.1618041992,126.8199996948,54.6595115662,14.3217134476
2018-04-10,233.7085723877,54.6521224976,39.8097000122,95.0963897705,83.9432373047,69.1286468506,127.1200027466,54.6012382507,14.5668897629
2018-04-11,232.4834136963,54.4434547424,39.8262710571,95.4340820312,84.0249710083,69.1286468506,128.1100006104,54.7177925110,14.6767978668
2018-04-12,234.3960876465,54.6521224976,39.8097000122,94.7351303101,83.7226791382,69.0872344971,126.6200027466,54.1058425903,14.6176166534
2018-04-13,233.7085723877,54.7062072754,39.4120216370,94.9550170898,83.7961959839,69.0706558228,127.4499969482,54.3899765015,14.6260690689
2018-04-16,235.6300659180,54.7912254333,39.4617233276,94.9864196777,83.7553787231,69.0623931885,127.6299972534,54.7250785828,14.5753440857
2018-04-17,238.1508941650,55.0385208130,39.5445747375,95.2455902100,83.8043975830,69.0623931885,127.7500000000,55.3661499023,14.5837974548
2018-04-18,238.3272094727,55.3244552612,39.8842582703,94.4837799072,83.4776229858,69.0043334961,127.8499984741,55.2496070862,14.8543386459
2018-04-19,237.0051269531,55.1158103943,39.6522750854,93.7140426636,83.2488784790,69.0043334961,127.5999984741,54.4482498169,14.7951593399
2018-04-20,234.9954528809,54.9071426392,39.1551742554,93.0385971069,82.9711532593,68.9795455933,126.6299972534,53.9455680847,14.7697954178
2018-04-23,234.9601593018,54.8375892639,38.8403511047,93.0621871948,82.8894653320,68.9712066650,125.6200027466,53.9018630981,14.7613401413
2018-04-24,231.7959289551,54.6134796143,38.6580734253,92.6380462646,82.7914352417,68.9878005981,126.2300033569,54.1058425903,14.6852502823
2018-04-25,232.3687896729,54.5207519531,38.3598175049,92.0176086426,82.6117248535,68.9795455933,125.4100036621,54.0038528442,14.7106151581
2018-04-26,234.7310485840,54.7912254333,38.9149055481,92.6616439819,82.8486175537,68.9961090088,124.9700012207,54.7105102539,14.7867031097
2018-04-27,234.9514007568,54.8453216553,39.1551742554,93.3763427734,82.9874725342,69.0126953125,125.5000000000,55.6502647400,14.7782487869
2018-04-30,233.1444702148,54.6675834656,38.8734779358,93.5412826538,83.0773315430,68.9878005981,124.5899963379,55.4317207336,14.8458852768
2018-05-01,233.5587615967,54.4743690491,38.6829261780,93.2044067383,82.9472122192,68.9571456909,123.7099990845,55.9343910217,14.7613401413
2018-05-02,231.9898223877,54.4511909485,38.3763847351,93.1020584106,82.9635620117,68.9820022583,123.6500015259,55.7304115295,14.7613401413
2018-05-03,231.4786224365,54.6212120056,38.2935295105,93.5192108154,83.1763916016,69.0317611694,124.2799987793,55.6939849854,14.8543386459
2018-05-04,234.4753875732,54.8144035339,38.4675178528,93.6609420776,83.1845779419,69.0068817139,124.5400009155,56.3059005737,14.9557924271
2018-05-07,235.2686920166,54.8221359253,38.2438240051,93.5113754272,83.1436843872,69.0068817139,124.5699996948,56.6847457886,14.9473361969
2018-05-08,235.2686920166,54.8298683167,38.4592323303,93.4247894287,83.0045242310,69.0151824951,124.5899963379,56.4006271362,14.9896087646
2018-05-09,237.5427246094,54.9612388611,38.5337944031,92.8659362793,82.8162536621,68.9820022583,124.3300018311,56.7794532776,15.1248798370
2018-05-10,239.7639160156,55.3167266846,39.3374443054,93.6136703491,82.9881286621,68.9820022583,125.1800003052,57.2238540649,15.2009668350
2018-05-11,240.4954986572,55.4635543823,39.2711601257,93.8498229980,82.9963531494,68.9820022583,125.0000000000,57.0271301270,15.1079692841
2018-05-14,240.6101379395,55.5640144348,39.3208694458,93.3539581299,82.8162536621,68.9820022583,124.4899978638,56.5390281677,15.2178773880
2018-05-15,238.9530792236,55.1621627808,38.5089454651,92.2912826538,82.3579330444,68.9405441284,122.4800033569,55.6211318970,15.2347841263
2018-05-16,239.9578704834,55.2394485474,39.0888977051,91.9370956421,82.1860885620,68.9405441284,122.2900009155,55.4535636902,15.3193311691
2018-05-17,239.7551116943,55.3244552612,38.4923744202,91.4727172852,82.1369705200,68.9571456909,122.3600006104,55.1767311096,15.3362379074
2018-05-18,239.1557769775,55.1235351562,38.1692581177,92.2598190308,82.4561386108,68.9902801514,122.4100036621,55.2496070862,15.3446922302
2018-05-21,240.9538116455,55.4712791443,38.4012413025,92.3070297241,82.5134506226,68.9902801514,122.4800033569,55.9052581787,15.4630537033
2018-05-22,240.2839660645,55.4017333984,38.5337944031,92.1653594971,82.4806900024,68.9902801514,122.4100036621,55.9853858948,15.4799613953
2018-05-23,240.9450225830,54.7912254333,38.5172309875,92.8344802856,82.8571624756,69.0484008789,122.5400009155,56.5463333130,15.5645074844
2018-05-24,240.4514007568,54.6212120056,38.3101081848,93.5743484497,83.0699996948,69.0898666382,123.5899963379,56.4297637939,15.4630537033
2018-05-25,239.8785400391,54.2657203674,38.4675178528,94.1568222046,83.3973922729,69.1479339600,123.2099990845,56.6264762878,15.2347841263
2018-05-29,237.1195831299,53.1606178284,37.5727310181,96.2191085815,84.2976379395,69.3470077515,123.1900024414,56.8960113525,15.0910625458
2018-05-30,240.2839660645,53.9720573425,37.8709945679,95.5736236572,83.9374923706,69.2640533447,123.3700027466,57.6682090759,15.2855129242
2018-05-31,238.8120269775,53.6320266724,37.8544273376,95.4162292480,83.8965911865,69.2308578491,123.0999984741,57.4715156555,15.2432403564
2018-06-01,241.1566162109,54.0957107544,38.3846664429,94.9120788574,83.5866317749,69.1776809692,122.4899978638,57.7265205383,15.1417865753
2018-06-04,242.3024444580,54.2579917908,38.7740669250,94.2256698608,83.2914047241,69.1195831299,122.3700027466,58.2291755676,14.9642448425
2018-06-05,242.4786987305,54.1729812622,38.4757995605,94.4465789795,83.5046081543,69.1610565186,122.8499984741,58.0761833191,14.9896087646
2018-06-06,244.5060272217,54.6598548889,39.0557518005,93.6813125610,83.1684112549,69.1361618042,122.9199981689,58.2146110535,15.0403356552
2018-06-07,244.4795989990,54.3507308960,38.4592323303,94.5886001587,83.5210189819,69.2026214600,122.8600006104,58.2146110535,15.0995159149
2018-06-08,245.2021942139,54.4125556946,38.3846664429,94.3045425415,83.4062271118,69.1859741211,123.0100021362,58.4258689880,15.0910625458
2018-06-11,245.5283660889,54.7603111267,38.3846664429,94.1309890747,83.3242187500,69.1610565186,123.2300033569,58.3384399414,15.0826063156
2018-06-12,245.8456726074,54.4125556946,38.2852439880,94.1546630859,83.2750091553,69.1278305054,122.8199996948,58.6881332397,15.0741529465
2018-06-13,245.0612487793,54.4898300171,38.0284118652,94.1073684692,83.1766281128,69.0946121216,123.1900024414,57.5443687439,15.1333312988
2018-06-14,245.6782836914,54.3739204407,37.7715759277,94.8884277344,83.4390640259,69.1195831299,123.3799972534,58.0907478333,14.9642448425
2018-06-15,245.3648223877,54.0957107544,37.4733123779,94.9752197266,83.5046081543,69.1527633667,121.3399963379,58.0543403625,14.6007080078
2018-06-18,244.8602142334,53.7093200684,37.0176239014,94.8884277344,83.5456085205,69.1693725586,121.1100006104,58.0704994202,14.7275238037
2018-06-19,243.9216156006,53.2159271240,36.6090164185,95.4406967163,83.7670364380,69.1943206787,120.8000030518,58.0116806030,14.5753440857
2018-06-20,244.3378143311,53.2553367615,36.7674560547,94.6043853760,83.4964141846,69.1610565186,120.2600021362,58.6587066650,14.5584344864
2018-06-21,242.8061370850,52.8770179749,36.2504272461,95.1014175415,83.7178039551,69.2026214600,120.0500030518,58.9381256104,14.4485301971
2018-06-22,243.2487182617,53.4366073608,36.6256828308,95.0935363770,83.7341842651,69.2109222412,120.3399963379,59.4013137817,14.7359781265
2018-06-25,239.9374084473,52.6957550049,36.1336708069,95.3065719604,83.8490219116,69.2358322144,119.8899993896,59.2469253540,14.5668897629
2018-06-26,240.4687347412,52.7903251648,35.9919166565,95.4406967163,83.8900451660,69.2358322144,119.2600021362,59.4380912781,14.7106151581
2018-06-27,238.4765930176,52.2937889099,35.2997665405,96.3400955200,84.2098464966,69.2773666382,118.5800018311,59.2101478577,14.7867031097
2018-06-28,239.8400726318,52.4908332825,35.5999717712,96.3637695312,84.1278686523,69.2773666382,118.2200012207,59.7395248413,14.7782487869
2018-06-29,240.1853485107,52.7824478149,36.1336708069,96.0324172974,84.0622100830,69.2607955933,118.6500015259,59.8865890503,14.9473361969
2018-07-02,240.6988983154,52.3016738892,35.7750968933,95.9572830200,84.0047149658,69.2524642944,117.4599990845,59.5557250977,14.6345243454
2018-07-03,239.8489074707,52.4593124390,35.8001060486,96.4712524414,84.2183227539,69.2773818970,118.6500015259,60.0042304993,14.6176166534
2018-07-05,241.8056488037,52.9794883728,35.7083854675,96.7480468750,84.2265625000,69.2690811157,119.0500030518,60.7174377441,14.7021579742
2018-07-06,243.8507537842,53.2632255554,36.2003936768,97.0643157959,84.3004837036,69.2857437134,118.8600006104,61.0409355164,14.7697954178
2018-07-09,246.0465393066,53.7755165100,36.8508491516,96.4396514893,84.0868835449,69.2441329956,119.1500015259,60.5556716919,14.8458852768
2018-07-10,246.9319305420,53.7518692017,36.7674560547,96.4317245483,84.0211257935,69.2357864380,118.9300003052,60.6806526184,14.8120660782
2018-07-11,245.1257476807,52.8533821106,36.0502853394,96.8033752441,84.1936950684,69.2607803345,117.6399993896,60.4821586609,14.2963504791
2018-07-12,247.3481445312,53.2632255554,36.5423011780,96.7954711914,84.1608428955,69.2524642944,118.1299972534,60.6659622192,14.3724393845
2018-07-13,247.5429534912,53.4287414551,36.5673103333,97.0406036377,84.3004837036,69.2690811157,117.6100006104,60.4821586609,14.3978033066
2018-07-16,247.3214569092,53.4050865173,36.3671798706,96.6373672485,84.1608428955,69.2524642944,117.5500030518,60.1586341858,14.0934448242
2018-07-17,248.3220367432,53.4996719360,36.6340332031,96.4554672241,84.1115341187,69.2441329956,116.2799987793,59.7615890503,14.1103534698
2018-07-18,248.8443450928,53.5075454712,36.5923309326,96.0680236816,84.0458145142,69.2357864380,116.3099975586,59.4968948364,14.2371702194
2018-07-19,247.9058837891,53.3972015381,36.1420135498,96.6768646240,84.2758483887,69.2690811157,115.8099975586,60.1953849792,14.2202606201
2018-07-20,247.6225280762,53.6494102478,36.6590461731,95.4907455444,83.9800643921,69.2690811157,116.5599975586,59.6145324707,14.3217134476
2018-07-23,248.0829772949,53.6494102478,36.4172058105,94.3125305176,83.5693130493,69.2275009155,116.0000000000,59.4895401001,14.3724393845
2018-07-24,249.3313293457,53.9646682739,36.9509201050,94.6366806030,83.6268463135,69.2357864380,116.0400009155,59.1880989075,14.4485301971
2018-07-25,251.4562530518,54.3666305542,37.5513343811,94.4864730835,83.5693130493,69.2108688354,116.6800003052,59.6586570740,14.6429796219
2018-07-26,250.8630065918,54.1222991943,37.1343765259,94.3046035767,83.4789505005,69.2108688354,115.7699966431,59.8571624756,14.6429796219
2018-07-27,249.1631469727,54.2247657776,37.2677993774,94.4627304077,83.6103668213,69.2191619873,115.8300018311,59.2175025940,14.5837974548
2018-07-30,247.8616943359,54.2168731689,37.2094306946,94.1385269165,83.5035858154,69.2191619873,115.6500015259,59.2542610168,14.6683425903
2018-07-31,249.0834350586,54.2878074646,37.4095802307,94.6525497437,83.6185760498,69.2191619873,115.9899978638,60.2468528748,14.5837974548
2018-08-01,248.6672668457,54.0119514465,37.0760078430,93.8814086914,83.4210281372,69.2258224487,115.1399993896,60.6732940674,14.3724393845
2018-08-02,250.0218811035,53.6572914124,36.5839920044,94.0161743164,83.5198135376,69.2675247192,114.5199966431,60.4306755066,14.4569835663
2018-08-03,251.0932159424,53.6888160706,36.8675270081,94.4837341309,83.7338409424,69.2758255005,114.9199981689,61.0850601196,14.5077095032
2018-08-06,252.0140533447,53.4602584839,36.5839920044,94.5392227173,83.7750091553,69.2925186157,114.3300018311,61.0041732788,14.5330724716
2018-08-07,252.8462829590,53.8779754639,36.9592514038,94.0478897095,83.6021499634,69.2675247192,114.5899963379,60.8938827515,14.6429796219
2018-08-08,252.7400207520,53.8306922913,36.9092216492,94.1429519653,83.6762390137,69.2758255005,114.9100036621,60.5409736633,14.4654378891
2018-08-09,252.3947296143,53.6730499268,36.8008155823,94.9354782104,83.9067001343,69.3175277710,114.7399978638,60.5703926086,14.4062557220
2018-08-10,250.7036285400,52.6011657715,36.0169334412,95.6249923706,84.2689208984,69.3841552734,114.6900024414,60.1071586609,14.4062557220
2018-08-13,249.7651519775,52.4120140076,35.4248428345,95.4268341064,84.2441864014,69.3675384521,112.9599990845,59.9895210266,14.3301677704
2018-08-14,251.3588562012,52.4041366577,35.6416702271,95.2128524780,84.1618728638,69.3675384521,113.0699996948,60.2836151123,14.3555297852
2018-08-15,249.4818420410,51.6475067139,34.6159515381,95.7676086426,84.3676910400,69.4008483887,111.1900024414,60.7468452454,14.0427188873
2018-08-16,251.5004730225,52.0100555420,34.8327674866,95.7597122192,84.3430023193,69.3841552734,111.0999984741,61.2394714355,14.1526260376
2018-08-17,252.3858489990,52.3174400330,35.1996879578,95.8785629272,84.3759384155,69.4091873169,112.1299972534,61.8056068420,14.2118062973
2018-08-20,252.9259643555,52.6011657715,35.3581352234,96.5205230713,84.6393661499,69.4509124756,112.6900024414,61.8496971130,14.2371702194
2018-08-21,253.5191345215,52.9243202209,35.8084526062,96.1955642700,84.5241241455,69.4341735840,113.0199966431,61.4747390747,14.2625331879
2018-08-22,253.3685913086,53.1292381287,36.0919761658,96.5759811401,84.6804809570,69.4509124756,113.2699966431,61.1291770935,14.4654378891
2018-08-23,253.0321960449,52.7509117126,35.5082359314,96.7265243530,84.6722564697,69.4425506592,112.1999969482,60.9747695923,14.4400749207
2018-08-24,254.5550079346,53.0582962036,36.1670341492,96.9167633057,84.6969757080,69.4509124756,114.1600036621,61.3350219727,14.5499801636
2018-08-27,256.5647888184,53.7676353455,36.6840629578,96.3619995117,84.5076217651,69.4258575439,114.5899963379,61.1144523621,14.6007080078
2018-08-28,256.6888427734,53.7203521729,36.5506362915,95.7834548950,84.3183212280,69.4008483887,113.6800003052,61.9379615784,14.5415277481
2018-08-29,258.0699768066,54.0119514465,36.7757873535,95.9102706909,84.2936325073,69.3925247192,114.1999969482,61.9526519775,14.7021579742
2018-08-30,257.0253601074,53.4996719360,35.8167915344,96.1162948608,84.4500198364,69.4425506592,113.6399993896,61.5556335449,14.6767978668
2018-08-31,257.0340881348,53.0740547180,36.0002517700,95.8944091797,84.4664688110,69.4592056274,113.5100021362,61.7982482910,14.6937036514
2018-09-04,256.5914306641,52.6248168945,35.2997665405,95.3400497437,84.2734680176,69.4433364868,112.9300003052,61.0629844666,14.6091623306
2018-09-05,255.9008789062,52.1440467834,34.7910728455,95.0858001709,84.2652130127,69.4433364868,113.3199996948,61.4159202576,14.5499801636
2018-09-06,255.1305694580,51.9864120483,34.8244247437,95.4353179932,84.4384765625,69.4683990479,113.5400009155,61.5923805237,14.4654378891
2018-09-07,254.6347198486,51.5686988831,34.6493072510,94.6251068115,84.0589981079,69.3932647705,113.2300033569,60.9232940674,14.4992551804
2018-09-10,255.0774993896,51.8839607239,34.3073997498,94.9746246338,84.1085128784,69.4016265869,113.1500015259,61.1953392029,14.5499801636
2018-09-11,255.9186096191,51.9312438965,34.3824501038,94.2518081665,83.8032913208,69.3598709106,113.2200012207,61.1879730225,14.6937036514
2018-09-12,255.9805297852,52.1519279480,34.5575714111,94.4742584229,83.9022827148,69.3598709106,114.1699981689,61.2174148560,14.7951593399
2018-09-13,257.4945678711,52.5381202698,35.0245666504,94.6171951294,83.8940582275,69.3681945801,113.7600021362,61.5188407898,14.6345243454
2018-09-14,257.5388183594,52.6169433594,34.9912071228,94.1643981934,83.7373428345,69.3431625366,113.0199966431,61.1291770935,14.5415277481
2018-09-17,256.1752014160,52.6642265320,34.6743240356,94.1643981934,83.7537918091,69.3264694214,113.6100006104,61.3276863098,14.5246181488
2018-09-18,257.5653381348,53.2159271240,35.0078849792,93.1795196533,83.4074172974,69.3181381226,113.4400024414,61.0335845947,14.6598873138
2018-09-19,257.8398742676,53.4050865173,35.4915580750,92.6234893799,83.2671585083,69.3014450073,113.8799972534,60.3203964233,14.7528867722
2018-09-20,259.9293823242,54.0671348572,35.8834991455,93.0523605347,83.2754058838,69.3264694214,114.2699966431,60.8865432739,14.7528867722
2018-09-21,259.6918029785,54.0907783508,36.0502853394,93.0126800537,83.3084259033,69.3097763062,113.4899978638,60.8644752502,14.7867031097
2018-09-24,258.8291320801,53.8464431763,35.6416702271,92.7744522095,83.2176895142,69.3097763062,113.4700012207,59.7714729309,15.0065193176
2018-09-25,258.5889892578,54.1144180298,35.7834281921,92.6790847778,83.1352157593,69.3181381226,113.6500015259,59.7789497375,15.0403356552
2018-09-26,257.8151855469,54.1380653381,35.8584823608,93.3304061890,83.4074172974,69.3264694214,113.0500030518,59.0632057190,14.9726982117
2018-09-27,258.5356750488,54.0277328491,36.0336074829,93.3939819336,83.4074172974,69.3264694214,112.0500030518,59.3465232849,15.0403356552
2018-09-28,258.5622863770,53.5863494873,35.7917747498,93.1476821899,83.4486236572,69.3598709106,112.7600021362,60.1517181396,15.1925134659
2018-10-01,259.4605712891,53.6494102478,35.8001060486,92.4639129639,83.2370376587,69.3406677246,112.5699996948,59.5925521851,15.4799613953
2018-10-02,259.3093872070,53.3735580444,35.3498001099,93.0291290283,83.4519271851,69.3657073975,113.8700027466,59.4583625793,15.5306892395
2018-10-03,259.4516296387,53.2789726257,35.0579261780,91.4130706787,82.8320388794,69.3322677612,113.4199981689,58.8246307373,15.6744136810
2018-10-04,257.4238586426,52.6563491821,34.1823120117,90.7682571411,82.6171646118,69.3155364990,113.4800033569,58.3325576782,15.5053243637
2018-10-05,255.9831390381,52.3410835266,34.0572280884,89.9881134033,82.4188079834,69.3071441650,113.8000030518,58.3027305603,15.4715070724
2018-10-08,255.9831390381,52.0888748169,34.1072654724,89.6856002808,82.4518661499,69.2904663086,112.5400009155,59.1452217102,15.4292364120
2018-10-09,255.6095581055,51.9548835754,33.9821739197,90.5931243896,82.6088714600,69.3155364990,112.5999984741,59.2272415161,15.5391407013
2018-10-10,247.5160827637,50.8514747620,32.9731292725,90.3463287354,82.6502151489,69.3322677612,112.8799972534,58.3474693298,15.2347841263
2018-10-11,242.0642242432,50.1421432495,32.6395645142,91.4448852539,82.9891128540,69.3573608398,115.7799987793,56.6774063110,15.0065193176
2018-10-12,245.4260406494,50.3234176636,33.5985794067,91.1264877319,82.8899078369,69.3573608398,115.2300033569,56.5282974243,15.1248798370
2018-10-15,244.0475158691,50.2051963806,33.2399826050,91.0867156982,82.9395141602,69.3824081421,116.0000000000,56.9085426331,15.1586961746
2018-10-16,249.3838348389,51.0642776489,34.0739021301,91.2936553955,82.9312362671,69.3573608398,115.8000030518,58.0790596008,15.2263317108
2018-10-17,249.4283447266,50.7726631165,33.6569442749,90.7523345947,82.6915435791,69.3573608398,115.7900009155,57.8554000854,15.0910625458
2018-10-18,245.8263549805,49.9529991150,32.7729911804,90.7204895020,82.8403396606,69.3991775513,115.9199981689,57.7435607910,14.9219751358
2018-10-19,245.6928863525,50.2367210388,33.0815353394,90.5214920044,82.7411270142,69.3573608398,116.0100021362,58.2430992126,15.0065193176
2018-10-22,244.5900878906,50.0160446167,33.4401245117,90.4020767212,82.7576599121,69.3406677246,115.7099990845,57.4304351807,15.0234279633
2018-10-23,243.3448944092,49.5431518555,33.0732002258,90.6886444092,82.9725723267,69.3824081421,116.3899993896,57.6839256287,14.6937036514
2018-10-24,235.9719238281,48.1402511597,32.0057907104,91.3732833862,83.4188690186,69.4911575317,116.6600036621,58.2281913757,14.5922536850
2018-10-25,240.2054138184,48.7471046448,32.6228828430,90.9911499023,83.2205123901,69.4660568237,116.4000015259,58.9737358093,14.6514320374
2018-10-26,235.9808044434,48.4160995483,32.2476158142,91.5404663086,83.5924301147,69.5078811646,116.7699966431,57.5571899414,14.7613401413
2018-10-29,234.6734313965,48.2821083069,31.6888923645,91.3335037231,83.5841598511,69.5329208374,116.3099975586,58.2878227234,14.6091623306
2018-10-30,238.1509399414,48.8653373718,32.3059959412,90.8796997070,83.4023895264,69.4994888306,115.8000030518,59.0855751038,14.5330724716
2018-10-31,240.6945648193,49.2278862000,32.6562347412,90.4180068970,83.1957473755,69.4660568237,115.1500015259,58.3921928406,14.3386192322
2018-11-01,243.2559356689,49.8584060669,33.8237228394,90.5017929077,83.2669525146,69.5046005249,116.6299972534,58.6680564880,14.2371702194
2018-11-02,241.8152008057,49.9293327332,34.0405464172,89.3765716553,82.8031158447,69.4208221436,116.6500015259,58.1834411621,14.2033510208
2018-11-05,243.1492767334,49.9293327332,34.1322669983,89.7277603149,82.8527908325,69.4459762573,116.3700027466,59.0482940674,14.1948976517
2018-11-06,244.6879425049,50.1342544556,34.0739021301,89.6718368530,82.7617034912,69.4291992188,116.0400009155,59.3465232849,14.1357145309
2018-11-07,249.9263916016,50.8041877747,34.7160186768,89.7915573120,82.7617034912,69.4040603638,116.0299987793,60.0548057556,14.1018991470
2018-11-08,249.4728240967,50.3076553345,33.8153877258,89.7835769653,82.6457443237,69.3957214355,115.7799987793,60.0995292664,14.0173559189
2018-11-09,247.0359191895,49.9766311646,33.1899566650,90.4538726807,82.9687500000,69.4291992188,114.4800033569,60.0920753479,13.8651771545
2018-11-12,242.4199981689,49.1569480896,32.7229499817,91.0444030762,83.2172546387,69.4794464111,113.6600036621,60.2113571167,13.8313589096
2018-11-13,241.9664001465,49.3697509766,33.0982131958,90.9885559082,83.2835006714,69.4878234863,113.6999969482,60.1517181396,13.4509124756
2018-11-14,240.3120727539,49.4091567993,33.2983589172,91.0444030762,83.4574737549,69.5380935669,114.6399993896,60.0026054382,13.5692720413
2018-11-15,242.8201599121,49.5667877197,34.0405464172,91.0045394897,83.5154418945,69.5716171265,114.7699966431,59.5925521851,13.5439100266
2018-11-16,243.4516601562,49.6219635010,34.1072654724,91.5311965942,83.7722015381,69.6218261719,115.6200027466,60.2337379456,13.6284551620
2018-11-19,239.3338012695,49.1884765625,33.6486053467,91.7866058350,83.8964385986,69.6804962158,115.6699981689,60.3157615662,13.6284551620
2018-11-20,234.9045867920,48.3372764587,32.9230918884,91.8184967041,83.8798904419,69.6637725830,115.6699981689,59.6969184875,13.2141895294
2018-11-21,235.7050781250,49.0150909424,33.5318489075,91.7866058350,83.8633041382,69.6637725830,115.8600006104,59.7491035461,13.3240976334
2018-11-23,234.1308746338,48.6919441223,33.1399116516,91.8823547363,83.9130325317,69.6470336914,115.7699966431,59.6298370361,12.9351940155
2018-11-26,237.9108123779,49.4249267578,33.5485305786,91.6748504639,83.8467330933,69.6553726196,115.6399993896,59.7416648865,12.9943761826
2018-11-27,238.7112274170,49.2357749939,33.7820281982,91.7785797119,83.9295349121,69.6637725830,114.9499969482,59.9951553345,12.9436492920
2018-11-28,244.2076721191,49.9372215271,34.5909271240,91.3316955566,83.9212722778,69.6888885498,115.3799972534,60.5319519043,12.9013776779
2018-11-29,243.6739501953,49.6850090027,34.2907218933,91.6907882690,84.1366424561,69.7056198120,115.7399978638,60.5468559265,12.9859209061
2018-11-30,245.1592712402,49.4722137451,34.2573699951,92.0339660645,84.3022537231,69.7307357788,115.5400009155,61.1209487915,12.9267406464
2018-12-03,248.4054870605,50.1263732910,34.9495124817,92.6874237061,84.4865951538,69.6736755371,116.4100036621,61.4490051270,13.2226438522
2018-12-04,240.3565673828,48.8259277344,34.2073326111,94.2391662598,84.8766479492,69.7240295410,117.1200027466,60.5393943787,13.2310972214
2018-12-06,239.9919128418,48.3688049316,33.8904418945,94.5351028442,85.0924453735,69.7911300659,117.1399993896,62.0379638672,13.1211919785
2018-12-07,234.4154968262,47.8801460266,33.2566604614,94.7110748291,85.3414916992,69.8666610718,118.0899963379,61.2253265381,13.2733697891
2018-12-10,234.8602294922,47.5097122192,32.9064178467,95.1030120850,85.3912963867,69.8666610718,117.6800003052,60.8301734924,13.0620107651
2018-12-11,234.9135437012,47.6594696045,33.1565933228,95.0870132446,85.1754379272,69.7995529175,117.5400009155,60.8600044250,13.1380996704
2018-12-12,236.0964508057,48.3609161377,33.6986351013,94.6631011963,84.9430694580,69.7911300659,117.7900009155,59.9205894470,13.0958280563
2018-12-13,236.0163726807,48.2742271423,33.6903038025,94.4391479492,84.9928970337,69.8582763672,117.5299987793,60.2668952942,13.2649154663
2018-12-14,231.6583862305,47.6515922546,33.2149658203,94.7670745850,85.1256637573,69.9001998901,117.0599975586,60.0933837891,13.0620107651
2018-12-17,227.1136322021,47.2732734680,32.9064178467,95.3189620972,85.3746795654,69.9673461914,117.8700027466,57.8299560547,12.9098329544
2018-12-18,226.8645935059,47.3115043640,33.1298751831,95.8898010254,85.5850830078,70.0085067749,118.1500015259,58.4260139465,12.6392927170
2018-12-19,223.4671173096,46.8574371338,32.5796852112,97.1565780640,85.8845138550,70.0253295898,117.4300003052,57.7846908569,12.6900186539
2018-12-20,219.8295593262,46.6662521362,32.8336181641,96.8038024902,85.7763748169,70.0169448853,119.2399978638,56.9170608521,12.5716581345
2018-12-21,215.3253936768,45.8536872864,32.6050758362,96.7877578735,85.8512725830,70.0673446655,118.7200012207,56.1248817444,12.4617509842
2018-12-24,209.6358184814,45.3199501038,32.3003616333,97.2688140869,86.0674743652,70.1261291504,120.0199966431,54.1255264282,12.3238668442
2018-12-26,220.2276000977,46.3714942932,32.9436531067,96.2265167236,85.6599197388,70.0589218140,119.6600036621,55.9362449646,12.5979204178
2018-12-27,221.9184112549,46.5069198608,32.9013366699,96.2425765991,85.8762130737,70.1345443726,120.5699996948,55.9287071228,12.4780216217
2018-12-28,221.6321258545,46.7538719177,33.2145233154,97.0523452759,86.3420028687,70.2353591919,121.0599975586,56.1097869873,12.3752508163
2018-12-31,223.5733489990,46.8255691528,33.0621566772,97.4211273193,86.6663208008,70.2605972290,121.2500000000,56.2606658936,12.4095077515
2019-01-02,223.8059539795,46.7299690247,33.1468009949,97.9342651367,86.8493423462,70.2689971924,121.3300018311,55.0384368896,12.4437656403
2019-01-03,218.4653167725,46.3077697754,32.5458221436,99.0487289429,87.5396652222,70.4118194580,122.4300003052,55.4232101440,12.5465354919
2019-01-04,225.7829895020,47.7257537842,33.5954170227,97.9022293091,86.8327102661,70.2605972290,121.4400024414,56.0720520020,12.7178211212
2019-01-07,227.5631866455,47.9089889526,33.6716003418,97.6135559082,86.5914993286,70.2101821899,121.8600006104,56.6228218079,12.8120250702
2019-01-08,229.7012481689,48.2196655273,33.7985649109,97.3570556641,86.3752136230,70.1681518555,121.5299987793,57.7922401428,12.9404888153
2019-01-09,230.7747497559,48.7613716125,34.3995475769,97.2046737671,86.4251403809,70.2017745972,122.3099975586,57.7092590332,13.1974143982
2019-01-10,231.5888366699,48.9525566101,34.6450119019,96.5793304443,86.3835525513,70.2101821899,121.5899963379,58.4939117432,13.1631565094
2019-01-11,231.6783142090,48.6179695129,34.4757232666,96.9561386108,86.6414337158,70.2522048950,121.8000030518,58.6598701477,13.1203355789
2019-01-14,230.2648162842,48.3949165344,34.1879310608,96.5953598022,86.5914993286,70.2522048950,122.0899963379,58.4637145996,13.0090026855
2019-01-15,232.9038238525,48.6498374939,34.4249305725,96.2425765991,86.5082855225,70.2774047852,121.8799972534,59.0220222473,13.1117725372
2019-01-16,233.4674377441,48.7852706909,34.8481521606,96.3388214111,86.4584045410,70.2605972290,122.2699966431,59.4369888306,13.1802864075
2019-01-17,235.2386474609,48.9605178833,35.0005149841,96.3628387451,86.3003463745,70.2522048950,122.1100006104,59.7236785889,13.1888504028
2019-01-18,238.3697662354,49.4544296265,35.1698112488,95.8576736450,86.0259170532,70.1933593750,121.0199966431,59.9274024963,13.3258771896
2019-01-22,235.1492156982,48.6896667480,34.5603713989,96.5071487427,86.3253326416,70.2522048950,121.4499969482,59.7463111877,13.2316713333
2019-01-23,235.6412353516,48.9127235413,34.9158630371,96.4670715332,86.2837753296,70.2353591919,121.2799987793,59.7538528442,13.2145433426
2019-01-24,235.7664794922,48.9684867859,35.2544517517,97.1004638672,86.5582504272,70.2941741943,121.0899963379,59.9575691223,13.2487993240
2019-01-25,237.7614135742,49.5261230469,35.7200012207,96.6354446411,86.3586120605,70.2437744141,122.8600006104,60.7044830322,13.3173131943
2019-01-28,235.9543914795,49.2552719116,35.3475608826,96.5392227173,86.3835525513,70.2522048950,123.2900009155,61.3005180359,13.1374645233
2019-01-29,235.6412353516,49.3668022156,35.4068069458,97.0283355713,86.6330947876,70.2857818604,123.9800033569,61.7833633423,13.2659282684
2019-01-30,239.3716430664,49.9085044861,36.1770782471,96.9561386108,86.8327102661,70.3782043457,124.6900024414,62.2813262939,13.3601341248
2019-01-31,241.4738769531,49.9324035645,36.4818077087,97.7899856567,87.2319107056,70.4370651245,124.7500000000,62.9301757812,13.2916212082
2019-02-01,241.5901947021,49.9164772034,36.1940078735,97.1993637085,86.7651748657,70.3545532227,124.5000000000,62.5302772522,13.4115190506
2019-02-04,243.2899322510,50.0996932983,36.2532577515,96.7654342651,86.5734634399,70.3545532227,123.9599990845,62.9980621338,13.4200839996
2019-02-05,244.3097839355,50.4900474548,36.7526588440,97.2073669434,86.7235031128,70.3545532227,124.2799987793,63.3602180481,13.3601341248
2019-02-06,243.9876403809,50.2351226807,36.2532577515,97.2556381226,86.7901687622,70.3882064819,123.4400024414,62.9452667236,13.3772611618
2019-02-07,241.6618041992,49.5659446716,35.8892860413,97.8984375000,87.0735473633,70.4387359619,123.7399978638,63.4658508301,13.2487993240
2019-02-08,241.9569702148,49.4066314697,35.6861381531,98.3163070679,87.1902770996,70.4640197754,124.2099990845,63.4658508301,13.2659282684
2019-02-11,242.0911865234,49.3588371277,35.5676345825,97.9305725098,87.0568847656,70.4387359619,123.5999984741,63.6393699646,13.1888504028
2019-02-12,245.2043304443,49.9324035645,35.8638839722,97.6814804077,86.9402008057,70.4302978516,123.8600006104,63.2395019531,13.2659282684
2019-02-13,246.0004425049,49.9403648376,35.6099548340,97.3118286133,86.7235031128,70.3798217773,123.3700027466,63.5639152527,13.3430051804
2019-02-14,245.4547729492,49.9563064575,35.6776809692,97.8663253784,87.1319046021,70.4724197388,124.0599975586,63.7676315308,13.3772611618
2019-02-15,248.1295928955,50.6812324524,35.6268920898,98.0189743042,87.0485458374,70.4387359619,124.8000030518,64.1976699829,13.6256237030
2019-02-19,248.5589752197,50.8724212646,35.9062194824,98.2680740356,87.1985855103,70.4892501831,126.6999969482,64.1825866699,13.6598806381
2019-02-20,249.0599670410,51.0158119202,36.1093673706,97.9868392944,87.1818771362,70.4808425903,126.4800033569,63.7827262878,13.7027015686
2019-02-21,248.1743927002,50.9122467041,36.0331878662,97.1109771729,86.9235610962,70.4555358887,125.0500030518,63.8431015015,13.7455205917
2019-02-22,249.7130279541,51.0795440674,36.4310112000,97.6895217896,87.1818771362,70.5060729980,125.5000000000,64.2202987671,13.7797784805
2019-02-25,250.0529174805,51.2308959961,36.8373107910,97.4002456665,87.0485458374,70.4976654053,125.3700027466,63.7148170471,13.5742387772
2019-02-26,249.8740386963,51.4778518677,36.7103385925,97.8823623657,87.3069458008,70.5313491821,125.5800018311,63.5186653137,13.6341886520
2019-02-27,249.7666473389,51.2707366943,36.3971557617,96.7734451294,86.9985580444,70.5144729614,124.6900024414,63.2017707825,13.7027015686
2019-02-28,249.3014373779,51.1990318298,35.9231491089,96.4439544678,86.7734985352,70.4976654053,123.9899978638,63.3677597046,13.6684436798
2019-03-01,250.8581085205,51.4778518677,35.9654769897,95.5525665283,86.4888000488,70.4504547119,121.8799972534,63.1715888977,13.5142889023
2019-03-04,249.9456634521,51.2866668701,36.0162544250,96.3014450073,86.7559509277,70.4673004150,121.5599975586,63.4583015442,13.5571107864
2019-03-05,249.6056365967,51.3344688416,36.3717613220,96.5027847290,86.8060379028,70.4756927490,121.7200012207,63.6318321228,13.6256237030
2019-03-06,248.0938415527,51.2070007324,36.1686134338,96.8571090698,87.0482711792,70.5263290405,121.6100006104,63.3375816345,13.5485458374
2019-03-07,246.0184173584,50.5537757874,35.4999237061,97.4851837158,87.3405151367,70.5853347778,121.5100021362,63.2017707825,13.5142889023
2019-03-08,245.5263671875,50.5617370605,35.2459907532,97.8958740234,87.4658126831,70.6106643677,122.8399963379,63.2696762085,13.5057249069
2019-03-11,249.0867462158,50.9998779297,35.9062194824,97.6059951782,87.3989868164,70.5938110352,122.2399978638,64.1976699829,13.5228528976
2019-03-12,250.0261230469,50.9680175781,36.0924377441,98.2904663086,87.6411361694,70.6190948486,122.9800033569,64.4919204712,13.6084957123
2019-03-13,251.6810760498,51.4061622620,36.1347579956,98.1052322388,87.6077499390,70.6275558472,123.8399963379,64.8087844849,13.6941366196
2019-03-14,251.5200042725,51.3981933594,35.9400672913,97.3966369629,87.4825057983,70.6443786621,122.4100036621,64.9068603516,13.6341886520
2019-03-15,252.7626495361,51.9558296204,36.4648742676,98.0408248901,87.7580795288,70.6696777344,122.9700012207,64.7031784058,13.6341886520
2019-03-18,253.6791229248,52.1390495300,36.8711662292,97.9844589233,87.6411361694,70.6528167725,123.0400009155,64.3787460327,13.7027015686
2019-03-19,253.7420654297,52.2426109314,36.8880996704,97.7670593262,87.5827331543,70.6443786621,123.3799972534,64.1825866699,13.7369594574
2019-03-20,252.9783325195,52.2665138245,36.9473533630,98.7897491455,88.1922988892,70.7455902100,124.1800003052,64.3787460327,13.8397293091
2019-03-21,255.8355865479,52.2346496582,36.9981307983,99.0071487427,88.1505279541,70.7455902100,123.6800003052,65.5255432129,13.7712154388
2019-03-22,250.9117279053,51.2308959961,35.9146766663,100.5452041626,88.8018951416,70.8636779785,123.9700012207,65.0502395630,13.6513156891
2019-03-25,250.7230529785,51.3026084900,35.9993247986,100.7062377930,89.0273895264,70.9395523071,124.9199981689,65.1332168579,13.7027015686
2019-03-26,252.5919647217,51.5575218201,36.1093673706,100.6337814331,88.9522323608,70.9310760498,124.3000030518,65.6538085938,13.7283945084
2019-03-27,251.2711791992,51.5814170837,35.7200012207,101.5598602295,89.2110977173,70.9901275635,123.6500015259,65.4651947021,13.6513156891
2019-03-28,252.2236022949,51.4539527893,35.9569969177,101.9141540527,89.2194442749,70.9817199707,121.9000015259,66.1004180908,13.6084957123
2019-03-29,253.8140258789,51.6690406799,36.3294372559,101.8175048828,89.0774612427,70.9395523071,122.0100021362,66.0396347046,13.6170597076
2019-04-01,256.8238830566,52.3302421570,36.9304199219,100.3712844849,88.4649429321,70.8668746948,121.5299987793,66.0016403198,13.7455205917
2019-04-02,256.9498291016,52.3461723328,36.8119201660,100.5569000244,88.6156158447,70.9006576538,121.9800033569,66.4651641846,13.7797784805
2019-04-03,257.3541564941,52.7524604797,37.0658454895,99.6853179932,88.3394470215,70.8668746948,121.8000030518,66.3891677856,13.7969074249
2019-04-04,258.0369567871,52.6409263611,37.2943878174,99.9678039551,88.4314956665,70.8838043213,122.1100006104,66.2827987671,13.8054723740
2019-04-05,259.2860717773,52.7763519287,37.5821762085,100.0968933105,88.4733200073,70.8753204346,121.9800033569,66.7462997437,13.8482923508
2019-04-08,259.4836730957,52.8082237244,37.5821762085,99.7418060303,88.3310470581,70.8584442139,122.5100021362,66.3739700317,13.8996772766
2019-04-09,258.1537170410,52.4736442566,37.5060081482,100.0565872192,88.4900817871,70.8668746948,123.1500015259,66.0244598389,13.8739862442
2019-04-10,259.0344238281,52.6727981567,37.6837539673,100.2986526489,88.6992492676,70.9259872437,123.5299987793,66.6323318481,13.9938831329
2019-04-11,258.9624633789,52.5612716675,37.2774505615,99.7095108032,88.4984512329,70.8838043213,121.9499969482,66.5867309570,13.9253702164
2019-04-12,260.7146606445,52.9277076721,37.5483245850,98.9993591309,88.0883941650,70.8415374756,121.8300018311,66.9058761597,13.9681892395
2019-04-15,260.5439147949,52.9516067505,37.3536376953,99.2495269775,88.2055130005,70.8499526978,121.5999984741,66.5639343262,13.9424982071
2019-04-16,260.7146606445,52.9914398193,37.6329689026,98.6280822754,87.9042892456,70.8415374756,120.5100021362,65.0594177246,13.8911132812
2019-04-17,260.0767211914,53.1427993774,37.7430038452,98.6684417725,87.9210281372,70.8668746948,120.2799987793,64.4667358398,13.8397293091
2019-04-18,260.5888061523,53.1109352112,37.7176094055,99.1849670410,88.1302413940,70.8838043213,120.3700027466,64.9606323242,13.8825483322
2019-04-22,260.8134155273,53.0233116150,37.4721412659,98.7088088989,88.0046997070,70.8922500610,120.3700027466,64.2463378906,13.9510641098
2019-04-23,263.1585388184,53.1268692017,37.5567779541,98.9186172485,88.1637191772,70.9259872437,120.1200027466,65.0973968506,13.9681892395
2019-04-24,262.5744934082,52.7604141235,37.0489158630,99.7256851196,88.4984512329,70.9682922363,120.4700012207,65.5761184692,13.9168062210
2019-04-25,262.4128112793,52.7205848694,36.9981307983,99.5804138184,88.3896636963,70.9682922363,120.5699996948,65.4393539429,13.8911132812
2019-04-26,263.6347961426,52.9356765747,37.1420249939,99.9193954468,88.6239547729,71.0443191528,121.3700027466,65.9560623169,13.7283945084
2019-04-29,264.0480041504,53.1507644653,37.2182044983,99.2817916870,88.4398498535,71.0189514160,120.8300018311,65.3101730347,13.7369594574
2019-04-30,264.1828308105,53.1826362610,37.1843566895,99.7902297974,88.6156158447,71.0696868896,121.1999969482,65.9332504272,13.7797784805
2019-05-01,262.1971130371,52.8799171448,36.9050254822,100.2018890381,88.5753326416,71.0070190430,120.4000015259,65.9864425659,13.7369594574
2019-05-02,261.6310424805,52.8002548218,36.9896697998,99.7247085571,88.3238143921,70.9731521606,119.9400024414,66.0548477173,13.5828037262
2019-05-03,264.1918029785,53.3658561707,37.4298210144,100.0077819824,88.4411926270,70.9985351562,120.6500015259,66.6171340942,13.5913667679
2019-05-06,263.1046752930,52.7604141235,36.6595497131,100.2827682495,88.6675491333,71.0409011841,120.8099975586,66.4043731689,13.6341886520
2019-05-07,258.7109069824,51.8363304138,35.9400672913,101.0510864258,88.9693832397,71.0747604370,121.2099990845,65.2037811279,13.4629039764
2019-05-08,258.3515014648,51.9000663757,35.8892860413,100.6143264771,88.8017196655,71.0662689209,120.9100036621,65.1354064941,13.4800329208
2019-05-09,257.5697631836,51.6610794067,35.3221664429,101.0267944336,89.0364761353,71.1086196899,121.1999969482,65.3025741577,13.4115190506
2019-05-10,258.8636779785,52.0434570312,35.5337715149,100.8892974854,88.9777679443,71.1255264282,121.4300003052,66.0016403198,13.4372110367
2019-05-13,252.3583068848,50.8325958252,34.3487510681,101.6818771362,89.4221649170,71.2102050781,122.6699981689,65.9332504272,13.3686981201
2019-05-14,254.6405944824,51.3424301147,34.8312225342,101.3826522827,89.3383255005,71.2102050781,122.4599990845,66.1764144897,13.5485458374
2019-05-15,256.1322021484,51.5256500244,34.8989448547,102.0053787231,89.6234359741,71.2609710693,122.3899993896,66.6247253418,13.6684436798
2019-05-16,258.5042114258,51.9398918152,34.7296600342,101.6656723022,89.4473495483,71.2186660767,121.5100021362,66.8906784058,13.7455205917
2019-05-17,256.8329772949,51.5973434448,34.1032981873,101.8921356201,89.4892578125,71.2356109619,120.6500015259,66.7615051270,13.6170597076
2019-05-20,255.1347961426,51.3902359009,33.9593963623,101.6818771362,89.3383255005,71.2017593384,120.6399993896,65.7964706421,13.6770086288
2019-05-21,257.4349365234,51.7327728271,34.3910865784,101.5201034546,89.2377395630,71.1678771973,120.3600006104,66.3587799072,13.6855726242
2019-05-22,256.6442565918,51.5256500244,34.2217864990,102.1024246216,89.5059890747,71.2017593384,120.2399978638,66.5563507080,13.4885959625
2019-05-23,253.5084533691,51.0556449890,33.7816429138,103.2507629395,90.0510559082,71.3287429810,121.1699981689,66.7083206177,13.2059783936
2019-05-24,254.0835723877,51.6053161621,33.8154983521,103.3397750854,90.0259017944,71.3032836914,121.3000030518,66.9134750366,13.3858261108
2019-05-28,251.7204284668,51.1034431458,33.9339981079,104.0838088989,90.4199142456,71.3625793457,120.8300018311,66.2524185181,13.4971618652
2019-05-29,250.0311584473,50.7768249512,34.1540794373,104.3991775513,90.3864135742,71.3710479736,120.8700027466,65.3709640503,13.4457759857
2019-05-30,250.7140350342,50.9680175781,34.3402900696,105.2969207764,90.7133941650,71.4302978516,121.6900024414,65.6445007324,13.3087482452
2019-05-31,247.3356170654,50.5059738159,34.4588012695,106.6151199341,91.3170852661,71.5826416016,123.3300018311,66.0244598389,12.9576168060
2019-06-03,246.7066955566,50.8007240295,34.7719841003,107.3283081055,91.7565078735,71.7175292969,125.1100006104,66.1840133667,12.9147958755
2019-06-04,252.0618591309,51.3822631836,34.8481521606,106.1045913696,91.4204711914,71.6666412354,125.1500015259,65.8876724243,12.9918746948
2019-06-05,254.2452850342,51.3663330078,34.5688438416,105.5048980713,91.4204711914,71.7005462646,125.4700012207,67.2630233765,12.7263841629
2019-06-06,255.8984680176,51.5734481812,34.5857696533,105.8452224731,91.4036407471,71.6581726074,125.8799972534,67.3921966553,12.9490518570
2019-06-07,258.4593200684,52.2266769409,34.8566169739,106.7610168457,91.7649078369,71.7345046997,126.5899963379,67.6429214478,12.9918746948
2019-06-10,259.6453857422,52.3700752258,35.2206001282,105.7561721802,91.3112335205,71.6666412354,125.3300018311,67.4225845337,12.9576168060
2019-06-11,259.5824584961,52.6329612732,35.6184310913,105.8209381104,91.3112335205,71.6411895752,125.1800003052,67.6049575806,13.0432586670
2019-06-12,259.1242370605,52.2426109314,35.2375221252,105.9019927979,91.5464477539,71.7005462646,125.8300018311,67.8329010010,12.8634119034
2019-06-13,260.1934509277,52.2904167175,35.1782836914,106.2666320801,91.7732620239,71.7769012451,126.5999984741,68.1216659546,13.0261306763
2019-06-14,259.9059448242,51.9080390930,34.7889060974,106.5341033936,91.8404998779,71.7514572144,126.5599975586,68.1596527100,13.0775165558
2019-06-17,260.0047607422,51.9454727173,34.9262275696,106.7204895020,91.8237075806,71.7175292969,126.4800033569,68.8891143799,13.0175666809
2019-06-18,262.7273254395,52.6372070312,35.7705917358,107.2553939819,92.0001220703,71.7260437012,127.1200027466,68.8207244873,13.1717214584
2019-06-19,263.3201904297,52.9627304077,36.0691146851,107.4092788696,92.2521362305,71.8786849976,127.8899993896,69.1930694580,13.1460304260
2019-06-20,265.8362426758,53.4266052246,36.5979080200,107.6929779053,92.4033737183,71.9126281738,131.1100006104,69.5426025391,13.4115190506
2019-06-21,265.4497070312,53.1987342834,36.4785003662,106.5097808838,92.0253067017,71.8786849976,131.9799957275,68.5623931885,13.4457759857
2019-06-24,265.1247558594,53.3126678467,36.4273262024,107.3039474487,92.3445510864,71.9211044312,133.9400024414,68.3267898560,13.5057249069
2019-06-25,262.5244140625,52.9952812195,36.0520553589,107.6362380981,92.4873962402,71.9380493164,134.1999969482,67.3162078857,13.5485458374
2019-06-26,262.2624511719,53.0603828430,36.3932151794,106.9474105835,92.1093444824,71.8532714844,132.9700012207,65.9712448120,13.6170597076
2019-06-27,263.1924743652,53.1906013489,36.6490783691,107.7010421753,92.3865585327,71.9126281738,132.8399963379,66.8205108643,13.6170597076
2019-06-28,264.5468139648,53.4917068481,36.5979080200,107.6281127930,92.4285964966,71.9126281738,133.1999969482,67.0506591797,13.4714679718
2019-07-01,266.9485168457,53.7439918518,37.0328826904,107.3763885498,92.3124694824,71.8667297363,130.6199951172,67.0199737549,13.4629039764
2019-07-02,267.6437072754,53.8986091614,36.9390640259,108.2045822144,92.6406250000,71.9092254639,133.4100036621,68.1860733032,13.2402343750
2019-07-03,269.7836303711,54.2648277283,36.8708343506,108.9759826660,92.8173751831,71.9262161255,133.6300048828,68.9992828369,13.3686981201
2019-07-05,269.4765930176,53.8497848511,36.6149673462,107.5306549072,92.2282714844,71.7817687988,132.1399993896,68.7537918091,13.3943901062
2019-07-08,267.9958496094,53.5405426025,36.3932151794,107.6768112183,92.1357116699,71.7477645874,131.2899932861,68.9992828369,13.3772611618
2019-07-09,268.3299255371,53.3126678467,36.2823448181,107.6362533569,92.0767974854,71.7222747803,131.7500000000,69.2294311523,13.4200839996
2019-07-10,269.6119995117,53.4998474121,36.5893783569,107.0434722900,92.1272964478,71.8497772217,133.8300018311,69.6283416748,13.7112665176
2019-07-11,270.2440490723,53.4835662842,36.5211524963,105.6144180298,91.6728363037,71.8157501221,132.6999969482,68.7230834961,13.7198305130
2019-07-12,271.4539794922,53.5486717224,36.5467338562,105.7362365723,91.7738037109,71.8242263794,133.5299987793,68.6310272217,13.7540864944
2019-07-15,271.5442504883,53.5975074768,36.6831932068,106.3452148438,91.9674224854,71.8412399292,133.5299987793,68.5773239136,13.6084957123
2019-07-16,270.6684570312,53.3777694702,36.6320266724,106.0284957886,91.7654190063,71.8157501221,132.3999938965,68.4162292480,13.4629039764
2019-07-17,268.8265075684,53.3045196533,36.5211524963,107.1734237671,92.1946029663,71.8837509155,134.5800018311,68.1860733032,13.3430051804
2019-07-18,269.8107299805,53.4672927856,36.7429008484,107.1815261841,92.4217987061,71.9687118530,136.4799957275,68.1860733032,13.2487993240
2019-07-19,268.3118286133,53.3126678467,36.5552635193,106.9298171997,92.2535247803,71.8922424316,134.4700012207,67.0736694336,13.3258771896
2019-07-22,268.9710388184,53.3696365356,36.5637931824,107.1328125000,92.2955932617,71.9007492065,134.4499969482,67.0122909546,13.2830572128
2019-07-23,270.8941345215,53.7033004761,36.6064376831,106.5481643677,92.1441192627,71.8837509155,133.6900024414,67.7717742920,13.3686981201
2019-07-24,272.1671752930,53.7439918518,36.6661453247,107.0110244751,92.2787628174,71.9007492065,134.3699951172,67.8255081177,13.3087482452
2019-07-25,270.8670959473,53.1987342834,36.3420372009,106.4994506836,92.1188812256,71.8582763672,133.4199981689,67.4265747070,13.2573623657
2019-07-26,272.6819458008,53.3045196533,36.4187965393,106.7512054443,92.1020355225,71.8667297363,133.6399993896,67.7334442139,13.2744913101
2019-07-29,272.1852416992,53.4184608459,36.3505668640,106.7836380005,92.1862030029,71.8667297363,134.5299987793,67.9175415039,13.3258771896
2019-07-30,271.5171203613,52.7999649048,36.0691146851,107.0434722900,92.2282714844,71.8752517700,134.9799957275,68.4622421265,13.4029541016
2019-07-31,268.5466613770,52.4500312805,35.6256065369,107.9042205811,92.4639434814,71.8667297363,133.2100067139,68.1937408447,13.3173131943
2019-08-01,266.2081909180,52.3035430908,34.9262275696,110.0472259521,93.5126876831,72.0710601807,136.4100036621,68.1937408447,12.9490518570
2019-08-02,264.2037658691,51.8396759033,34.5850639343,111.0642089844,93.7065887451,72.0880279541,135.8899993896,68.5236282349,12.9661808014
2019-08-05,256.2582397461,50.5457229614,33.3057136536,112.9843063354,94.5159378052,72.2328186035,137.7899932861,67.1734008789,12.8548479080
2019-08-06,259.8519287109,50.8875122070,33.7833404541,113.8873901367,94.6676940918,72.2668609619,138.9100036621,67.9175415039,12.7863340378
2019-08-07,260.0053405762,51.0828285217,33.9368667603,113.9280014038,94.6676940918,72.2753601074,141.0200042725,68.5773239136,12.6236133575
2019-08-08,265.1066284180,51.5792541504,34.3547821045,114.1721801758,94.6760940552,72.2497863770,141.7299957275,69.7817764282,12.6921262741
2019-08-09,263.3008728027,51.2211875916,34.0050926208,113.9443206787,94.5327987671,72.2072677612,141.2599945068,69.6974105835,12.8034610748
2019-08-12,260.0956420898,50.8142776489,33.5957069397,116.3200225830,95.1313323975,72.2838516235,142.6300048828,69.5132598877,12.7092561722
2019-08-13,264.1405944824,51.2944221497,34.0221481323,115.9213867188,94.7941436768,72.1987457275,141.7799987793,69.6129989624,13.0090026855
2019-08-14,256.3306274414,49.8865356445,33.0413169861,118.5330200195,95.4264678955,72.2923736572,142.7500000000,68.5543212891,12.8120250702
2019-08-15,257.0076904297,50.0574302673,33.2630729675,119.8510742188,96.0334167480,72.4456100464,143.6999969482,69.2370758057,12.7092561722
2019-08-16,260.7999267578,50.6596527100,33.7236366272,118.8910064697,95.7805328369,72.4371337891,142.7799987793,69.9505615234,12.7006912231
2019-08-19,263.9419250488,50.9688987732,33.8600997925,117.1905822754,95.3253173828,72.3605194092,141.1100006104,70.4568786621,12.7606410980
2019-08-20,261.9194335938,50.7979965210,33.9283294678,118.4029006958,95.7468109131,72.4115524292,142.2100067139,69.9582290649,12.7948970795
2019-08-21,264.0502624512,51.1560783386,34.2524375916,117.6137084961,95.4938812256,72.3434677124,141.7599945068,70.2497558594,12.8377180099
2019-08-22,263.9689636230,51.0584144592,33.8089256287,116.8326568604,95.2831039429,72.3093872070,141.3999938965,70.5719604492,12.7777690887
2019-08-23,257.1882934570,50.4236450195,33.3057136536,118.7526626587,95.9238739014,72.4286270142,144.1699981689,69.5823211670,12.6835632324
2019-08-26,260.0323791504,50.8386878967,33.4848289490,118.2726669312,95.8311233521,72.3945388794,144.1900024414,70.1193313599,12.6749982834
2019-08-27,259.0120849609,50.7979965210,33.5445251465,120.0951385498,96.2442398071,72.4200592041,145.5700073242,69.9198837280,12.7606410980
2019-08-28,260.8359985352,50.7979965210,33.6383552551,120.2496795654,96.2779541016,72.4371337891,145.1600036621,70.1500320435,12.8719758987
2019-08-29,264.1676025391,51.2374534607,34.0136260986,119.7941284180,96.0924758911,72.4030609131,144.1199951172,70.6947174072,12.9062318802
2019-08-30,264.0502624512,51.4409103394,34.2780227661,119.8266754150,96.1177673340,72.4286270142,143.7500000000,70.7484130859,12.7006912231
2019-09-03,262.5063171387,51.3432502747,34.0648002625,119.9815521240,96.3288879395,72.4848709106,145.7500000000,71.4542007446,12.6321773529
2019-09-04,265.4857788086,52.0675354004,34.6362342834,120.1607894897,96.4809036255,72.5445556641,146.6600036621,72.0526046753,12.9319248199
2019-09-05,268.8987426758,52.3442268372,35.0285758972,117.9846496582,95.7039794922,72.3825531006,143.1399993896,71.5309371948,12.9147958755
2019-09-06,269.1064147949,52.5151329041,35.1820907593,118.8241806030,95.7631149292,72.3910751343,141.9199981689,71.6920242310,12.9490518570
2019-09-09,269.2418518066,52.6697616577,35.2929725647,116.7132110596,95.1719818115,72.3143386841,141.3899993896,71.3468017578,13.0689516068
2019-09-10,269.1786193848,52.7592811584,35.3185577393,114.6674880981,94.4794845581,72.1949386597,140.1799926758,70.6103286743,13.0860795975
2019-09-11,271.0928344727,53.0522499084,35.5659027100,114.4637145996,94.3866119385,72.1949386597,141.0299987793,70.6870574951,12.9918746948
2019-09-12,272.0317993164,53.3614959717,35.8217697144,113.7138671875,94.1754837036,72.1778564453,141.3200073242,71.0629653931,12.9404888153
2019-09-13,271.8512573242,53.6626052856,36.0264663696,111.2850723267,93.3141326904,72.0584869385,140.1499938965,70.3034591675,12.9404888153
2019-09-16,271.0115661621,53.1824607849,35.7450103760,112.7032928467,93.7194900513,72.1181793213,141.3200073242,70.9171905518,13.5142889023
2019-09-17,271.6977539062,53.3614959717,35.7450103760,113.3145217896,93.9643402100,72.1522979736,141.6000061035,71.6843490601,13.2573623657
2019-09-18,271.8603210449,53.2963943481,35.6000213623,113.7953796387,93.9981460571,72.1096572876,140.7100067139,71.4388732910,13.1717214584
2019-09-19,271.8422546387,53.4754257202,35.4550209045,114.1376724243,94.0403594971,72.1181793213,141.2799987793,71.6920242310,13.2402343750
2019-09-20,270.5578308105,53.3533554077,35.4891433716,115.6455459595,94.5808258057,72.1949386597,142.9499969482,71.6920242310,13.2573623657
2019-09-23,270.4942321777,53.2150115967,35.5232582092,115.6210861206,94.7159271240,72.2375717163,143.7500000000,71.8071212769,13.2916212082
2019-09-24,268.3717041016,53.0115661621,35.1479797363,117.0147171021,95.1888656616,72.3143386841,144.5099945068,71.6478271484,13.1374645233
2019-09-25,269.9591369629,52.8569259644,35.1223907471,115.3032073975,94.5639343262,72.2205200195,141.8300018311,71.7870178223,13.0603866577
2019-09-26,269.3967285156,53.0522499084,35.1138610840,116.0449142456,94.7666168213,72.2546234131,141.7899932861,72.3901901245,13.0603866577
2019-09-27,267.9454956055,52.8732109070,34.6618309021,116.3301696777,94.9017028809,72.2972640991,141.0599975586,71.9880752563,13.0090026855
2019-09-30,269.1881408691,53.0685234070,34.8579940796,116.6153793335,94.9777221680,72.3313751221,138.8699951172,72.1117858887,12.8805389404
2019-10-01,265.9861755371,52.5476799011,34.6106452942,116.9664840698,95.2407684326,72.4125213623,139.6300048828,71.4312896729,12.8719758987
2019-10-02,261.2876586914,51.4734687805,34.3462524414,117.2522506714,95.5706176758,72.4894027710,141.2599945068,71.1296920776,12.7606410980
2019-10-03,263.4282836914,51.8152542114,34.7897682190,118.3217926025,96.0695724487,72.6431579590,141.8999938965,71.8179473877,12.7435121536
2019-10-04,266.9930419922,52.2221603394,34.9432868958,119.1954040527,96.2556915283,72.6345672607,141.8999938965,72.2509841919,12.8462820053
2019-10-07,265.8410949707,52.1570549011,34.6532974243,118.2075195312,95.9342803955,72.5577087402,140.6900024414,72.0963287354,12.8291530609
2019-10-08,261.7139587402,51.6687812805,34.4059600830,118.5259170532,96.1372604370,72.6004104614,141.9199981689,71.7174224854,12.8205900192
2019-10-09,264.1992797852,52.0431251526,34.6703567505,117.8563766479,95.8919982910,72.5577087402,142.0500030518,71.8566055298,12.8548479080
2019-10-10,265.9861755371,52.4093399048,35.0285758972,116.1010055542,95.2915191650,72.4723129272,140.8099975586,71.9725875854,12.9404888153
2019-10-11,268.7437438965,53.3452262878,35.5914916992,114.6640701294,94.6403121948,72.4039535522,140.0299987793,71.9416656494,13.0946435928
2019-10-14,268.4443359375,53.1254997253,35.4379692078,115.4968795776,94.9024887085,72.4125213623,140.5899963379,71.9725875854,13.0346946716
2019-10-15,271.1020202637,53.7439918518,35.7535438538,114.1007385254,94.4457550049,72.3953857422,139.6100006104,72.0654220581,13.0004386902
2019-10-16,270.6666564941,53.8253631592,35.8558883667,114.2395095825,94.6317977905,72.4296188354,140.4100036621,72.0731277466,13.0175666809
2019-10-17,271.4649658203,53.9555816650,35.9923553467,113.9618377686,94.5979766846,72.4296188354,140.6100006104,72.5448379517,13.0689516068
2019-10-18,270.2765808105,53.9311447144,35.8047103882,113.9618377686,94.6825714111,72.4552230835,140.4600067139,73.1016464233,13.0603866577
2019-10-21,272.1088867188,54.2241363525,36.1288070679,113.1046524048,94.3358154297,72.4210586548,139.7899932861,73.6584167480,13.0432586670
2019-10-22,271.2199707031,54.0939254761,36.1544075012,113.7659759521,94.5556793213,72.4466705322,140.1999969482,73.4419097900,13.0603866577
2019-10-23,272.0090332031,54.3868980408,36.1629219055,113.8802947998,94.5895385742,72.4382019043,140.5299987793,73.6043090820,13.2231063843
2019-10-24,272.4535217285,54.4845428467,36.1629219055,113.6516418457,94.5726394653,72.4382019043,141.5299987793,73.4187011719,13.2916212082
2019-10-25,273.5692443848,54.5415153503,36.4187965393,113.0964508057,94.3696136475,72.3953857422,141.8600006104,72.7923202515,13.3686981201
2019-10-28,275.1111450195,54.7856674194,36.6320266724,112.0676803589,94.0143966675,72.3698043823,140.6399993896,72.3515319824,13.3173131943
2019-10-29,275.0295410156,54.7693862915,36.4443817139,112.1412124634,94.0990066528,72.3869247437,140.2500000000,72.7923202515,13.2916212082
2019-10-30,275.8731689453,54.9972610474,36.6064376831,113.7822952271,94.5556793213,72.4296188354,141.0200042725,73.0552597046,13.2059783936
2019-10-31,275.1384887695,54.8670425415,36.3164520264,115.3172607422,95.1561889648,72.5577087402,142.4299926758,72.9237823486,13.1289014816
2019-11-01,277.6872253418,55.3553276062,36.8623046875,114.9622802734,94.9766082764,72.5149154663,142.5599975586,72.9083175659,13.3686981201
2019-11-04,278.8028564453,55.6401672363,37.2290573120,113.4491653442,94.4938583374,72.4636001587,142.1499938965,72.3979263306,13.4543390274
2019-11-05,278.4945983887,55.5343704224,37.4422874451,112.1732482910,93.9855575562,72.4122543335,139.8500061035,71.1683654785,13.4885959625
2019-11-06,278.5581054688,55.5099563599,37.3228797913,112.8521270752,94.2566452026,72.4550399780,140.4499969482,71.3230209351,13.3430051804
2019-11-07,279.5376586914,55.6808586121,37.5958023071,110.8073883057,93.5027999878,72.3694686890,138.2700042725,70.6115493774,13.3344411850
2019-11-08,280.2269897461,55.6483039856,37.2546386719,110.3411712646,93.3757400513,72.3780441284,137.3899993896,70.4414367676,13.3686981201
2019-11-11,279.6918945312,55.5750732422,36.9902381897,110.4148025513,93.4773788452,72.3951492310,137.0599975586,70.5961227417,13.2830572128
2019-11-12,280.2814025879,55.5994682312,36.7514305115,110.9219284058,93.5197296143,72.4037551880,137.4299926758,70.0625000000,13.2916212082
2019-11-13,280.3722534180,55.4041633606,36.4699668884,111.6416625977,93.7738494873,72.4379730225,137.9799957275,70.7043457031,13.3173131943
2019-11-14,280.7803344727,55.2495307922,36.4955635071,112.7949142456,94.2481765747,72.5063705444,138.5599975586,71.2534255981,13.2744913101
2019-11-15,282.8122253418,55.5994682312,36.7855491638,112.6721725464,94.1719207764,72.4807281494,138.2100067139,71.6400833130,13.3430051804
2019-11-18,283.0209045410,55.6645812988,36.7258415222,112.8766326904,94.3329010010,72.5149154663,138.6199951172,71.9880752563,13.2059783936
2019-11-19,282.9392089844,55.5913352966,36.8026046753,113.8172378540,94.5107421875,72.5063705444,138.6900024414,72.1117858887,13.0860795975
2019-11-20,281.8869018555,55.2414016724,36.6405563354,114.9950027466,94.8580245972,72.5406112671,138.7599945068,72.0731277466,13.2573623657
2019-11-21,281.4335021973,55.1681518555,36.5637931824,114.2753067017,94.6208572388,72.5063705444,138.0000000000,71.0600891113,13.3772611618
2019-11-22,282.0593261719,55.3227806091,36.5637931824,114.4225082397,94.6039276123,72.4978637695,137.7400054932,70.7971801758,13.3686981201
2019-11-25,284.2453002930,55.7622337341,36.9305381775,114.7577819824,94.6462860107,72.5063705444,137.0800018311,71.0214157104,13.3686981201
2019-11-26,284.8893737793,55.7296943665,36.8196640015,115.4284820557,94.8241653442,72.5406112671,137.7400054932,71.9648818970,13.4457759857
2019-11-27,286.1592712402,55.8761634827,36.8623046875,115.0931015015,94.5784912109,72.4978637695,137.0099945068,72.3050994873,13.3772611618
2019-11-29,285.0979003906,55.4855422974,36.2823448181,114.8477554321,94.5022506714,72.5234832764,137.8600006104,71.9725875854,13.1117725372
2019-12-02,282.6761474609,55.2007064819,36.2738037109,113.3164901733,94.1630096436,72.5012130737,137.7899932861,70.8822097778,13.0946435928
2019-12-03,280.7803344727,54.9972610474,36.0861701965,115.6924438477,95.0027160645,72.6040420532,139.1100006104,71.3384704590,13.1032075882
2019-12-04,282.5128479004,55.5018081665,36.3590965271,114.5372619629,94.6379699707,72.5697784424,138.9199981689,71.6323394775,13.3087482452
2019-12-05,283.0209045410,55.3960304260,36.5211524963,113.9801635742,94.4174728394,72.5355148315,139.0000000000,71.6710052490,13.3344411850
2019-12-06,285.6059265137,55.9005889893,36.7343711853,113.3492584229,94.1290664673,72.5097961426,137.6199951172,71.8179473877,13.4200839996
2019-12-09,284.7079467773,55.6076126099,36.5893783569,113.5950088501,94.2053985596,72.5097961426,137.5800018311,71.9571380615,13.4029541016
2019-12-10,284.3905029297,55.6320304871,36.7173156738,113.6032333374,94.0951309204,72.4755096436,137.9700012207,71.5395507812,13.4629039764
2019-12-11,285.1977844238,55.9250106812,37.2546386719,114.4963607788,94.4852981567,72.5355148315,138.9199981689,70.8126296997,13.4029541016
2019-12-12,287.6557922363,56.2993545532,37.9028472900,112.6119079590,93.7388839722,72.4669418335,138.4299926758,69.8537139893,13.5228528976
2019-12-13,287.8281860352,56.6899719238,37.8857803345,113.9145812988,94.2902221680,72.5526733398,139.0500030518,69.8691787720,13.5913667679
2019-12-16,289.8056030273,57.2957000732,38.2072334290,112.8904418945,93.8491821289,72.5097961426,139.0399932861,70.3718261719,13.6855726242
2019-12-17,289.8690795898,56.9664916992,38.5556716919,112.7347640991,93.8575897217,72.5269012451,139.0099945068,69.7067871094,13.7455205917
2019-12-18,289.8872680664,56.8924331665,38.7647552490,111.8089904785,93.6031570435,72.5355148315,139.0200042725,70.5563888550,13.7540864944
2019-12-19,291.0755004883,56.8924331665,38.7821655273,111.9879150391,93.6761779785,72.5501174927,139.3800048828,71.1817092896,13.8140344620
2019-12-20,292.3515625000,56.9335823059,38.8605651855,112.1355743408,93.6761779785,72.5501174927,139.5200042725,71.5725021362,13.7969074249
2019-12-23,292.7982177734,57.0241165161,38.9128303528,111.9714431763,93.5912704468,72.5329284668,139.9499969482,71.2129669189,13.8003883362
2019-12-24,292.8073425293,56.9664916992,38.8257141113,112.2915191650,93.7526473999,72.5414962769,141.2700042725,71.4005432129,13.8612985611
2019-12-26,294.3660278320,57.2133903503,39.1044807434,112.5623321533,93.8885498047,72.5672836304,142.3800048828,71.7131805420,13.9657135010
2019-12-27,294.2931518555,57.3121490479,39.2612762451,112.6854019165,94.0244598389,72.6187591553,142.3300018311,71.9398727417,13.9918193817
2019-12-30,292.6705932617,56.8842048645,38.9999427795,112.2751235962,93.9649963379,72.6444931030,142.6300048828,72.0102081299,13.9657135010
2019-12-31,293.3815917969,57.1475524902,39.0870552063,111.1755294800,93.6252670288,72.6359405518,142.8999938965,72.5260696411,13.8787002563
2020-01-02,296.1253356934,57.7236404419,39.8797721863,112.4309844971,94.0584411621,72.6702346802,143.9499969482,71.6740951538,13.8961038589
2020-01-03,293.8829956055,57.0076484680,39.1393280029,114.1625061035,94.6870117188,72.7303695679,145.8600006104,72.1196136475,14.0614299774
2020-01-06,295.0040893555,57.2298622131,39.0434989929,113.5141983032,94.5851058960,72.7045745850,147.3899993896,72.2056045532,14.0875349045
2020-01-07,294.1746215820,57.0734786987,39.0173645020,112.9562225342,94.4491882324,72.7045745850,147.9700012207,71.4005432129,14.0788326263
2020-01-08,295.7424926758,57.2380714417,39.2438621521,112.2094497681,94.2283401489,72.6702346802,146.8600006104,71.6193771362,13.8699989319
2020-01-09,297.7478637695,57.3697547913,39.5051956177,112.6033401489,94.2962875366,72.6788177490,146.0299987793,71.5803222656,13.8090896606
2020-01-10,296.8908996582,57.1557769775,39.7142677307,113.6044692993,94.5001449585,72.6959838867,146.9100036621,72.1274490356,13.8090896606
2020-01-13,298.9328002930,57.4520606995,40.3327598572,113.2598495483,94.3897323608,72.6873855591,145.8200073242,72.9950256348,13.7046728134
2020-01-14,298.4769897461,57.5096664429,40.1062660217,113.8424377441,94.5766067505,72.6959838867,145.6900024414,72.7214584351,13.7655830383
2020-01-15,299.1515197754,57.5096664429,39.7926635742,114.5974273682,94.8144378662,72.7303695679,146.5399932861,73.3780288696,13.6959714890
2020-01-16,301.6399841309,57.7483291626,40.0452842712,114.2362823486,94.6190719604,72.7303695679,146.3099975586,73.9642257690,13.6785688400
2020-01-17,302.5789489746,57.9211540222,40.2717781067,113.2598495483,94.5426330566,72.7560653687,146.5800018311,74.0345916748,13.7220764160
2020-01-21,301.9862976074,57.4602775574,39.2525711060,114.4497680664,94.9164123535,72.7732467651,146.7400054932,74.7380523682,13.6437635422
2020-01-22,302.0227661133,57.5755043030,39.5748825073,114.8517761230,94.9333801270,72.7904586792,146.7899932861,74.2378082275,13.4610338211
2020-01-23,302.3692016602,57.4356002808,39.1654624939,115.6560134888,95.1712112427,72.8161468506,147.1199951172,74.8630905151,13.3479166031
2020-01-24,299.6802062988,57.1887016296,38.8518524170,116.5914535522,95.5110092163,72.8418884277,147.9799957275,74.6051559448,13.1477842331
2020-01-27,294.8764648438,56.0036239624,37.5103340149,118.4050140381,96.1565475464,72.9191360474,148.9900054932,74.2456130981,12.9041461945
2020-01-28,297.9665527344,56.5303306580,37.8239326477,117.4776916504,95.8337631226,72.8848037720,147.6600036621,74.5426330566,12.9650554657
2020-01-29,297.7204895020,56.5385437012,38.0068702698,118.6266174316,96.2924728394,72.9534606934,148.4600067139,74.2690811157,12.9041461945
2020-01-30,298.6866760254,56.4891815186,37.4406433105,118.6430206299,96.3859252930,72.9620742798,148.4700012207,74.3237991333,12.7910270691
2020-01-31,293.2630920410,55.5345230103,36.6827812195,119.7261810303,96.8700942993,73.0564727783,149.3300018311,73.4171066284,12.6866102219
2020-02-03,295.4416809082,55.6661911011,37.0921974182,119.6291885376,96.7875900269,73.0349807739,148.3600006104,73.6594161987,12.4516744614
2020-02-04,299.9445800781,56.5961532593,38.0504264832,118.0181274414,96.2262039185,72.9576263428,146.4299926758,74.4175796509,12.4690771103
2020-02-05,303.4082946777,57.1393241882,38.2682113647,116.7276611328,95.8094482422,72.9060668945,146.6100006104,74.4644775391,12.6605072021
2020-02-06,304.4292602539,57.2957000732,38.3030509949,117.2536773682,95.8774337769,72.9232406616,147.3999938965,74.7145843506,12.7127161026
2020-02-07,302.8067016602,56.7525100708,37.7716712952,118.7168197632,96.3367996216,72.9661712646,147.7899932861,74.6989669800,12.6431045532
2020-02-10,305.0673522949,56.8677406311,37.9807434082,119.0456237793,96.5239257812,73.0006027222,148.1699981689,75.5352859497,12.5299863815
2020-02-11,305.5959777832,57.2545433044,38.4772758484,118.4455108643,96.2942352295,72.9661712646,147.6600036621,76.1058654785,12.5734930038
2020-02-12,307.5649719238,57.4520606995,38.9999427795,117.8455352783,96.0475845337,72.9318313599,147.5399932861,76.5591964722,12.7475214005
2020-02-13,307.2366638184,57.0487976074,38.4859848022,118.2976074219,96.1326370239,72.9490127563,148.3800048828,77.0203475952,12.7562227249
2020-02-14,307.7289733887,56.9500312805,38.5034103394,118.8154373169,96.3707962036,72.9834060669,149.0000000000,77.8175811768,12.7475214005
2020-02-18,306.9359130859,56.5879364014,38.2507820129,119.6291885376,96.5239257812,73.0092010498,150.9100036621,77.7316131592,12.8432369232
2020-02-19,308.4034729004,56.7772178650,38.5295372009,119.6209716797,96.5069198608,73.0178070068,151.7899932861,76.6842651367,12.9650554657
2020-02-20,307.1363830566,56.4397964478,37.9284820557,120.5579986572,96.7875900269,73.0349807739,152.4100036621,77.5987548828,12.9128465652
2020-02-21,303.9734191895,56.1764450073,37.7106933594,121.6840820312,97.1788635254,73.0951766968,154.6999969482,77.8254241943,12.8606395721
2020-02-24,293.8920898438,53.9297142029,36.2994804382,123.5006561279,97.9358901978,73.2155303955,156.0899963379,76.7624053955,12.6170005798
2020-02-25,284.9864807129,53.0408935547,36.0120086670,124.1582641602,98.2080688477,73.2928771973,153.3000030518,74.6833267212,12.3820629120
2020-02-26,283.9383850098,53.1067314148,36.2994804382,123.5006561279,98.1570358276,73.3444671631,153.9700012207,73.8782730103,12.2602443695
2020-02-27,271.1861267090,51.5348472595,35.4283676147,124.8404998779,98.6333389282,73.4304122925,154.0000000000,69.9467391968,12.0514106750
2020-02-28,270.0467529297,51.2221145630,35.2976989746,127.6598281860,99.7390975952,73.6968917847,148.3800048828,68.2584686279,11.8425779343
2020-03-02,281.7414550781,51.8805046082,36.0642814636,126.7205886841,99.6709747314,73.6667404175,149.1999969482,71.1738739014,12.1123199463
2020-03-03,273.6745300293,51.4607810974,35.8203659058,128.6879577637,100.8291549683,73.9594955444,153.8899993896,71.0097274780,12.1384248734
2020-03-04,285.1779479980,52.9997444153,36.4562797546,127.3215255737,100.6077117920,73.9680938721,154.1600036621,73.6906814575,12.1471252441
2020-03-05,275.6980895996,51.5924606323,35.6897010803,130.4908142090,101.5019149780,74.1230926514,157.4900054932,72.1118240356,12.0166053772
2020-03-06,271.1404724121,50.8188552856,34.9579620361,137.2819824219,102.5323410034,74.2091293335,157.5500030518,70.8690338135,11.6250429153
2020-03-09,249.9659729004,46.8767929077,32.5710983276,141.0027313232,103.4520721436,74.6137466431,157.8099975586,65.4055557251,10.7200994492
2020-03-10,262.9004211426,48.6050453186,34.2262229919,133.7752532959,101.5530319214,74.2866287231,154.4799957275,68.1688613892,11.0594539642
2020-03-11,250.0844726562,46.1278877258,32.6320762634,128.8526763916,100.5396270752,74.2005157471,153.9299926758,64.0727310181,10.8593215942
2020-03-12,226.1571044922,41.0583419800,29.3653812408,129.6510620117,100.5906906128,74.1833496094,147.7899932861,57.5819740295,10.4242525101
2020-03-13,245.4903869629,43.5437393188,31.4822044373,126.7205886841,99.9349746704,74.2780151367,143.2799987793,62.6075820923,10.5373716354
2020-03-16,218.6279296875,39.0502815247,27.5534591675,134.9277038574,102.5749282837,74.3985290527,141.6399993896,51.5086708069,9.9021711349
2020-03-17,230.4320678711,40.9513511658,29.4524974823,125.9303512573,100.0031051636,74.2263793945,143.5599975586,54.4862403870,9.7455444336
2020-03-18,218.7646636963,38.6058654785,26.9088306427,118.8262710571,98.6149978638,74.1316909790,140.6999969482,49.3030853271,9.4235944748
2020-03-19,219.2295684814,39.2066459656,27.1178989410,122.0613174438,98.9386138916,74.2607727051,138.0399932861,49.4763908386,9.6237258911
2020-03-20,209.7819824219,38.7210845947,27.3182582855,131.2398376465,101.4593429565,74.4587631226,140.1100006104,47.0108337402,9.5193090439
2020-03-23,204.4182586670,38.2684516907,26.6649169922,136.6481323242,102.6600799561,74.5448837280,146.3000030518,44.8288650513,9.6324272156
2020-03-24,222.9391784668,41.5109825134,28.6684894562,134.1044921875,101.9617919922,74.4415817261,153.3999938965,48.8619651794,9.8412609100
2020-03-25,226.2766876221,42.8606719971,29.6789836884,133.7999114990,102.0213470459,74.5276718140,151.3000030518,51.4929389954,10.0065870285
2020-03-26,239.4888916016,44.7782020569,30.8027267456,134.4584960938,102.2683639526,74.6137466431,153.2400054932,55.1243057251,9.9717807770
2020-03-27,232.3555603027,43.5025825500,29.0517787933,138.0475921631,103.0262908936,74.5965194702,152.2500000000,55.1794395447,9.9369754791
2020-03-30,239.9014739990,44.3831710815,29.5308971405,136.9116058350,103.2647247314,74.6309814453,152.9199981689,56.3846473694,9.9108724594
2020-03-31,236.3256378174,43.9963760376,29.7312545776,135.8001708984,103.4520721436,74.6137466431,148.0500030518,55.0218925476,9.7890529633
2020-04-01,225.6898345947,42.0459175110,28.4594192505,137.7029113770,103.8732681274,74.6620483398,149.4499969482,51.4062843323,9.5106077194
2020-04-02,230.8977355957,42.8688964844,29.4176502228,138.5767669678,103.8903198242,74.6792678833,151.8999938965,51.5795822144,9.6933374405
2020-04-03,227.5602874756,41.8895492554,28.8601360321,138.9064941406,103.9670562744,74.6620483398,152.6499938965,50.8312454224,9.9369754791
2020-04-06,242.8446655273,44.1115875244,30.4368534088,138.5437774658,103.4980926514,74.6103210449,156.8800048828,54.5965194702,9.9891834259
2020-04-07,243.0922546387,44.3584861755,30.5936584473,137.0928649902,103.0376815796,74.5930328369,156.0399932861,55.1006622314,10.0587949753
2020-04-08,251.2524414062,44.7205963135,30.9072628021,136.0953826904,102.9098129272,74.6361465454,154.6499938965,58.8580780029,10.0326910019
2020-04-09,255.0758514404,45.7328567505,30.7940139771,136.3427581787,103.1314773560,74.6620483398,158.6900024414,62.1585807800,10.0587949753
2020-04-13,252.7469787598,45.2966728210,30.8375740051,135.0978546143,102.9098129272,74.6706771851,161.4100036621,59.5433769226,10.2328233719
2020-04-14,260.2012939453,46.1031951904,31.5431766510,135.0649261475,103.0462341309,74.6706771851,162.6799926758,61.2133407593,10.1458072662
2020-04-15,254.6723632812,44.6629867554,30.7330341339,138.6427001953,103.9670562744,74.6964950562,161.8500061035,58.7871742249,9.9369754791
2020-04-16,255.9010620117,44.6876754761,30.8985462189,140.2173004150,104.0778884888,74.7137680054,161.7100067139,58.1176033020,9.9108724594
2020-04-17,262.8143005371,45.8727607727,31.5867328644,138.3377227783,103.8050689697,74.6878662109,158.5700073242,59.9529953003,9.9543781281
2020-04-20,258.1840515137,45.1896896362,31.1860256195,139.4505920410,104.0778884888,74.6878662109,159.6999969482,57.7237510681,9.7890529633
2020-04-21,250.3447418213,44.3091049194,30.3236198425,141.2064666748,104.3677597046,74.7051162720,158.6100006104,56.6761054993,9.3278789520
2020-04-22,255.9010620117,45.0580139160,31.1511745453,139.7638244629,104.0438156128,74.6792678833,161.7299957275,57.5425834656,9.4584007263
2020-04-23,255.8827362061,44.9181098938,31.0379257202,140.5057678223,104.1119689941,74.6706771851,163.3399963379,57.0620689392,9.4322957993
2020-04-24,259.4493408203,45.4365844727,30.9943809509,140.8355102539,104.1375350952,74.6706771851,162.6399993896,57.3062744141,9.3104763031
2020-04-27,263.1901855469,46.0373573303,31.6215801239,138.2139739990,103.5833663940,74.6706771851,161.5599975586,59.2676849365,9.1364498138
2020-04-28,261.9799499512,46.3830108643,31.6825542450,139.8050689697,104.0352325439,74.6964950562,160.8399963379,59.7560806274,9.1451501846
2020-04-29,268.8381347656,47.5434112549,32.6059417725,139.0796508789,103.9841079712,74.6878662109,161.7299957275,60.6540603638,9.3104763031
2020-04-30,266.3351135254,46.5558357239,31.9177589417,137.4556427002,103.7368469238,74.8172073364,158.8000030518,59.9529953003,9.4845027924
2020-05-01,259.2843017578,45.5435714722,30.7678833008,138.6327209473,103.8802185059,74.7067642212,159.7799987793,57.9285583496,9.3626852036
2020-05-04,259.9994506836,45.5271148682,31.0989017487,137.9805603027,103.8972778320,74.7067642212,160.3399963379,57.6449966431,9.4758024216
2020-05-05,262.4017028809,45.6094055176,31.2731266022,137.0973663330,103.8204650879,74.6981353760,161.0200042725,57.9285583496,9.7194414139
2020-05-06,260.6229248047,45.3131370544,31.1773166656,134.8851470947,103.4364318848,74.7240371704,158.9499969482,56.8887710571,9.5280113220
2020-05-07,263.7677612305,45.9962081909,31.4299335480,137.1386260986,104.0680313110,74.7757949829,161.3899993896,57.7001304626,9.5889205933
2020-05-08,268.1321716309,46.7780380249,32.0919876099,135.3556671143,103.7265853882,74.7585220337,160.4199981689,59.0707473755,9.7890529633
2020-05-11,268.1871948242,46.7368888855,31.8829097748,134.2991790771,103.4364318848,74.7326507568,159.4199981689,58.2121353149,9.6585321426
2020-05-12,262.8418579102,46.1443481445,31.7609519958,135.6776275635,103.7778091431,74.7498931885,160.0399932861,55.5654182434,9.5802202225
2020-05-13,258.1932067871,45.7904663086,31.6999778748,136.6268768311,103.9911956787,74.7498931885,161.5800018311,54.2184257507,9.4845027924
2020-05-14,261.2831115723,45.3542900085,31.8219318390,137.9640502930,104.1533889771,74.7326507568,163.0099945068,54.4074745178,9.6498308182
2020-05-15,262.4841918945,45.3954277039,31.3863697052,137.6091461182,104.0850753784,74.7757949829,163.9299926758,54.1947860718,9.7455444336
2020-05-18,270.4793701172,47.2306785583,32.6146545410,134.5880279541,103.4449157715,74.7154006958,162.6900024414,57.4007949829,10.0239896774
2020-05-19,267.7013244629,46.5805244446,32.3533210754,135.0915985107,103.7351150513,74.7585220337,164.2599945068,56.6288261414,9.9978857040
2020-05-20,272.2489318848,47.5516319275,32.7801704407,135.4959869385,103.7607498169,74.7585220337,164.6499938965,57.1329689026,10.1719131470
2020-05-21,270.3694763184,47.0002403259,32.4055900574,135.8345031738,103.8289947510,74.7412872314,162.2500000000,57.1802444458,10.1284065247
2020-05-22,270.8827819824,46.8685684204,31.7348232269,136.6516571045,104.0253372192,74.7412872314,163.2100067139,57.9521980286,10.0500946045
2020-05-26,274.2203369141,48.2100181580,32.4317131042,134.8191223145,103.7522048950,74.7412872314,160.8899993896,60.1184310913,10.1545104980
2020-05-27,278.3004150391,48.7943344116,32.5362510681,134.5715179443,103.8375396729,74.7240371704,161.1799926758,61.3157234192,10.0239896774
2020-05-28,277.7869262695,49.2551956177,32.3097686768,134.0762786865,103.7436599731,74.7585220337,161.7200012207,61.6071929932,10.0761976242
2020-05-29,279.0247192383,49.0823822021,32.8672714233,135.0337371826,104.0765609741,74.7585220337,162.9100036621,60.9927749634,10.2502241135
2020-06-01,280.1524658203,50.1769371033,33.6251487732,134.1246032715,104.0355224609,74.7498779297,163.6600036621,62.4028015137,10.3111362457
2020-06-02,282.4722290039,50.6460380554,34.4265823364,133.6369781494,103.8646545410,74.7498779297,162.6000061035,62.9069328308,10.4242525101
2020-06-03,286.2313842773,51.8558120728,35.2280082703,131.8600158691,103.2494964600,74.6894531250,159.6000061035,64.9234771729,10.4242525101
2020-06-04,285.4795532227,51.6336059570,34.7314682007,129.9507904053,102.8394165039,74.7067260742,161.2799987793,64.2775497437,10.5112657547
2020-06-05,292.7963256836,52.5224151611,35.6461410522,129.0250549316,102.3268203735,74.6808319092,158.0099945068,66.7115783691,10.7200994492
2020-06-08,296.3353576660,53.2054901123,35.8639183044,129.5210113525,102.4378890991,74.6635437012,159.7200012207,68.3657836914,10.6504878998
2020-06-09,294.1256713867,52.5141944885,35.6200065613,130.9921569824,102.8052520752,74.6894531250,161.2599945068,67.2314605713,10.6852941513
2020-06-10,292.4844970703,52.3989715576,35.8813438416,132.9344940186,103.5741500854,74.7326202393,163.5700073242,65.5221481323,10.7549047470
2020-06-11,275.6231384277,49.5926246643,34.0084457397,135.4470520020,103.9415512085,74.6980895996,162.3899993896,61.3157234192,10.4068498611
2020-06-12,278.9238281250,50.4485206604,34.7314682007,134.1410827637,103.7108688354,74.7239990234,162.6199951172,63.5134582520,10.4503583908
2020-06-15,281.5278015137,50.6555099487,34.4160423279,134.2154998779,103.6254196167,74.7067260742,162.3300018311,64.4114608765,10.5460729599
2020-06-16,286.9465332031,51.2815055847,34.6350898743,132.1575622559,103.4118423462,74.6980895996,162.2500000000,65.6796646118,10.6330862045
2020-06-17,285.7546386719,51.4734764099,34.9680366516,132.7030029297,103.5741500854,74.7239990234,162.5599975586,64.7265625000,10.5808773041
2020-06-18,285.8646240234,51.1980438232,34.9855651855,134.1081237793,103.8048400879,74.7153472900,162.2400054932,64.0175933838,10.6417875290
2020-06-19,284.2309265137,50.9476509094,34.9767913818,134.2154998779,103.8390121460,74.7326202393,164.0299987793,63.0880737305,10.7288017273
2020-06-22,286.0543823242,51.5569458008,35.4061203003,134.2320251465,103.7450637817,74.7153472900,165.0899963379,63.0250740051,10.8419189453
2020-06-23,287.3713073730,51.8407363892,35.7478256226,133.3146667480,103.7108688354,74.7326202393,166.4799957275,62.7651443481,10.7897100449
2020-06-24,280.0407714844,50.5136299133,35.2746963501,134.7445068359,103.9073715210,74.7412796021,165.8999938965,60.9770317078,10.5199680328
2020-06-25,283.0429992676,51.2314300537,35.4236450195,135.1328887939,103.9244384766,74.7412796021,165.8000030518,61.7558326721,10.6156826019
2020-06-26,276.3203125000,50.4885864258,34.9943275452,136.5793457031,104.2063980103,74.7671356201,166.5399932861,60.5705184937,10.4851627350
2020-06-29,280.3814697266,50.8975601196,35.1520347595,136.1494903564,104.3089218140,74.7844390869,166.6300048828,61.7399177551,10.6591901779
2020-06-30,283.9730529785,50.8057518005,35.0381278992,135.4883117676,104.1209640503,74.7758026123,167.3699951172,62.4718093872,10.7113990784
2020-07-01,285.9622497559,50.9977188110,35.4324111938,135.2252807617,103.9585113525,74.7507171631,166.6199951172,63.9116668701,10.7984123230
2020-07-02,287.5370483398,51.5569458008,36.2384948730,135.3658142090,104.0867614746,74.7853164673,166.9799957275,63.7287178040,10.8419189453
2020-07-06,291.9757995605,52.3999443054,37.7980728149,134.8114471436,103.9328079224,74.7593536377,167.9799957275,63.6968841553,10.9289331436
2020-07-07,288.9645080566,51.6320686340,37.1672248840,136.7064208984,104.2663650513,74.7766418457,169.0399932861,62.4320259094,10.9376344681
2020-07-08,291.1746520996,52.0660896301,38.1310234070,136.1602325439,104.1038436890,74.7766418457,170.0899963379,62.3445205688,11.0768566132
2020-07-09,289.5169982910,51.4734764099,38.1310234070,138.3282470703,104.4373550415,74.7939682007,169.6300048828,61.9547119141,10.9463357925
2020-07-10,292.4731750488,52.0243530273,37.8856964111,137.6331787109,104.2321243286,74.7680130005,169.1900024414,62.1456375122,11.0159454346
2020-07-13,289.9406433105,51.6904907227,37.6316108704,138.0882415771,104.3433074951,74.7680130005,169.3999938965,61.4058189392,10.9028282166
2020-07-14,293.6979675293,52.4500312805,37.6841697693,138.2868652344,104.3347244263,74.7766418457,170.1900024414,61.9228744507,10.9550380707
2020-07-15,296.3962707520,53.0426368713,37.7980728149,137.6413726807,104.3005371094,74.7853164673,170.3399963379,62.5274810791,11.0855579376
2020-07-16,295.4200744629,52.7004356384,37.2636032104,138.2950744629,104.3774795532,74.7853164673,168.7299957275,61.7797012329,10.9985446930
2020-07-17,296.2765502930,53.0092544556,37.4738845825,138.0055541992,104.3518447876,74.8025665283,170.1199951172,62.5831527710,11.0159454346
2020-07-20,298.6708679199,53.2679939270,37.9557800293,138.3448181152,104.4202575684,74.7853164673,170.9400024414,61.8354072571,11.0072450638
2020-07-21,299.3062744141,53.3765029907,38.3062629700,138.4275360107,104.5314407349,74.8025665283,173.0000000000,61.9865341187,11.1638698578
2020-07-22,301.0100097656,53.5183944702,38.1397819519,138.8412322998,104.5655899048,74.7939682007,175.6300048828,62.9332008362,11.2334804535
2020-07-23,297.4184570312,53.0927162170,37.8331222534,140.4631195068,104.6682662964,74.7939682007,177.1799926758,62.6706962585,11.2073774338
2020-07-24,295.5028686523,52.8005905151,37.7980728149,140.4548339844,104.6169357300,74.8025665283,178.6999969482,62.2092628479,11.2247800827
2020-07-27,297.6578674316,53.4933547974,38.3851089478,139.9335632324,104.4544601440,74.7766418457,182.2299957275,62.7979621887,11.3291969299
2020-07-28,295.7700195312,53.1511497498,38.0696907043,140.9016418457,104.7024383545,74.7939682007,183.7500000000,64.0469284058,11.2682867050
2020-07-29,299.4076843262,53.7103691101,38.6830139160,140.6616363525,104.8392562866,74.8112030029,185.1300048828,65.2879333496,11.3291969299
2020-07-30,298.3393859863,52.9174385071,38.1923522949,141.5885009766,104.9846496582,74.8371429443,183.7599945068,64.8662872314,11.1986761093
2020-07-31,300.6968383789,51.7906455994,37.9295005798,141.4973907471,105.0103073120,74.8457717896,185.4299926758,64.7469558716,11.2595844269
2020-08-03,302.7873535156,52.8005905151,38.1923522949,140.7850799561,104.9589385986,74.8457565308,185.6399993896,63.8878021240,11.3727025986
2020-08-04,303.9569396973,53.0927162170,38.7005310059,142.1269989014,105.3183822632,74.8544006348,189.5899963379,64.8424301147,11.4336137772
2020-08-05,305.8447875977,53.2679939270,39.1211013794,140.8844757080,104.9675140381,74.8371200562,191.3500061035,64.5162658691,11.5293283463
2020-08-06,307.8892517090,53.3264274597,39.2437553406,141.6714630127,105.0873489380,74.8371200562,193.8899993896,64.6196899414,11.6163425446
2020-08-07,308.1102600098,53.1094131470,38.4376831055,140.7271270752,104.8648300171,74.8284683228,190.8099975586,65.5424575806,11.4597167969
2020-08-10,309.0311889648,53.2846908569,38.5340538025,140.0973968506,104.7535705566,74.8111953735,190.1499938965,65.6459045410,11.5206260681
2020-08-11,306.4802856445,53.4766616821,38.4289207458,138.4324188232,104.3940734863,74.7939147949,179.9400024414,64.6992645264,11.3378973007
2020-08-12,310.7532958984,54.6618843079,38.9458618164,137.1732177734,104.0859985352,74.7765960693,179.1000061035,65.3515853882,11.4597167969
2020-08-13,310.1914367676,54.4198226929,38.8319511414,135.7070159912,103.8720397949,74.7679595947,183.3300018311,64.5480880737,11.5206260681
2020-08-14,310.2006835938,54.0859680176,38.7618637085,135.1768188477,103.9234085083,74.7765960693,182.5399932861,64.5560379028,11.5206260681
2020-08-17,311.1861267090,54.4949493408,39.2525253296,135.5164184570,104.0945739746,74.7852783203,186.5000000000,65.0810775757,11.7120571136
2020-08-18,311.8584289551,54.4615516663,39.2087059021,136.4856872559,104.2742919922,74.7939147949,188.1799926758,64.7708435059,11.7381610870
2020-08-19,310.5598449707,54.2195053101,38.7268104553,135.6324462891,104.1373291016,74.7939147949,182.2400054932,63.6332359314,11.7033557892
2020-08-20,311.5267944336,54.0442276001,38.6041526794,136.8584594727,104.4369049072,74.7939147949,183.5000000000,64.2378234863,11.6859531403
2020-08-21,312.6319885254,53.7687911987,38.7969055176,137.6785888672,104.5139236450,74.7852783203,182.0299987793,64.3412628174,11.5728349686
2020-08-24,315.8000183105,54.4782485962,39.2262306213,137.4548339844,104.3684234619,74.7765960693,181.0000000000,64.7549285889,11.6337451935
2020-08-25,316.9050292969,54.5116386414,39.6205177307,136.4027862549,104.1202163696,74.7852783203,181.2200012207,64.9219894409,11.7294597626
2020-08-26,320.0822143555,54.8288116455,39.7256584167,135.8809814453,104.0774383545,74.7852783203,183.3600006104,64.3253402710,11.7555646896
2020-08-27,320.7820129395,54.2695846558,39.3927040100,133.5697021484,103.7094421387,74.7765960693,181.2400054932,65.2720108032,11.7120571136
2020-08-28,322.8540344238,54.6535377502,39.9096565247,133.4703216553,103.8805770874,74.8025588989,184.3899993896,65.7015914917,11.7903690338
2020-08-31,321.6845397949,54.2362060547,39.0247154236,134.3566589355,103.9918365479,74.8284683228,184.8300018311,65.0333404541,11.7816667557
2020-09-01,324.7143554688,54.2946243286,39.6906051636,135.8934936523,104.3327026367,74.8103103638,185.0500030518,65.0810775757,11.7990703583
2020-09-02,329.4110107422,55.0207786560,39.5854606628,137.1871643066,104.4783477783,74.8189773560,182.6199951172,66.2902908325,11.6424455643
2020-09-03,318.0745544434,53.7771339417,38.8319511414,137.5769958496,104.6153488159,74.8103103638,181.1399993896,65.4947586060,11.5380296707
2020-09-04,315.4776306152,53.8522605896,38.8494873047,134.9645843506,104.0329513550,74.7843399048,181.6399993896,65.1526718140,11.4336137772
2020-09-08,306.8578186035,53.1928825378,38.1748275757,135.7939758301,104.2556381226,74.7930068970,181.2899932861,64.3571548462,11.1551675797
2020-09-09,312.9174804688,54.1861190796,38.7443389893,135.4290618896,104.2042160034,74.8016738892,183.0500030518,64.9935760498,11.2595844269
2020-09-10,307.4840087891,53.5517807007,38.1222572327,136.1173858643,104.3327026367,74.7930068970,182.4600067139,64.1980438232,11.1464672089
2020-09-11,307.6405944824,54.0859680176,38.4902496338,136.4075622559,104.4954757690,74.8103103638,182.4499969482,63.8400688171,11.2247800827
2020-09-14,311.6925964355,54.3780975342,39.1123352051,136.3993682861,104.4012298584,74.8016738892,183.8899993896,65.3992767334,11.2334804535
2020-09-15,313.2673339844,54.7286529541,39.5241317749,136.0675659180,104.3498764038,74.8103103638,183.4499969482,66.1868515015,11.2943897247
2020-09-16,312.0240783691,54.7286529541,39.4715690613,135.6612548828,104.2899017334,74.8189773560,183.9700012207,66.5368728638,11.5032243729
2020-09-17,309.2797851562,54.8037872314,39.3138504028,136.0759429932,104.3241729736,74.8016738892,182.9600067139,65.2401962280,11.6337451935
2020-09-18,305.7191772461,54.3613929749,39.0071945190,135.6529083252,104.2299346924,74.8103103638,183.1999969482,63.7684707642,11.6859531403
2020-09-21,302.3166198730,52.9842147827,38.6479568481,136.3412780762,104.4183807373,74.8016738892,179.5200042725,61.8512878418,11.3988075256
2020-09-22,305.3955078125,52.9675216675,38.3588180542,136.2334747314,104.4183807373,74.8189773560,178.6499938965,62.5911293030,11.3465986252
2020-09-23,298.3130798340,52.5251541138,37.7630271912,136.4159240723,104.4183807373,74.8189773560,174.7899932861,60.7057533264,11.2160797119
2020-09-24,299.1082458496,52.4750747681,37.5877952576,136.9384155273,104.4697570801,74.8103103638,175.4400024414,61.0319213867,11.2682867050
2020-09-25,303.9440002441,52.6503524780,37.6228370667,136.9384155273,104.5554122925,74.8189773560,174.9400024414,62.2905502319,11.2682867050
2020-09-28,308.9922790527,53.4432792664,38.0433959961,136.5486145020,104.5382919312,74.8276138306,176.6999969482,63.5652122498,11.3640022278
2020-09-29,307.3095397949,53.3848495483,38.0171165466,136.7062377930,104.6153488159,74.8189773560,178.1900024414,63.1082763672,11.2334804535
2020-09-30,309.6394958496,53.1261062622,38.6304397583,135.3958282471,104.3327026367,74.8276138306,177.1199951172,63.3006744385,11.3640022278
2020-10-01,311.6273498535,53.4349250793,38.9896659851,135.6192016602,104.3918762207,74.8103179932,178.6999969482,64.5673370361,11.2247800827
2020-10-02,308.6686706543,53.3264274597,38.5428161621,135.1127624512,104.2890167236,74.8189620972,178.5399932861,65.6816635132,11.0855579376
2020-10-05,314.1422424316,54.1360397339,39.0597572327,132.4727783203,103.6291122437,74.7929992676,179.4100036621,66.0584487915,11.3727025986
2020-10-06,309.6764831543,53.5601196289,39.1298522949,133.1866912842,103.8690567017,74.7929992676,177.3000030518,65.6255493164,11.4162092209
2020-10-07,315.0668945312,54.0191955566,39.5591888428,132.2154083252,103.5691375732,74.7843170166,177.2200012207,65.7217483521,11.4597167969
2020-10-08,317.8591003418,54.3947830200,39.8833656311,132.9293670654,103.7576522827,74.7843170166,177.8500061035,66.8200454712,11.5728349686
2020-10-09,320.6976928711,54.8204727173,40.1549835205,132.9044342041,103.7062683105,74.7843170166,181.0800018311,66.5554885864,11.6076402664
2020-10-12,325.8569030762,55.1376380920,40.5054473877,133.3278198242,103.8176574707,74.8016433716,180.5599975586,66.8681488037,11.4858207703
2020-10-13,323.7304077148,54.5199813843,40.3389701843,134.2825469971,104.0490493774,74.7929992676,177.7200012207,65.7217483521,11.5119247437
2020-10-14,321.6962890625,54.4281730652,40.0673599243,134.5897521973,104.0833053589,74.7929992676,178.2700042725,64.9200592041,11.5902376175
2020-10-15,321.2986450195,53.7854881287,39.7782249451,134.3573150635,103.9719314575,74.8103179932,178.9199981689,65.2567749023,11.6250429153
2020-10-16,321.1045227051,54.0358772278,39.9184112549,133.9838104248,103.9119186401,74.8016433716,178.3000030518,64.7917938232,11.5467319489
2020-10-19,316.2226257324,53.8355674744,39.8045082092,133.4773101807,103.7405319214,74.8016433716,178.3899993896,63.7816772461,11.5554313660
2020-10-20,317.4894104004,54.1026496887,40.2425880432,132.2070617676,103.5177459717,74.7929992676,179.2500000000,64.2386550903,11.6859531403
2020-10-21,316.8883361816,53.8439178467,40.3565025330,131.7504882812,103.3805694580,74.7929992676,180.6000061035,64.0462341309,11.5902376175
2020-10-22,318.6265869141,53.8856430054,40.3477325439,130.3807067871,103.0206375122,74.7670440674,178.8300018311,64.0382156372,11.6250429153
2020-10-23,319.7083740234,54.2362060547,40.5843009949,131.1776580811,103.1663284302,74.7756881714,178.6399993896,64.4230346680,11.5380296707
2020-10-26,313.8002014160,53.2596549988,40.0586013794,132.3979949951,103.4405670166,74.7843170166,178.5500030518,63.5011062622,11.3727025986
2020-10-27,312.7183532715,52.8423271179,40.2338333130,133.2863769531,103.6719436646,74.7843170166,179.0200042725,62.4829483032,11.4510154724
2020-10-28,302.0300292969,51.2648162842,39.2262306213,133.4109191895,103.6633987427,74.7843170166,176.1300048828,60.9918212891,11.1464672089
2020-10-29,305.0997009277,51.5068702698,39.6205177307,132.1157989502,103.2263183594,74.8016433716,175.3999938965,61.8095397949,11.0072450638
2020-10-30,301.9190063477,51.2397727966,39.1736640930,130.8124542236,102.8920898438,74.7929992676,176.1999969482,61.4006767273,11.0072450638
2020-11-02,305.3030700684,51.9075012207,39.6730804443,131.7923126221,103.0687484741,74.7921295166,177.9100036621,62.8677597046,11.2073774338
2020-11-03,310.6935119629,53.2679939270,39.8483123779,131.0276031494,102.8371963501,74.7748031616,178.9199981689,64.0783004761,11.2769880295
2020-11-04,317.6372680664,53.8522605896,41.1012458801,133.8699645996,103.7033309937,74.7921295166,178.8200073242,64.1905288696,11.3988075256
2020-11-05,323.8320617676,55.1459808350,41.8021850586,134.1026763916,103.6861724854,74.7748031616,182.9299926758,64.4951629639,11.4510154724
2020-11-06,323.7581787109,55.2628326416,41.9949378967,132.4819793701,103.3346023560,74.7834701538,183.1900024414,64.0542449951,11.4075088501
2020-11-09,327.8263854980,56.8737297058,42.2840805054,129.6979064941,102.5713806152,74.7575149536,175.0800018311,66.3230133057,11.5467319489
2020-11-10,327.3455505371,57.3828735352,41.8021850586,128.9498596191,102.2798156738,74.7488632202,175.6600036621,67.2930297852,11.7729673386
2020-11-11,329.7772827148,57.8669776917,42.0737953186,129.4153900146,102.4427261353,74.7315216064,174.8999938965,67.5495605469,11.7642660141
2020-11-12,326.5781250000,57.0239639282,41.7583732605,131.6177673340,103.0258865356,74.7401657104,175.9600067139,66.6677246094,11.6685495377
2020-11-13,331.0994262695,57.9003715515,42.3454055786,131.4431762695,102.8886871338,74.7401657104,177.1600036621,68.4474563599,11.6163425446
2020-11-16,335.2323608398,58.5013160706,42.8711166382,131.1274414062,102.8114700317,74.7575149536,177.1499938965,69.2170486450,11.7207593918
2020-11-17,333.4294433594,58.4428863525,42.8273010254,131.9833984375,103.0773315430,74.7488632202,176.5000000000,69.2812042236,11.7555646896
2020-11-18,329.4167175293,58.1340637207,42.6783485413,132.3657226562,103.0430374146,74.7488632202,175.4900054932,67.9343643188,11.7729673386
2020-11-19,330.8036499023,58.5430526733,42.7484474182,133.0471496582,103.1544799805,74.7661437988,175.1600036621,68.1989288330,11.7729673386
2020-11-20,328.5382690430,58.7183265686,42.9850158691,134.2272949219,103.3346023560,74.7748031616,175.6900024414,67.8301544189,11.8338766098
2020-11-23,330.5077209473,58.6432075500,43.0989189148,133.6123046875,103.1287689209,74.7748031616,172.2299957275,67.9584274292,11.8686819077
2020-11-24,335.8334350586,59.5195884705,43.6771850586,132.2825469971,102.9658355713,74.7834701538,169.5899963379,68.3191757202,12.1210222244
2020-11-25,335.3156127930,59.4444847107,43.4318618774,131.8753204346,103.0001373291,74.7921295166,169.5099945068,68.3592758179,12.2254390717
2020-11-27,336.2495117188,59.8534584045,43.8436622620,133.1552124023,103.3088684082,74.7921295166,167.7899932861,68.0546188354,12.1993350983
2020-11-30,334.7608337402,58.5513916016,42.6958770752,132.9890441895,103.2402572632,74.8094558716,166.6699981689,67.3411560059,12.1297225952
2020-12-01,338.4223632812,59.9285850525,43.5370101929,131.0280914307,102.6910705566,74.7687149048,170.1799926758,68.2069473267,12.0949182510
2020-12-02,339.1342773438,59.9369392395,43.5983314514,129.9881896973,102.5194168091,74.7860717773,171.4600067139,67.6698226929,12.1471252441
2020-12-03,339.0417480469,60.0370903015,44.0977516174,131.0365142822,102.7940292358,74.8033599854,172.8099975586,68.2390213013,12.1645278931
2020-12-04,341.9635009766,60.5462417603,44.5533561707,129.1147003174,102.3907241821,74.7946929932,172.3200073242,69.2812042236,12.2167367935
2020-12-07,341.2608032227,60.0537834167,44.5533561707,130.2793884277,102.7082214355,74.8120422363,174.8899993896,68.6799392700,12.2167367935
2020-12-08,342.2594299316,60.2624397278,44.5708885193,130.8950042725,102.8111953735,74.7946929932,175.5000000000,68.4394454956,12.2341394424
2020-12-09,339.1896667480,60.3459243774,44.1853713989,130.4624786377,102.6653289795,74.7860717773,172.5000000000,68.0145339966,12.2428407669
2020-12-10,339.0788269043,60.4293785095,44.7548789978,131.6188201904,102.8970108032,74.8033599854,172.1699981689,67.7179412842,12.4255695343
2020-12-11,338.6811828613,60.2457618713,44.4394531250,132.0847015381,103.1029663086,74.8466720581,172.4900054932,67.6537857056,12.3907642365
2020-12-14,337.1649169922,60.2828330994,44.2084083557,131.7186279297,103.0428924561,74.8380355835,171.5399932861,67.3571548462,12.4255695343
2020-12-15,341.7230224609,60.8980522156,44.6864356995,131.2777252197,102.9399108887,74.8380355835,173.9400024414,68.7360458374,12.5212860107
2020-12-16,342.2594299316,61.1340332031,44.8988876343,130.9283447266,102.8541488647,74.8380355835,174.8999938965,68.8162155151,12.5908975601
2020-12-17,344.1732788086,61.5638237000,45.1910247803,130.5818939209,102.7794036865,74.8397598267,176.7400054932,69.4816131592,12.7388200760
2020-12-18,342.7990722656,61.2435836792,45.1379089355,130.1904144287,102.6935653687,74.8310546875,176.4400024414,68.0867080688,12.7823257446
2020-12-21,341.5733032227,60.4598159790,44.4739837646,130.7068023682,102.7622604370,74.8310546875,175.8800048828,67.7018966675,12.6518058777
2020-12-22,340.9976806641,60.3081092834,44.1198883057,131.3813476562,102.9339523315,74.8310546875,174.4900054932,68.1748809814,12.5125837326
2020-12-23,341.3041076660,60.9570541382,44.5713539124,130.4736175537,102.7192916870,74.8484268188,175.6499938965,67.7339401245,12.6692085266
2020-12-24,342.6319580078,60.9823265076,44.3766059875,130.9899291992,102.8652648926,74.8310546875,176.3500061035,68.3269805908,12.7040138245
2020-12-28,345.5753784180,61.4795646667,44.5005416870,131.0482177734,102.8738555908,74.8397598267,175.7100067139,68.7342758179,12.6257028580
2020-12-29,344.9161376953,61.8756713867,45.1644668579,130.8816375732,102.8566665649,74.8397598267,176.3500061035,68.1477737427,12.6605072021
2020-12-30,345.4082641602,61.9599304199,45.7664260864,131.1648406982,102.9253921509,74.8484268188,177.6999969482,68.5224685669,12.7388200760
2020-12-31,347.1632080078,61.4879913330,45.7398681641,131.3563079834,102.9940643311,74.8397598267,178.3600006104,69.1822967529,12.7910270691
2021-01-04,342.4369201660,61.8082389832,46.0319900513,131.1981506348,103.0198516846,74.8484268188,182.3300018311,66.9340515137,12.7214174271
2021-01-05,344.7953796387,62.4487419128,47.1385307312,130.2237548828,102.7794036865,74.8484268188,182.8699951172,67.0317993164,13.0781736374
2021-01-06,346.8567810059,63.1650810242,46.7401695251,127.5504684448,102.1783828735,74.8051071167,179.8999938965,67.1458435059,13.0955762863
2021-01-07,352.0102233887,63.2325019836,47.1827850342,126.4262008667,101.8177490234,74.8224334717,179.4799957275,67.0155029297,13.1564855576
2021-01-08,354.0158386230,63.8224525452,48.4309616089,126.0182037354,101.5258178711,74.8137741089,173.3399963379,67.6671752930,13.2609024048
2021-01-11,351.6294250488,62.9881134033,47.7758941650,125.8099822998,101.3282852173,74.8051071167,173.0000000000,66.7711334229,13.1651878357
2021-01-12,351.7038574219,63.2746543884,48.2450637817,125.7100448608,101.3111419678,74.8051071167,174.1199951172,66.9259033203,13.4175281525
2021-01-13,352.6509399414,63.1903724670,48.3512916565,127.1257781982,101.6631851196,74.7964401245,173.3699951172,67.7404861450,13.3827219009
2021-01-14,351.4159545898,63.6960334778,48.8027648926,125.9348831177,101.4313201904,74.8051071167,173.2799987793,68.1396255493,13.5045413971
2021-01-15,348.8531494141,62.7015571594,48.1122779846,126.4345626831,101.7061080933,74.8137741089,171.1300048828,68.9216156006,13.3131103516
2021-01-19,351.5924072266,63.1566505432,48.9089889526,126.8426589966,101.7662048340,74.8397598267,172.5800018311,68.7261276245,13.3566188812
2021-01-20,356.4579162598,63.5864639282,49.7676582336,126.9675903320,101.8091354370,74.8310546875,175.3899993896,70.0375900269,13.3653192520
2021-01-21,356.7828369141,63.6370429993,49.8561820984,126.0764846802,101.6631851196,74.8397598267,175.2799987793,69.7036132812,13.3566188812
2021-01-22,355.5200500488,63.3336372375,49.4224205017,126.4845275879,101.8177490234,74.8397598267,173.8999938965,69.8665390015,13.1303825378
2021-01-25,356.9222412109,63.2577781677,49.7942161560,127.9752197266,102.2298507690,74.8484268188,174.0500030518,70.3960113525,13.2696046829
2021-01-26,356.3650512695,63.3504905701,49.4312667847,127.7337188721,102.1955413818,74.8397598267,173.6199951172,70.8929061890,13.2957077026
2021-01-27,347.6553344727,61.9009361267,48.0591697693,128.0585021973,102.3157501221,74.8397598267,172.5200042725,69.6384506226,13.2609024048
2021-01-28,350.6452941895,62.2970314026,48.3955574036,127.3505859375,102.0495071411,74.8310546875,172.6799926758,70.0131759644,13.1999931335
2021-01-29,343.6254882812,61.0076141357,47.1916427612,126.5844726562,101.8692626953,74.8570938110,172.6100006104,69.2067260742,13.2173948288
2021-02-01,349.3452453613,61.7323837280,48.4663772583,126.7312011719,101.9964065552,74.8657608032,174.2299957275,70.7870025635,13.4697351456
2021-02-02,354.2851257324,62.3560333252,49.0948791504,125.9141159058,101.7386627197,74.8397598267,172.1100006104,71.2105865479,13.5741519928
2021-02-03,354.5636596680,62.5077209473,49.3427505493,124.7968826294,101.4894485474,74.8484039307,171.8500061035,71.0313796997,13.6698675156
2021-02-04,358.5934753418,62.5751457214,49.3604507446,124.4633331299,101.4550933838,74.8484039307,168.1499938965,71.5201416016,13.7394790649
2021-02-05,360.0049438477,62.9628067017,49.7853622437,123.4212036133,101.2403106689,74.8657608032,169.8099975586,71.7726516724,13.8090896606
2021-02-08,362.6048889160,63.4010696411,49.8738861084,123.9630966187,101.2832565308,74.8570556641,171.5200042725,72.1636428833,14.0266256332
2021-02-09,362.3634643555,63.7466011047,50.4050254822,124.0548171997,101.3605651855,74.8397598267,172.0800018311,72.4161529541,14.0788326263
2021-02-10,362.2055969238,63.5274658203,50.5820732117,124.8802566528,101.6183242798,74.8484039307,172.7100067139,72.8071517944,14.0527286530
2021-02-11,362.7905273438,63.9572830200,51.1220664978,124.1966018677,101.5410232544,74.8484039307,171.2100067139,72.9619445801,14.0266256332
2021-02-12,364.5826416016,64.3112335205,51.1663246155,122.6541290283,101.2059402466,74.8570556641,170.6900024414,72.9782180786,14.2006521225
2021-02-16,364.2669372559,64.7747573853,51.2902526855,120.7865600586,100.4755935669,74.8310852051,168.2400054932,72.4161529541,14.3920831680
2021-02-17,364.3506164551,64.3955230713,51.3079605103,121.5535812378,100.5443344116,74.8484039307,166.3300018311,72.3265380859,14.4355888367
2021-02-18,362.7998657227,64.0752639771,50.5997734070,121.0616302490,100.5357360840,74.8484039307,166.3200073242,72.0170288086,14.3833818436
2021-02-19,362.1591186523,64.2606735229,50.9273109436,119.4525299072,100.1319198608,74.8570556641,167.0099945068,72.4324569702,14.3746795654
2021-02-22,359.3734741211,64.1005477905,49.4312667847,118.5436782837,99.9687042236,74.8397598267,169.5099945068,73.0352478027,14.6966295242
2021-02-23,359.8099670410,64.1595535278,49.6525764465,118.2018508911,100.0460128784,74.8484039307,169.1199951172,73.4914245605,14.7662391663
2021-02-24,363.7747802734,64.3618087769,49.3338966370,117.4264907837,99.9085617065,74.8310852051,169.0000000000,74.0534744263,14.9924764633
2021-02-25,355.0093688965,63.2662239075,48.2096557617,115.5088348389,98.5767974854,74.7184371948,165.8200073242,72.6361083984,14.8706579208
2021-02-26,353.1801757812,62.3728866577,47.5634307861,119.3273468018,99.4617385864,74.8137207031,161.8099975586,71.5771560669,14.5574064255
2021-03-01,361.7412719727,63.5443267822,48.8381729126,117.7514572144,99.3499679565,74.8068008423,161.5299987793,71.8948440552,14.4355888367
2021-03-02,358.9186401367,63.4768981934,48.3601455688,117.7597732544,99.5305328369,74.8241500854,162.4100036621,71.2024536133,14.4965000153
2021-03-03,354.1644592285,63.0892372131,48.2627716064,116.4825515747,98.9974822998,74.7808151245,160.6199951172,70.7951507568,14.5835132599
2021-03-04,349.7816772461,62.4908599854,47.1385307312,115.7312927246,98.5074615479,74.7808151245,159.0399932861,69.9887237549,14.8097496033
2021-03-05,356.2164611816,62.8953857422,47.6519584656,115.9566497803,98.3699188232,74.7808151245,159.1399993896,70.7544250488,15.1142969131
2021-03-08,354.4429626465,62.6762847900,46.3683738708,115.0551300049,97.9830398560,74.7547912598,157.4900054932,71.3653717041,14.9054632187
2021-03-09,359.5035400391,63.5190582275,47.3863868713,116.6495666504,98.4472503662,74.7547912598,160.8399963379,71.8378143311,14.9054632187
2021-03-10,361.7412719727,63.7887458801,47.1739349365,116.8832778931,98.6536102295,74.7808151245,161.6600036621,72.5546493530,15.0011796951
2021-03-11,365.4090576172,64.1258316040,48.6611289978,116.0401763916,98.6192092896,74.7808151245,161.5200042725,73.4018096924,15.2274150848
2021-03-12,365.9012451172,64.2859649658,47.7935981750,113.5775833130,97.9056243896,74.7721328735,161.4900054932,74.6318206787,15.1578035355
2021-03-15,368.0832214355,64.3365249634,47.9086723328,114.2454071045,98.0259933472,74.7808151245,162.1999969482,75.7396392822,15.1055965424
2021-03-16,367.6189575195,64.4460830688,48.1122779846,113.7862701416,98.0088043213,74.7808151245,162.3500061035,75.4301071167,15.0446853638
2021-03-17,368.8724975586,64.8253097534,48.1742439270,112.9348144531,97.8454437256,74.7981109619,163.5099945068,75.4952774048,15.0446853638
2021-03-18,363.5055236816,64.2353897095,47.2890129089,111.7912139893,97.2350616455,74.7894821167,162.5599975586,74.7295684814,14.3311719894
2021-03-19,362.8329467773,64.4123687744,47.8732643127,112.4840850830,97.1748809814,74.7894821167,163.2400054932,73.7113494873,14.6444215775
2021-03-22,365.7301940918,64.4713668823,47.7316284180,113.7445373535,97.4929809570,74.7808151245,163.0000000000,74.2326736450,14.6183176041
2021-03-23,362.8515930176,63.5780410767,46.8198356628,114.7712936401,97.9744186401,74.7894821167,161.8099975586,74.1267700195,14.2093524933
2021-03-24,361.0070800781,63.2577781677,45.7487144470,115.3890609741,98.1033859253,74.8068008423,162.3699951172,73.7113494873,14.5835132599
2021-03-25,363.0378723145,63.7297554016,45.9611701965,114.4791412354,97.9744186401,74.8154678345,161.7799987793,74.4618606567,14.2528600693
2021-03-26,368.8883361816,64.5556335449,47.1562271118,114.0784835815,97.6477355957,74.8154678345,162.2400054932,76.0677795410,14.5922145844
2021-03-29,368.7019348145,64.3028106689,46.8287010193,113.1101379395,97.3124160767,74.7981109619,160.3099975586,75.6253433228,14.6096181870
2021-03-30,367.7237548828,64.2185363770,46.9791831970,113.7028274536,97.2264404297,74.7981109619,157.5700073242,75.7236709595,14.3746795654
2021-03-31,369.2143859863,63.9404220581,47.2181968689,113.0683975220,97.0888977051,74.7721328735,159.9600067139,75.2648162842,14.4529924393
2021-04-01,373.2014465332,64.7747573853,47.6785202026,114.9450073242,97.5190277100,74.7712783813,161.9799957275,76.6331253052,14.6966295242
2021-04-05,378.5580749512,65.7186584473,47.8644142151,114.4434585571,97.2437515259,74.7539367676,161.9199981689,76.9280853271,14.4790964127
2021-04-06,378.3344726562,65.0191650391,48.1299858093,115.2208404541,97.7168579102,74.7712783813,163.2200012207,77.1247253418,14.5313053131
2021-04-07,378.7722778320,65.1539993286,47.4218025208,114.4183654785,97.6566925049,74.7799072266,162.7599945068,77.1820678711,14.5748119354
2021-04-08,380.5702209473,65.5248107910,47.8113021851,115.3629226685,97.9921798706,74.8059387207,164.5099945068,76.8953170776,14.6531229019
2021-04-09,383.3370666504,65.7270889282,47.4040946960,114.9450073242,97.7341003418,74.7799072266,163.2700042725,76.8051910400,14.6009159088
2021-04-12,383.4767761230,65.3646926880,47.1208190918,114.8948516846,97.6738739014,74.7626113892,162.2799987793,77.2558288574,14.6096181870
2021-04-13,384.6132812500,65.7439346313,47.3155670166,115.7558364868,98.0782012939,74.7886199951,163.4299926758,77.6409149170,14.7662391663
2021-04-14,383.2998352051,65.7945098877,47.5545845032,115.3880081177,97.9577484131,74.7886199951,162.7200012207,77.2312545776,15.1055965424
2021-04-15,387.4174194336,66.3423004150,47.9883499146,117.3189849854,98.5857467651,74.8059387207,165.3500061035,78.5831756592,15.2013101578
2021-04-16,388.7123107910,66.8226852417,48.1122779846,116.4077987671,98.3190612793,74.7972488403,166.3500061035,78.7552261353,15.1752061844
2021-04-19,386.8025817871,66.7047042847,47.9352302551,116.0734405518,98.2158660889,74.7886199951,165.8899993896,78.9109039307,15.1926078796
2021-04-20,383.9706115723,65.5079727173,47.5457382202,116.6084899902,98.5083465576,74.8059387207,166.4799957275,79.5581741333,15.1665058136
2021-04-21,387.6037597656,66.1821823120,47.8378562927,116.8424911499,98.5599517822,74.8232803345,168.1300048828,80.0825653076,15.1055965424
2021-04-22,384.0636901855,65.9630661011,47.6696662903,117.3524246216,98.6373519897,74.8146362305,167.0399932861,79.6483078003,15.2274150848
2021-04-23,388.2279663086,66.6372756958,48.3601455688,117.0765457153,98.5083465576,74.7972488403,166.3999938965,80.1153259277,15.3492336273
2021-04-26,389.0382995605,66.6878356934,48.4221153259,116.9093856812,98.4050750732,74.7799072266,166.8399963379,80.3529586792,15.4536504745
2021-04-27,388.9545593262,66.4687118530,48.3955574036,115.8895721436,98.0179748535,74.7712783813,166.4199981689,80.3447570801,15.5841722488
2021-04-28,388.8427124023,66.6372756958,48.7584991455,115.9648284912,98.1470336914,74.7886199951,166.9100036621,80.1726760864,15.6102752686
2021-04-29,391.3206787109,66.6625518799,48.6434249878,115.6220932007,97.9749526978,74.8059387207,166.2200012207,80.8609466553,15.7146921158
2021-04-30,388.7495727539,65.8282089233,47.7847442627,115.8895721436,98.0610046387,74.8146362305,165.6600036621,81.1804809570,15.5841722488
2021-05-03,389.5880126953,66.5529861450,47.7847442627,115.9590759277,98.2279739380,74.8076629639,167.8099975586,81.0248031616,15.7581987381
2021-05-04,387.1845397949,65.5669555664,47.2447471619,116.7459640503,98.3571014404,74.8076629639,166.5800018311,80.5004196167,16.0018367767
2021-05-05,387.3056030273,66.4602890015,47.4660606384,116.9384918213,98.4776229858,74.8250503540,167.2700042725,79.1648941040,16.0627460480
2021-05-06,390.3984985352,67.0080871582,47.9175300598,117.1309967041,98.5206527710,74.8250503540,170.0599975586,79.6073455811,16.1410598755
2021-05-07,393.2398376465,67.7665863037,48.4132537842,116.5534286499,98.5550765991,74.8510131836,171.5899963379,80.6560821533,16.2976818085
2021-05-10,389.3457641602,67.4041748047,47.5457382202,115.3730621338,98.3571014404,74.8250503540,172.1100006104,80.6315231323,16.1845664978
2021-05-11,385.8709716797,66.5192871094,47.4129524231,114.7200927734,98.1935806274,74.8163452148,172.1399993896,79.6155395508,16.3585929871
2021-05-12,377.6731262207,65.4573898315,46.1028099060,113.5146331787,97.7201309204,74.8076629639,170.4299926758,77.5999374390,16.3411903381
2021-05-13,382.2098999023,65.9462051392,46.0408401489,113.6904067993,98.0472259521,74.8250503540,171.1300048828,78.6077499390,15.8887186050
2021-05-14,388.0788269043,67.0502090454,46.8729591370,114.7535858154,98.2624130249,74.8250503540,172.6900024414,79.5417938232,16.0192394257
2021-05-17,387.0913391113,66.9237976074,46.8287010193,114.5108032227,98.1677551270,74.8250503540,174.6999969482,79.6237335205,16.2193698883
2021-05-18,383.7563476562,67.0670776367,47.4572143555,114.2178115845,98.1677551270,74.8336791992,175.0399932861,79.6401138306,16.1410598755
2021-05-19,382.7501525879,66.4771423340,47.3155670166,113.9415588379,97.8750686646,74.8076629639,175.1600036621,79.3861083984,15.8104066849
2021-05-20,386.8677673340,67.3536224365,47.5899963379,114.8791732788,98.2796630859,74.8423614502,175.9600067139,80.2792053223,15.6450796127
2021-05-21,386.5510559082,67.4463195801,47.0411453247,115.2474746704,98.3140411377,74.8250503540,176.0399932861,80.1972656250,15.7930040359
2021-05-24,390.4916687012,67.8592681885,47.4306488037,115.6744232178,98.4087753296,74.8423614502,176.3500061035,81.1968536377,16.0105400085
2021-05-25,389.6252136230,67.8761215210,47.8998222351,116.7459640503,98.7702941895,74.8423614502,177.9499969482,81.1722946167,15.9583282471
2021-05-26,390.3984985352,67.8339843750,48.2539215088,116.5450668335,98.6584014893,74.8597030640,177.6399993896,81.5327987671,15.9844350815
2021-05-27,390.6034851074,67.9604034424,48.2627716064,116.0762557983,98.4862365723,74.8597030640,177.7100067139,81.3443450928,16.2367744446
2021-05-28,391.3021545410,68.1205368042,48.5725975037,115.8920898438,98.4776229858,74.8597030640,178.3800048828,81.8359603882,16.1845664978
2021-06-01,390.9574584961,68.3649444580,49.5729103088,115.8660888672,98.4595642090,74.8441085815,177.8999938965,83.3107604980,16.4717121124
2021-06-02,391.5723266602,68.5924758911,49.6525764465,116.1343536377,98.5715255737,74.8527603149,178.7700042725,84.2857894897,16.5587272644
2021-06-03,390.1190185547,68.2553558350,49.1214447021,115.6984176636,98.3217086792,74.8267440796,175.2700042725,83.9744186401,16.4195060730
2021-06-04,393.6870117188,68.8368835449,49.5640602112,117.2828826904,98.8644104004,74.8527603149,177.1600036621,84.0154037476,16.6022319794
2021-06-07,393.3050231934,69.0644149780,49.3161964417,116.9224166870,98.7868881226,74.8441085815,177.8699951172,85.0068054199,16.6283397675
2021-06-08,393.3889160156,69.0307159424,49.0771713257,117.7440185547,99.0711364746,74.8614654541,177.3200073242,85.7114410400,16.7936611176
2021-06-09,392.8019714355,68.8453140259,48.9355468750,118.7834777832,99.3812713623,74.8441085815,176.9799957275,85.8261566162,16.7153491974
2021-06-10,394.6278991699,69.0349578857,49.3276367188,119.4960632324,99.7344131470,74.8701095581,177.7400054932,86.4406738281,16.7762603760
2021-06-11,395.2799987793,69.1972656250,49.1587066650,119.3032760620,99.5879821777,74.8527603149,175.7400054932,86.0965347290,16.7240505219
2021-06-14,396.1650085449,69.3168792725,49.2920684814,118.3894882202,99.2779006958,74.8267440796,174.7100067139,86.4324417114,16.6283397675
2021-06-15,395.4383239746,69.4023056030,48.9542121887,118.2470092773,99.2951278687,74.8180770874,174.0500030518,85.5065917969,16.5587272644
2021-06-16,393.2304992676,68.9751510620,48.2873878479,118.1463470459,98.6146011353,74.7486877441,171.1100006104,84.9494552612,16.4630107880
2021-06-17,393.1001281738,68.4967498779,48.5541191101,119.9152145386,98.9677734375,74.7486877441,165.8500061035,84.8429412842,16.0366420746
2021-06-18,387.7970275879,67.0786361694,48.2162475586,122.1703414917,99.5276718140,74.6879501343,164.9299926758,83.4008865356,16.2019691467
2021-06-21,393.3486022949,67.9585571289,48.4207496643,120.1248626709,99.2089385986,74.7052841187,166.9499969482,85.1215209961,16.4021015167
2021-06-22,395.4515991211,67.9670867920,48.1984748840,120.4182815552,99.3898773193,74.7486877441,166.2500000000,84.6790695190,16.4282035828
2021-06-23,394.9749145508,67.5314178467,48.4918785095,120.1080474854,99.1917495728,74.6966476440,166.1399993896,84.5315856934,16.5326232910
2021-06-24,397.3115539551,68.1806640625,48.9364395142,120.3009033203,99.1745147705,74.7052841187,166.0399932861,84.3492202759,16.5935306549
2021-06-25,398.7228393555,68.3258972168,49.3454246521,119.0518112183,98.9677734375,74.6966476440,166.5899963379,84.9186019897,16.5239200592
2021-06-28,399.5265197754,67.8902130127,49.3898773193,120.2757492065,99.2779006958,74.7226486206,166.5800018311,84.6710357666,16.5152187347
2021-06-29,399.7416076660,67.9072875977,49.3543128967,120.4768829346,99.3295669556,74.7140045166,164.8300018311,84.4400024414,16.5935306549
2021-06-30,400.0780334473,67.3861846924,49.0342407227,121.0134582520,99.4846191406,74.7313461304,165.6300048828,83.9944000244,16.7501544952
2021-07-01,402.2930908203,67.5485076904,48.7586059570,121.0201492310,99.4130935669,74.7165832520,166.1999969482,84.3574752808,16.8110656738
2021-07-02,405.3680725098,67.7791442871,48.7052650452,121.7504577637,99.7751159668,74.7512969971,167.2899932861,84.6132812500,16.9676895142
2021-07-06,404.6296691895,67.3349380493,47.8517189026,123.1774826050,100.3009262085,74.7773361206,168.1199951172,85.2321624756,16.5065155029
2021-07-07,406.0596313477,67.7022705078,47.7983779907,124.2686996460,100.5940017700,74.7860107422,168.7599945068,85.5292358398,16.3063850403
2021-07-08,402.7510986328,66.8309020996,46.8025741577,124.7556152344,100.8526000977,74.8206710815,168.6499938965,85.2899093628,16.4456062317
2021-07-09,407.0503540039,67.9670867920,47.6116600037,123.0011825562,100.3440475464,74.7946472168,169.2100067139,86.6927108765,16.6370391846
2021-07-12,408.5083923340,68.2575607300,47.6561241150,122.8417510986,100.2922897339,74.7773361206,169.0000000000,87.4353637695,16.6631412506
2021-07-13,407.1157836914,67.8987579346,47.7005767822,121.9015808105,99.9819869995,74.7165832520,169.2200012207,86.2141189575,16.8023643494
2021-07-14,407.7232666016,68.0525360107,47.9050674438,123.2866287231,100.4129562378,74.7686614990,171.0399932861,86.8164825439,16.6370391846
2021-07-15,406.3307189941,67.4032745361,48.0206451416,124.6464614868,100.8353424072,74.7773361206,171.0700073242,86.9567718506,16.5500240326
2021-07-16,403.1436157227,66.9077911377,47.6472282410,124.4114379883,100.8181152344,74.7686614990,169.4100036621,86.8990020752,16.5500240326
2021-07-19,397.1900329590,65.6946945190,46.8470268250,127.1395950317,101.6800918579,74.8033447266,169.6100006104,85.3146820068,15.8887186050
2021-07-20,402.8818664551,66.1730880737,46.9981765747,125.9140701294,101.5507659912,74.8380355835,169.3899993896,87.3280868530,16.1236572266
2021-07-21,406.1437377930,67.1811523438,47.3004798889,124.3190994263,100.9646682739,74.8120269775,168.7599945068,87.3198471069,16.4456062317
2021-07-22,406.9943542480,67.2067871094,47.3893852234,125.4942932129,101.1974029541,74.8206710815,169.0899963379,86.6267013550,16.5761260986
2021-07-23,411.1814575195,67.6766433716,46.6869926453,124.6548995972,101.0422134399,74.8293762207,168.5599975586,87.3446121216,16.6631412506
2021-07-26,412.1908264160,67.7706146240,45.7978820801,124.2855072021,100.9732666016,74.8120269775,168.1600036621,87.3858566284,16.7849617004
2021-07-27,410.3122558594,67.4972381592,44.8732185364,125.6118392944,101.4042510986,74.8293762207,168.4400024414,87.8809738159,16.6892452240
2021-07-28,410.1439514160,67.7876968384,46.0912895203,125.6202163696,101.4904785156,74.8380355835,169.2899932861,87.5756530762,16.7675590515
2021-07-29,411.8450622559,68.2575607300,46.3224563599,124.9235763550,101.1801681519,74.8380355835,171.1699981689,87.5921630859,17.0634059906
2021-07-30,409.8449707031,67.9072875977,45.8779067993,125.5111160278,101.4646301270,74.8553848267,169.8200073242,87.7076797485,16.9676895142
2021-08-02,408.9851379395,68.2490005493,46.2068786621,126.6305923462,101.9097137451,74.8831787109,169.6100006104,87.5178985596,16.7849617004
2021-08-03,412.3123474121,68.7359542847,46.4024772644,126.6978607178,101.9355316162,74.8831787109,169.4900054932,87.6251678467,16.7066497803
2021-08-04,410.2842712402,68.5309295654,46.6425437927,126.9582977295,101.9097137451,74.8571319580,169.5299987793,87.3528518677,16.4369049072
2021-08-05,412.8824768066,68.8640975952,46.5714073181,126.3111801147,101.5387802124,74.8224258423,168.8600006104,88.3760681152,16.6805438995
2021-08-06,413.5646972656,68.6078109741,46.1801986694,124.2016906738,100.9436340332,74.7964096069,164.6399993896,88.2192764282,16.5413227081
2021-08-09,413.2282409668,68.5736389160,46.3313522339,123.7563018799,100.7279968262,74.7703781128,161.7200012207,87.7489242554,16.3063850403
2021-08-10,413.7423095703,68.7274093628,46.3935852051,123.1847152710,100.5382232666,74.7443084717,161.7700042725,86.9155273438,16.6022319794
2021-08-11,414.7705078125,69.1972656250,46.5180587769,123.1090621948,100.6503448486,74.7790527344,164.0000000000,87.4271163940,16.7501544952
2021-08-12,416.0134887695,69.1374816895,46.1090812683,122.9073867798,100.5468673706,74.7790527344,164.0399932861,87.6169128418,16.6892452240
2021-08-13,416.7705688477,69.5560684204,45.9934844971,124.8488464355,101.1247482300,74.7877349854,166.3899993896,88.0955276489,16.5935306549
2021-08-16,417.7518920898,69.1972656250,45.5756111145,125.1513977051,101.3490295410,74.8050537109,167.2200012207,87.9882278442,16.5500240326
2021-08-17,415.0134277344,68.5480041504,44.7398529053,125.1010208130,101.2972793579,74.7877349854,166.9700012207,87.8974609375,16.3672962189
2021-08-18,410.4711608887,68.2831954956,44.8109779358,125.5211944580,101.2455444336,74.7877349854,167.1000061035,87.0970611572,16.1758670807
2021-08-19,411.1066284180,67.6083068848,44.0463523865,126.4457015991,101.4697799683,74.7877349854,166.6100006104,87.5178985596,15.9496278763
2021-08-20,414.3778381348,67.8731231689,44.0107841492,126.5297775269,101.3748931885,74.7877349854,166.6999969482,87.9552307129,15.5754680634
2021-08-23,418.0230102539,68.5053024292,44.6776123047,126.4457015991,101.4007873535,74.7877349854,168.7299957275,87.7902069092,16.1410598755
2021-08-24,418.6864929199,68.6505203247,45.6911926270,125.4623489380,101.1247482300,74.7790527344,168.6499938965,87.4023666382,16.4804134369
2021-08-25,419.5650939941,68.6761474609,45.7445335388,124.4201660156,100.7279968262,74.7703781128,167.4799957275,87.3446121216,16.6283397675
2021-08-26,417.0882873535,68.3173599243,45.3088798523,124.7647705078,100.7279968262,74.7703781128,167.6699981689,87.3776168823,16.4978160858
2021-08-27,420.8174438477,68.9409790039,45.8690147400,125.6136550903,101.0557632446,74.8224258423,170.1900024414,88.2935485840,16.7066497803
2021-08-30,422.6680908203,68.9239196777,45.9668197632,125.9414596558,101.2541427612,74.8397827148,169.3500061035,89.1764907837,16.7675590515
2021-08-31,422.0418395996,68.8897247314,46.5980873108,125.0841445923,101.0643692017,74.8310775757,169.6900024414,89.5973205566,16.6892452240
2021-09-01,422.2661132812,69.5133666992,47.1937828064,125.2936782837,101.1075134277,74.8250350952,169.6999969482,91.0331192017,16.6109352112
2021-09-02,423.5653076172,69.7952651978,46.9803924561,125.8406906128,101.2283782959,74.8250350952,169.2500000000,91.5117340088,16.8023643494
2021-09-03,423.4624633789,70.1113662720,47.2293472290,124.6962356567,100.9867095947,74.8250350952,171.0599975586,91.5282363892,16.8197669983
2021-09-07,421.9484252930,70.1626281738,47.5049667358,123.6443252563,100.5896606445,74.7990188599,167.7100067139,90.4967803955,16.6283397675
2021-09-08,421.4343261719,69.6073379517,46.8114738464,124.4858398438,100.8658370972,74.8163375854,167.2899932861,90.9506072998,16.7501544952
2021-09-09,419.6304931641,69.4877319336,46.7225570679,125.9921493530,101.1507110596,74.8337020874,168.0299987793,89.1022262573,16.6283397675
2021-09-10,416.3219299316,69.3339614868,46.6692161560,124.8813171387,100.8313446045,74.8076629639,167.1799926758,87.7984619141,16.8458709717
2021-09-13,417.3873596191,69.8807067871,46.7936859131,125.6386947632,100.9521484375,74.8250350952,167.7400054932,88.3925857544,16.9763927460
2021-09-14,415.1349792480,69.5902404785,46.4024772644,127.1618804932,101.3319854736,74.8337020874,168.8200073242,88.2357788086,16.9676895142
2021-09-15,418.6024780273,69.7952651978,46.3935852051,126.7158889771,101.1593475342,74.8337020874,167.8300018311,88.5163574219,17.2461338043
2021-09-16,417.9388732910,69.6842117310,45.8690147400,126.1352539062,100.8399658203,74.8076629639,164.0299987793,88.5906143188,17.1243152618
2021-09-17,413.8676147461,68.7701263428,45.6734085083,125.5292968750,100.5465164185,74.7903366089,163.7700042725,87.7984619141,16.9850921631
2021-09-20,406.9667053223,67.4972381592,44.4464416504,127.0861206055,101.0557632446,74.8076629639,164.9400024414,87.2620925903,16.7849617004
2021-09-21,406.5823974609,68.1635894775,44.7754135132,126.9767456055,100.9953308105,74.8250350952,166.0399932861,87.3033523560,16.8023643494
2021-09-22,410.5484924316,68.5053024292,45.3355484009,127.7340698242,101.0902709961,74.7816314697,165.4199981689,88.1532745361,16.9937953949
2021-09-23,415.5365905762,69.2485351562,45.6911926270,124.8477096558,100.1753540039,74.7382278442,163.5099945068,87.9800109863,17.2548370361
2021-09-24,416.2211608887,68.5992813110,45.1488380432,123.6274642944,99.8732528687,74.7122497559,163.3000030518,87.0392761230,17.3331489563
2021-09-27,415.0303344727,68.5565490723,45.4422416687,123.1730957031,99.6057052612,74.7035446167,163.6399993896,85.8685607910,17.5680847168
2021-09-28,406.6667480469,67.0615539551,44.8554382324,121.2544250488,99.2258834839,74.7122497559,162.0500030518,85.2873535156,17.4288654327
2021-09-29,407.3511657715,66.9077911377,44.4375495911,121.4647827148,99.3294601440,74.7382278442,161.3200073242,85.9266738892,17.4462661743
2021-09-30,402.3723754883,66.6429443359,44.7931938171,121.4479675293,99.4503021240,74.7555770874,164.2200012207,84.5068969727,17.5593852997
2021-10-01,407.1543579102,66.8052597046,44.7487449646,122.4700012207,99.8562850952,74.7912063599,164.5899963379,85.7024917603,17.7943210602
2021-10-04,401.9035644531,66.1047592163,44.0908012390,122.1582565308,99.7353897095,74.7564926147,165.3600006104,85.7191085815,18.0814666748
2021-10-05,406.0854187012,66.5575256348,44.4019889832,120.9785842896,99.4244155884,74.7477798462,164.5899963379,85.1296157837,18.3077030182
2021-10-06,407.7731018066,66.1132888794,44.1530342102,121.6611251831,99.4502944946,74.7391052246,165.0299987793,85.9432983398,18.0031547546
2021-10-07,411.2985534668,66.6258697510,45.0154685974,120.3888549805,99.0530242920,74.7130889893,164.1600036621,86.1757659912,18.2293910980
2021-10-08,410.5484924316,66.6173324585,45.1844024658,119.5462570190,98.8370590210,74.6870498657,164.2299957275,85.3620910645,18.2903003693
2021-10-11,407.5761718750,66.4037628174,45.0954895020,119.2428970337,98.5952148438,74.6263122559,163.9199981689,85.5779571533,18.4121189117
2021-10-12,406.5729675293,66.4379272461,44.8643264771,121.2819900513,99.0443649292,74.6610031128,164.6600036621,86.6988525391,18.4121189117
2021-10-13,408.0357360840,67.0957336426,45.4867019653,122.4615478516,99.2343521118,74.6349945068,167.5899963379,87.3298721313,18.5165348053
2021-10-14,414.8990783691,67.7620697021,45.6289596558,122.9166641235,99.4676208496,74.6349945068,168.0000000000,88.3926391602,18.7079677582
2021-10-15,418.0588378906,68.3258972168,46.1801986694,122.2004013062,98.9752807617,74.5915832520,165.3300018311,88.3262100220,18.8645915985
2021-10-18,419.2965393066,68.0354385376,46.0646209717,122.7733840942,98.8370590210,74.5395050049,164.9199981689,88.5503997803,18.7514724731
2021-10-19,422.5313415527,68.4455032349,46.6781082153,121.0796890259,98.4829330444,74.5655441284,165.4499969482,88.5919113159,18.7949810028
2021-10-20,424.1909484863,68.6847000122,46.6692161560,120.2624053955,98.4397506714,74.5915832520,166.8999938965,89.9868087769,19.0038127899
2021-10-21,425.2973327637,68.3600692749,46.3669128418,120.1191940308,98.1806411743,74.5047988892,166.7500000000,90.1113433838,18.7166690826
2021-10-22,424.8566284180,68.7701263428,46.2691116333,121.4420318604,98.4310989380,74.4874267578,167.7700042725,90.5347900391,18.8036823273
2021-10-25,427.1350402832,68.6334457397,46.5091781616,121.2567138672,98.5520477295,74.5221633911,168.9299926758,90.8253936768,18.8993968964
2021-10-26,427.5195007324,68.7701263428,46.2691116333,122.2593612671,98.6729660034,74.5047988892,167.6799926758,91.0744781494,18.9255008698
2021-10-27,425.6255187988,68.4967498779,45.8956832886,124.4838180542,99.2257461548,74.4874267578,168.1199951172,90.3023147583,18.5774459839
2021-10-28,429.7322998047,69.1631088257,45.9401435852,124.0625076294,98.9666137695,74.4961395264,168.0800018311,91.5643310547,18.6731605530
2021-10-29,430.6042480469,68.7615737915,45.2733116150,124.4417037964,99.0098266602,74.5047988892,166.6499938965,90.5347900391,18.5774459839
2021-11-01,431.3450012207,69.4279327393,45.6289596558,123.5457077026,99.0020217896,74.4709548950,167.5200042725,90.9831542969,18.7166690826
2021-11-02,433.0889892578,69.2827072144,45.2199668884,124.0940551758,99.2440719604,74.5490722656,167.1600036621,91.4148864746,18.7688751221
2021-11-03,435.7330932617,69.8465270996,45.4333572388,122.8117294312,98.9328765869,74.5317077637,165.7700042725,91.7220916748,18.2903003693
2021-11-04,437.7864990234,69.8038253784,45.3266563416,124.1025009155,99.4687728882,74.6011428833,167.6499938965,90.8503112793,18.1771831512
2021-11-05,439.3054504395,69.9063415527,45.2733116150,125.9585342407,100.0133056641,74.6358642578,169.8399963379,91.3152465820,18.4295234680
2021-11-08,439.6804504395,69.8977966309,45.6911926270,125.7223587036,99.5811233521,74.5490722656,170.4499969482,91.2405319214,18.5426406860
2021-11-09,438.2271728516,69.7440109253,45.5133705139,127.3590698242,100.0392532349,74.5924758911,171.2899932861,91.3982849121,18.6905632019
2021-11-10,434.7017517090,68.8982696533,45.3266563416,125.0305328369,99.1835403442,74.4449005127,173.1499938965,90.9748306274,18.4556255341
2021-11-11,434.8422851562,69.1460189819,46.1090812683,124.8449554443,98.8637542725,74.3928298950,174.1199951172,91.1242980957,18.5861473083
2021-11-12,438.1239929199,69.5219039917,46.2335510254,124.2965164185,99.0712051392,74.4536132812,174.4499969482,91.0578765869,18.5600433350
2021-11-15,438.2740173340,69.3937759399,46.0823974609,122.7357788086,98.6822204590,74.4449005127,174.1799926758,91.6971893311,18.5687446594
2021-11-16,440.0086669922,69.2399902344,46.1446418762,122.4236221313,98.5957870483,74.4449005127,172.9199981689,91.0910720825,18.5426406860
2021-11-17,438.9398498535,69.1545486450,45.9045829773,123.3938217163,98.9501800537,74.4709548950,174.5000000000,91.3733749390,18.3773155212
2021-11-18,440.4305725098,69.2229003906,45.3444442749,123.8578567505,99.0106658936,74.4622879028,173.9400024414,91.3899841309,18.4382247925
2021-11-19,439.6429748535,68.6334457397,45.2733116150,125.1655197144,99.2786254883,74.4449005127,172.6100006104,90.8503112793,18.1423778534
2021-11-22,438.4052734375,68.2319259644,44.9087791443,123.6975479126,98.5525665283,74.3581390381,168.7400054932,90.4019393921,18.2728996277
2021-11-23,438.9866027832,68.1635894775,44.8643264771,121.9089813232,98.1463317871,74.3581390381,167.2799987793,91.1325988770,18.6035499573
2021-11-24,440.1586303711,67.7108078003,44.8020782471,123.8662414551,98.4488754272,74.3407897949,167.1199951172,92.2368698120,18.5339393616
2021-11-26,430.3417663574,65.8911819458,43.2994995117,126.9962615967,99.7194595337,74.4882965088,166.8500061035,89.6712875366,17.4288654327
2021-11-29,435.6205749512,66.2243576050,43.4684295654,125.9754333496,99.4947357178,74.5230407715,166.6199951172,90.3355255127,17.4288654327
2021-11-30,427.1444091797,65.6434249878,43.4239730835,127.8905181885,100.0911254883,74.4622879028,165.5000000000,88.6251373291,16.9502868652
2021-12-01,422.4000549316,65.2675628662,43.5840110779,128.6794433594,100.2796859741,74.4709548950,166.1600036621,87.1638107300,16.8023643494
2021-12-02,428.8696594238,66.0791244507,44.1174736023,128.8399505615,100.0634384155,74.3754348755,165.2400054932,89.7792205811,16.9502868652
2021-12-03,425.1378479004,65.8057556152,43.4951019287,130.3773193359,100.6516494751,74.4188461304,166.6300048828,89.4803237915,16.9676895142
2021-12-06,430.1730346680,66.4379272461,43.8329620361,128.5866088867,100.1499404907,74.3580780029,166.2200012207,91.0495758057,17.2635383606
2021-12-07,439.0710754395,67.8389511108,44.5264625549,127.5475769043,99.7693481445,74.2625045776,166.8099975586,92.3614273071,17.5245780945
2021-12-08,440.2336730957,67.9670867920,44.7042808533,125.3429489136,99.4493026733,74.2885665894,166.8999938965,93.0256652832,17.7595138550
2021-12-09,437.2614135742,67.4032745361,44.4908981323,126.0440216064,99.7001419067,74.2625045776,165.8800048828,91.6805953979,17.4897727966
2021-12-10,441.3775634766,67.5485076904,44.5264625549,125.7399978638,99.7693481445,74.2972640991,166.5800018311,91.9628906250,17.6899051666
2021-12-13,437.4676513672,66.9157485962,43.8203239441,127.5982666016,100.2450866699,74.3406982422,167.0000000000,92.8263778687,17.6028900146
2021-12-14,434.4578857422,66.5594024658,43.7211227417,127.2942504883,100.0720977783,74.2972640991,165.4400024414,91.6390609741,17.4462661743
2021-12-15,441.2463073730,67.4633102417,43.5948677063,126.0693817139,99.9250106812,74.3233413696,166.1499938965,92.9260253906,17.5332794189
2021-12-16,437.3552551270,67.4720153809,43.6489753723,126.1185073853,100.2159423828,74.3823623657,168.1600036621,92.8928146362,17.6376991272
2021-12-17,432.7004394531,66.6202468872,43.4325332642,127.5475616455,100.4410552979,74.3476486206,167.8000030518,92.7765884399,17.4288654327
2021-12-20,428.0993652344,66.4724960327,42.7832069397,126.5920257568,100.3544692993,74.3649902344,167.0899963379,92.0542221069,17.3070430756
2021-12-21,435.7019958496,67.2112731934,43.5046920776,126.1100463867,99.9562301636,74.3215713501,167.0200042725,93.0920944214,17.6725025177
2021-12-22,440.0584411621,67.8370590210,43.7121086121,126.6934890747,100.0514373779,74.3128890991,168.5899963379,94.0469131470,17.8813362122
2021-12-23,442.7965698242,68.2368850708,43.9375610352,125.5941619873,99.8436737061,74.3041915894,168.9700012207,93.9472656250,17.9770507812
2021-12-27,449.0630187988,68.7670364380,44.1359710693,125.8986206055,99.8782806396,74.2781524658,169.3699951172,95.5421752930,18.2032852173
2021-12-28,448.6961059570,68.7931289673,43.9916725159,125.3996810913,99.8609695435,74.2781524658,168.6399993896,95.8941497803,18.1684799194
2021-12-29,449.2700805664,68.7670364380,43.7932662964,124.0297698975,99.3501663208,74.2694549561,168.5899963379,96.5394897461,18.2554950714
2021-12-30,448.0280151367,68.5867691040,44.2949638367,125.0698394775,99.6791458130,74.3128890991,169.8000030518,96.9585342407,18.1684799194
2021-12-31,446.8989257812,68.5257873535,44.0784034729,125.3150558472,99.5665969849,74.3041915894,170.9600067139,97.2267150879,18.0814666748
2022-01-03,449.4865112305,68.9699783325,44.3942146301,122.0255508423,98.6401977539,74.2173385620,168.3300018311,96.4640502930,18.1510772705
2022-01-04,449.3359069824,69.3619079590,44.2408180237,121.5181274414,98.5882492065,74.2607879639,169.5700073242,96.3467254639,18.3686141968
2022-01-05,440.7076721191,68.7522430420,43.5189628601,120.8586273193,98.1726684570,74.1652450562,169.0599975586,93.5894165039,18.2903003693
2022-01-06,440.2937316895,68.4038696289,43.7174758911,121.1714782715,97.9302597046,74.1043930054,166.9900054932,93.6732254028,18.4469261169
2022-01-07,438.5530700684,68.6041793823,44.1145019531,120.3004684448,97.6099014282,74.0870590210,167.7500000000,93.0530166626,18.4817295074
2022-01-10,438.0072937012,67.9683990479,44.1145019531,120.5964202881,97.5839157104,74.0436477661,168.2599945068,92.5166397095,18.4034175873
2022-01-11,441.9967346191,68.7086944580,45.1341171265,121.3997802734,97.8177108765,74.0696868896,170.2899932861,92.6591415405,18.7601718903
2022-01-12,443.1916809082,69.3793182373,45.8830413818,120.9346618652,97.8350372314,74.0436477661,170.7400054932,92.7680892944,18.9080982208
2022-01-13,437.0851440430,68.8741760254,45.2333717346,122.0086364746,98.1466827393,74.0783462524,170.1600036621,92.5837097168,18.7079677582
2022-01-14,437.2639465332,68.8045120239,45.2153282166,120.1651535034,97.4713668823,73.9828186035,169.6699981689,91.7456207275,18.9516048431
2022-01-18,429.5201110840,67.7941970825,44.4122619629,118.4739074707,96.7354583740,73.8698883057,169.3899993896,90.7818222046,19.0995292664
2022-01-19,425.0601806641,67.7332458496,44.6017456055,119.2941970825,96.9692230225,73.9046249390,172.0800018311,89.5582046509,19.2039451599
2022-01-20,420.3556518555,67.4022827148,44.8634262085,120.0298843384,97.1770019531,73.8872451782,171.6499938965,88.4100189209,19.1343326569
2022-01-21,412.1037292480,66.4877853394,44.2137603760,121.4589843750,97.7397689819,73.9480895996,171.0899963379,88.1921234131,19.1517353058
2022-01-24,413.8538818359,65.8258743286,43.5911560059,120.4611282349,97.6531753540,73.9914703369,172.0299987793,88.3597335815,19.1082286835
2022-01-25,408.8010864258,65.4252548218,43.5099449158,120.2666625977,97.5233078003,73.9567413330,172.5800018311,88.0077590942,19.2822570801
2022-01-26,407.7754211426,65.1726608276,42.9595260620,118.8121185303,96.8306961060,73.8264465332,169.7899932861,86.6332778931,19.3257617950
2022-01-27,405.7619628906,64.8678436279,42.4632530212,120.9939193726,97.2376327515,73.7656402588,167.6000061035,85.2001266479,19.4214782715
2022-01-28,415.8392028809,65.0855712891,42.6707839966,121.0361404419,97.4627227783,73.7917022705,167.1000061035,87.9574432373,19.4388828278
2022-01-31,423.3288879395,66.0349121094,44.0693817139,120.4103851318,97.4627227783,73.7917022705,168.0899963379,89.0385971069,19.5084934235
2022-02-01,426.1893310547,66.6619796753,44.3400802612,120.0107040405,97.3310089111,73.7856063843,168.2299957275,88.7201080322,19.5868053436
2022-02-02,430.3293151855,67.1584243774,44.2678909302,120.4171829224,97.5303115845,73.8030166626,168.8399963379,89.8515396118,19.6651172638
2022-02-03,420.2145690918,66.0958709717,43.7986831665,119.4771804810,97.1143417358,73.7421875000,168.6000061035,88.8961029053,19.7086257935
2022-02-04,422.1904602051,66.2526245117,43.9069671631,117.7158355713,96.3690338135,73.5944519043,168.8600006104,88.0161209106,19.8652496338
2022-02-07,420.8355407715,66.3658599854,43.8167304993,117.7920074463,96.3950347900,73.6118469238,170.1100006104,87.8904190063,19.9087562561
2022-02-08,424.2980651855,66.7055282593,44.2408180237,117.0045089722,96.0830535889,73.5336608887,170.6300048828,87.4797363281,19.7347297668
2022-02-09,430.5080566406,67.7854919434,44.9356155396,117.2246856689,96.2130432129,73.5249557495,171.2100067139,89.4576492310,19.9348621368
2022-02-10,422.7738037109,66.9232635498,44.6378364563,115.3616867065,95.3290863037,73.1513442993,170.5599975586,87.3456649780,19.8304462433
2022-02-11,414.4372863770,65.9129638672,43.9610977173,117.0722656250,96.3170318604,73.3772277832,173.8099975586,86.5494766235,20.1262893677
2022-02-14,413.0823059082,65.4862136841,43.6543121338,115.6157684326,95.6497344971,73.2208404541,174.7400054932,85.7616577148,20.2307071686
2022-02-15,419.7440795898,66.6881027222,44.6017456055,114.3031692505,95.3637619019,73.2468948364,173.0800018311,86.5327072144,19.9000568390
2022-02-16,420.2145690918,66.9406738281,44.9265861511,114.9806137085,95.5630569458,73.3424835205,174.8600006104,86.9350051880,19.9261589050
2022-02-17,411.2381286621,65.8607101440,44.4032363892,115.8359146118,96.0743713379,73.3859329224,177.2500000000,86.0130920410,20.0914859772
2022-02-18,408.5752563477,65.5820083618,43.9610977173,117.0553359985,96.3863525391,73.3946456909,177.1199951172,85.4934616089,20.1697998047
2022-02-22,404.1906127930,64.8155822754,43.3384933472,117.3601455688,96.3777313232,73.3251113892,177.4900054932,85.1833877563,20.4569454193
2022-02-23,397.0208129883,64.2842864990,42.8331985474,115.7427444458,95.8750534058,73.2816925049,178.2899932861,83.7753906250,20.6483726501
2022-02-24,402.9956665039,63.4220695496,41.9489288330,115.8189697266,96.1003952026,73.3424835205,177.1399993896,85.1833877563,20.7353897095
2022-02-25,411.8872985840,65.0071868896,42.7249183655,115.9036178589,96.0743713379,73.3424835205,176.5500030518,87.2366867065,20.4221363068
2022-02-28,410.8335571289,63.7704467773,42.1654815674,118.4440689087,97.1663665771,73.4728012085,178.3800048828,85.9376602173,20.7701950073
2022-03-01,404.5764465332,62.3769378662,41.6060409546,119.8135070801,98.1126861572,73.6423034668,181.6199951172,85.4850997925,21.6055259705
2022-03-02,412.0191040039,63.1607894897,41.6782341003,115.7179565430,96.6381072998,73.3989028931,179.7299957275,87.0858535767,22.3103351593
2022-03-03,409.9678649902,61.9153366089,41.0917282104,116.8966064453,97.0544357300,73.3989028931,180.8000030518,87.7982101440,22.5539760590
2022-03-04,406.6370544434,60.1211929321,40.2615852356,118.9146728516,98.0172882080,73.4771957397,183.6799926758,88.2005081177,23.5024280548
2022-03-07,394.6496887207,58.2138328552,38.7547111511,118.0073928833,97.6008911133,73.3815689087,186.4100036621,86.4572830200,24.0158061981
2022-03-08,391.6575927734,58.7189750671,38.8810310364,116.8202743530,96.9676971436,73.2859725952,191.5099945068,86.0382308960,24.4247722626
2022-03-09,402.1582336426,61.1750297546,39.9818649292,115.6755905151,96.3691635132,73.2425155640,185.8200073242,87.3624114990,22.4843635559
2022-03-10,400.3422546387,60.4434432983,39.2329330444,114.0136108398,95.9268112183,73.1816558838,186.3999938965,87.5803146362,22.2146224976
2022-03-11,395.2519226074,59.7902412415,38.4118232727,114.3951873779,95.9007568359,73.1555862427,185.0899963379,86.8847198486,22.5974826813
2022-03-14,392.3632202148,60.3389282227,37.4824409485,111.7241973877,94.6863784790,72.9643783569,182.3000030518,86.2058563232,21.9361763000
2022-03-15,400.9915161133,60.9137496948,37.5365715027,111.5291748047,94.6430664062,72.9904632568,178.8899993896,86.7841415405,21.3966922760
2022-03-16,409.8831176758,63.0998268127,40.5593528748,112.6230545044,94.5129013062,72.9209365845,180.0099945068,87.8149719238,21.2139625549
2022-03-17,415.0111694336,63.6310958862,40.3518104553,111.7835235596,94.3307723999,72.8948669434,180.8899993896,89.1727066040,22.2320251465
2022-03-18,419.5567932129,64.2494659424,40.9292945862,113.1486968994,94.6083297729,72.8774719238,179.3000030518,89.1727066040,22.3364429474
2022-03-21,419.4340209961,63.8488273621,40.2976760864,110.5286331177,93.3766479492,72.6340942383,180.6699981689,88.6279296875,23.1717739105
2022-03-22,424.3420104980,64.4497756958,41.0285530090,109.1125335693,92.8648300171,72.5819396973,179.3600006104,88.8542022705,23.1195659637
2022-03-23,418.8771362305,63.6136703491,40.7578582764,111.5037231445,93.4894104004,72.6427993774,181.8099975586,87.8573226929,23.6938552856
2022-03-24,425.1914672852,64.2059249878,40.9744186401,110.6303863525,92.9689102173,72.6254043579,183.1300048828,88.4134902954,23.4589195251
2022-03-25,427.2678833008,64.2407608032,40.6495857239,109.0955886841,92.0147933960,72.4254913330,182.3800048828,89.5173950195,23.6329479218
2022-03-28,430.3070678711,64.0317230225,40.7849349976,110.0283355713,92.2229690552,72.3560104370,179.0599975586,90.4696197510,22.6061840057
2022-03-29,435.6303405762,65.4513702393,41.4797172546,110.8593368530,92.6826934814,72.3907394409,179.1399993896,93.1240539551,22.6931972504
2022-03-30,432.9404296875,65.1813812256,41.3624191284,111.7241973877,93.0470046997,72.4429016113,180.5800018311,92.4499130249,23.1021614075
2022-03-31,426.2769775391,64.1014175415,40.7398147583,111.9955444336,93.2204666138,72.4429016113,180.6499938965,91.3207168579,22.6757946014
2022-04-01,427.4850158691,64.7023468018,41.4165573120,112.4218673706,92.6134796143,72.2915954590,179.5000000000,93.0987701416,22.8237190247
2022-04-04,431.1470642090,64.9636306763,42.1474380493,111.6405639648,92.5526885986,72.3350753784,180.3699951172,92.6437454224,23.2587890625
2022-04-05,425.7010803223,64.0839767456,41.3714370728,109.1183319092,91.4498367310,72.2046508789,179.2400054932,92.1886978149,23.0673580170
2022-04-06,421.4443664551,63.3175621033,40.8300437927,108.2350921631,91.1285324097,72.2568206787,179.6600036621,93.2841567993,22.8846302032
2022-04-07,423.5680541992,63.4569129944,40.5052108765,107.4198379517,90.9027633667,72.3089904785,180.3399963379,92.3571929932,22.9629402161
2022-04-08,422.4354553223,63.4830360413,40.5413055420,106.2563858032,90.4425125122,72.2220382690,181.4700012207,92.5088958740,23.2500858307
2022-04-11,415.2150878906,62.8123970032,40.0359992981,104.5749282837,90.0083236694,72.2394180298,182.3699951172,91.5145416260,23.0586566925
2022-04-12,413.6765441895,62.3421058655,39.9096755981,104.4305419922,90.4425125122,72.4220352173,183.7700042725,91.3797149658,23.7460651398
2022-04-13,418.4147033691,63.0127296448,40.4330291748,104.6428451538,90.6422500610,72.4567947388,184.6499938965,92.0285873413,24.2681503296
2022-04-14,413.2046203613,62.7253074646,39.9096755981,102.5452346802,89.8259582520,72.3263854980,184.0399932861,91.6325073242,24.4508781433
2022-04-18,413.3745422363,62.3595161438,39.7743263245,102.0357055664,89.5654067993,72.3263854980,184.6100006104,91.2617492676,24.7293224335
2022-04-19,420.0475158691,62.6556396484,39.5758171082,101.2713928223,88.9749374390,72.1611404419,181.8200073242,93.2504425049,24.0941219330
2022-04-20,419.7360534668,63.0736961365,39.3412170410,103.3095397949,89.6696701050,72.2046508789,182.7100067139,94.8009719849,24.1202220917
2022-04-21,413.4595031738,62.3943481445,38.5832672119,102.5452346802,89.1746749878,72.0829010010,182.0599975586,94.1436920166,24.0854187012
2022-04-22,402.1144714355,61.3753509521,38.2403869629,101.8998107910,89.2180938721,72.0655288696,180.2899932861,92.4920425415,23.6242465973
2022-04-25,404.4458312988,61.0792198181,37.9606628418,102.9189224243,89.7912216187,72.1785812378,177.0500030518,92.2560958862,23.4502182007
2022-04-26,392.7327270508,59.3721885681,37.1305274963,103.9549636841,90.3903961182,72.3089904785,177.3200073242,90.7392807007,23.7721691132
2022-04-27,393.8370361328,59.6421852112,37.5636444092,102.6216659546,89.8867263794,72.2741699219,175.9799957275,90.1409683228,23.9374942780
2022-04-28,403.7851562500,60.4869918823,38.1050338745,102.7745361328,89.7564849854,72.2220382690,176.9299926758,91.8010406494,24.1376266479
2022-04-29,388.8629760742,59.7815322876,38.2403869629,101.4412307739,89.2788848877,72.0829010010,176.9100036621,87.5876846313,23.9548988342
2022-05-02,391.2037048340,59.6334762573,38.1862449646,99.6828536987,88.6137390137,72.0777130127,173.6300048828,85.4725494385,24.3203563690
2022-05-03,392.9970397949,60.0776519775,38.4659652710,100.3548965454,88.7180633545,72.0429153442,174.0899963379,86.5343399048,23.9810028076
2022-05-04,404.9648742676,61.1314926147,38.8810310364,100.9078674316,89.2919387817,72.2342605591,175.8000030518,87.5286788940,24.7293224335
2022-05-05,390.5713500977,59.1631507874,37.4463386536,98.1431503296,88.3963775635,72.1125183105,175.1300048828,85.1944656372,24.5988006592
2022-05-06,388.2400512695,58.5883331299,36.9320144653,96.6969604492,87.8920745850,72.1038055420,175.4199981689,84.1832656860,24.6249046326
2022-05-09,375.8096008301,56.8203163147,35.8672790527,97.5476379395,88.5441818237,72.2864532471,172.8800048828,80.4755020142,23.5111293793
2022-05-10,376.6779785156,57.2470893860,36.0387229919,98.4323883057,88.8398208618,72.2430038452,171.4199981689,79.0092391968,23.3719062805
2022-05-11,370.6940002441,56.9074058533,35.7860679626,100.3293762207,89.3875350952,72.2516937256,172.8200073242,78.8407135010,23.9461975098
2022-05-12,370.3070068359,56.7680664062,35.5514678955,100.1422576904,89.6831588745,72.3560867310,170.1699981689,79.4558639526,24.0593166351
2022-05-13,379.1603088379,58.3444671631,36.5349998474,98.6620559692,89.2136840820,72.3299789429,168.7899932861,81.5541152954,24.3899669647
2022-05-16,377.6217956543,58.3967285156,36.3906250000,98.5599746704,89.5875396729,72.3734970093,170.3999938965,81.0400772095,24.7902317047
2022-05-17,385.3896484375,59.4854049683,37.2839202881,97.3690261841,88.9093627930,72.2169036865,169.3300018311,82.1439819336,24.5204887390
2022-05-18,369.8540039062,58.0657691956,36.3906250000,99.4446945190,89.5440292358,72.2516937256,169.4199981689,79.7592239380,23.9897041321
2022-05-19,367.5887756348,58.6231765747,36.9681129456,99.6828536987,89.8657455444,72.3560867310,171.9100036621,79.4053039551,24.2942504883
2022-05-20,367.7492675781,59.0238037109,37.1215019226,100.8142700195,90.2830429077,72.4083023071,172.0299987793,79.9108963013,24.3290557861
2022-05-23,374.6298828125,60.0253791809,37.4012298584,99.1554183960,89.7353363037,72.3734970093,172.8300018311,80.8378372192,24.5117874146
2022-05-24,371.7699890137,59.9295768738,36.7515449524,101.1120071411,90.5091247559,72.5387725830,174.1300048828,81.5204086304,24.4943828583
2022-05-25,375.0545654297,59.9470100403,36.9320144653,101.5118484497,90.6917037964,72.5909805298,173.0800018311,82.2114105225,24.6684112549
2022-05-26,382.5486755371,60.6089172363,37.5095062256,101.0525054932,90.6482467651,72.6083831787,172.7599945068,82.3125305176,24.9381542206
2022-05-27,391.9399414062,61.3405113220,37.9426116943,101.2991561890,90.7786560059,72.6257934570,172.8500061035,84.5203475952,25.2340011597
2022-05-31,389.7408142090,60.9747314453,38.4749870300,99.1554183960,89.8309936523,72.5126800537,171.1399993896,83.4838333130,25.0599727631
2022-06-01,386.5882873535,60.3302230835,38.2042922974,99.0421218872,89.3252029419,72.3777160645,172.2299957275,82.7928466797,25.1817951202
2022-06-02,393.9502868652,61.5843849182,38.8629875183,99.0932388306,89.4557571411,72.3951644897,174.3500061035,83.9304428101,25.7560825348
2022-06-03,387.4849243164,60.7047195435,38.2313613892,98.8801727295,89.2816772461,72.3690185547,172.5800018311,82.8096923828,25.9997215271
2022-06-06,388.6647949219,60.9485893250,38.4388923645,97.0564880371,88.6113433838,72.2732696533,171.8200073242,82.5484771729,26.1128406525
2022-06-07,392.3929443359,61.1314926147,38.5561943054,98.1046981812,88.9682617188,72.2819595337,172.9400024414,83.6860885620,26.2868671417
2022-06-08,388.1268615723,60.2779655457,38.7637329102,97.2354583740,88.6375122070,72.2297134399,172.7799987793,81.7563400269,26.5218048096
2022-06-09,378.8959960938,59.0120925903,37.8464660645,97.5592575073,88.5591354370,72.1774597168,172.2299957275,79.8182144165,26.5653114319
2022-06-10,367.9096374512,57.5877494812,37.4278640747,96.9542236328,87.6886138916,71.8727722168,174.5399932861,78.0485839844,26.3042678833
2022-06-13,353.9407958984,55.6827011108,36.1174812317,93.9118652344,86.1303100586,71.5070648193,169.9299926758,74.1469955444,26.0084228516
2022-06-14,352.8742980957,55.1574707031,36.6179733276,92.7273330688,85.4426498413,71.3677597046,168.5700073242,73.5824127197,25.7212791443
2022-06-15,357.9049987793,56.1901130676,37.1002655029,94.4572906494,86.6352539062,71.6464004517,170.7700042725,75.3267440796,25.7386817932
2022-06-16,346.0596313477,54.9527244568,35.9627876282,95.2072219849,87.2011108398,71.7421340942,172.6900024414,73.3464355469,25.8517990112
2022-06-17,346.8057861328,54.7301673889,36.0992774963,95.5140151978,87.2272033691,71.7247161865,171.2700042725,73.9026184082,24.9294528961
2022-06-21,355.5361328125,55.5580711365,36.6816787720,93.8948287964,86.7745208740,71.6986083984,170.6300048828,74.9306945801,24.8685417175
2022-06-22,354.8915100098,55.1841812134,36.0264854431,96.4769897461,87.8713912964,71.9075698853,171.3099975586,75.8829193115,24.4247722626
2022-06-23,358.3703613281,55.1218643188,36.1356735229,97.2695388794,88.3675842285,71.9685440063,170.2599945068,77.3246078491,23.8765850067
2022-06-24,369.7643127441,56.7687530518,36.9910736084,95.9230499268,88.0542221069,71.9511032104,170.0899963379,78.9698028564,24.1028213501
2022-06-27,368.3519287109,56.5283966064,37.0365715027,95.1049728394,87.5580062866,71.8727722168,169.8999938965,78.8510513306,24.0506114960
2022-06-28,360.8255004883,56.1456069946,36.8090782166,95.5481262207,87.6711730957,71.8553314209,169.6199951172,77.8927764893,24.3377590179
2022-06-29,360.5316467285,55.9319610596,36.6634788513,97.0394515991,88.3762969971,71.9424133301,169.4900054932,77.4094009399,23.9200916290
2022-06-30,357.6025390625,55.6292877197,36.4905776978,97.8917007446,89.0553283691,72.0816879272,168.4600067139,77.2652206421,23.1804752350
2022-07-01,361.3847351074,55.7628135681,36.2630767822,98.8966522217,90.0099945068,72.2987060547,168.3200073242,78.6560287476,23.2935943604
2022-07-05,362.0672607422,54.5699386597,35.9809799194,99.6737289429,90.3413238525,72.2899932861,164.7500000000,78.4355087280,21.7273445129
2022-07-06,363.2900085449,54.6144447327,35.7625846863,98.0000839233,89.5740737915,72.0895690918,162.1399993896,78.2913665771,21.4053936005
2022-07-07,368.7311096191,55.4423484802,36.4814796448,97.1376647949,89.0248031616,72.0372848511,162.2299957275,78.5033645630,22.2929344177
2022-07-08,368.4277954102,55.5046577454,36.4814796448,96.0617980957,88.4842605591,71.9500961304,162.3000030518,78.0878295898,22.6844959259
2022-07-11,364.2190551758,54.6055412292,35.5077896118,97.7183227539,89.1817321777,71.9762496948,161.4299926758,77.9182128906,22.6409931183
2022-07-12,360.9960937500,54.5966453552,35.3712882996,98.2989425659,89.3909606934,72.0111312866,160.8300018311,77.6129226685,21.6142272949
2022-07-13,359.1002807617,54.5699386597,35.2893867493,99.4260635376,89.7746047974,71.9326782227,161.6000061035,77.2397842407,21.7360477448
2022-07-14,358.2282104492,53.8043518066,34.9708900452,98.6148910522,89.2776641846,71.9065475464,159.3300018311,76.5443801880,21.5359153748
2022-07-15,365.0721435547,54.6589584351,35.1528892517,99.1699066162,89.5827941895,71.9588241577,159.0099945068,77.8418960571,21.8143596649
2022-07-18,362.0578002930,54.8815078735,35.3985939026,98.1366806030,89.3212585449,71.9152450562,159.1600036621,77.2906723022,22.2233257294
2022-07-19,371.8402099609,56.3770599365,35.9809799194,97.6073074341,88.9114456177,71.8368377686,159.5399932861,79.2920608521,22.3103351593
2022-07-20,374.2100524902,56.0031738281,35.8262825012,97.8634643555,88.8242645264,71.8281250000,158.0399932861,79.1054763794,22.2929344177
2022-07-21,378.0206909180,56.5818138123,36.2357749939,99.5541229248,89.8356323242,72.0285491943,160.2700042725,79.7330245972,21.9187755585
2022-07-22,374.5134277344,56.4393730164,35.8717880249,101.2277679443,90.8644180298,72.2115478516,160.6699981689,80.1485748291,21.6577339172
2022-07-25,374.9684143066,56.8755760193,35.9991874695,100.2372589111,90.5418243408,72.1505355835,160.2299957275,80.2842636108,22.0492954254
2022-07-26,370.5321350098,56.0832939148,35.7170867920,100.3141250610,90.5766906738,72.1156997681,160.0399932861,80.3690643311,22.0928039551
2022-07-27,380.1535339355,57.4097061157,36.3813705444,99.7505340576,90.7597808838,72.2289810181,161.6699981689,80.8524551392,22.5974826813
2022-07-28,384.9215393066,57.7034721375,36.5360755920,100.5446701050,91.6577682495,72.3858795166,163.6399993896,83.4729080200,22.6148853302
2022-07-29,390.5332641602,58.5046615601,36.3631782532,100.2714157104,91.6926574707,72.3771362305,164.1000061035,83.9223632812,22.7193031311
2022-08-01,389.3768005371,58.5847778320,36.0537757874,102.6862945557,92.2289276123,72.3753814697,165.0299987793,83.2439270020,22.2581291199
2022-08-02,386.8079833984,57.6500663757,35.8808860779,100.5135116577,90.9538040161,72.1223831177,164.0500030518,82.1754074097,22.1450099945
2022-08-03,392.8651733398,57.9883499146,36.1629867554,102.0960693359,91.3293609619,72.1485595703,164.4499969482,82.4382858276,21.9535789490
2022-08-04,392.5997619629,58.2821197510,36.4177742004,102.0618515015,91.7922210693,72.2445602417,167.1699981689,82.3110733032,21.7186431885
2022-08-05,391.9361267090,57.8726158142,36.4541740417,99.6324005127,90.4647216797,71.9478988647,165.2899932861,82.5400695801,21.6403331757
2022-08-08,391.4812316895,58.0061531067,36.4996757507,101.2406234741,90.9974746704,72.0177230835,166.6900024414,83.2778396606,21.9013729095
2022-08-09,389.9266357422,57.6945686340,36.3631782532,100.8471145630,90.7267379761,71.9478988647,167.1999969482,83.7357940674,22.0841007233
2022-08-10,398.1166381836,58.9942741394,36.8181686401,100.1884155273,90.7791290283,72.0177230835,166.7799987793,85.0078659058,22.3886489868
2022-08-11,398.1166381836,58.9764862061,36.9637641907,97.8531036377,90.1765060425,71.9915237427,166.3399963379,84.8043289185,22.8237190247
2022-08-12,404.8562927246,59.4304847717,37.3550682068,98.8453750610,90.5345764160,72.0089874268,167.8699951172,86.2629623413,22.7019004822
2022-08-15,406.5246887207,59.0744056702,37.1821670532,98.7598342896,90.8227920532,72.0700454712,165.7100067139,86.6106567383,22.4234542847
2022-08-16,407.3209228516,59.0565948486,37.1730651855,99.1704635620,90.7179565430,72.0089874268,165.4199981689,86.3816757202,22.1711158752
2022-08-17,404.4297485352,58.5847778320,37.0183639526,98.1354064941,90.1066436768,71.9478988647,164.3500061035,85.8643951416,22.2581291199
2022-08-18,405.6051635742,58.3889389038,36.8090782166,98.2808227539,90.2812728882,72.0526046753,163.9199981689,85.2961959839,22.5974826813
2022-08-19,400.1546630859,57.5877494812,36.3085784912,96.6982650757,89.5039443970,72.0002517700,162.7200012207,84.3972625732,22.5887794495
2022-08-22,391.8224792480,56.6085166931,35.9900856018,96.3732070923,89.1109466553,71.9043121338,161.6399993896,82.5570144653,22.7889137268
2022-08-23,390.8745727539,56.6352233887,36.1811790466,95.8428344727,88.8926315308,71.9391708374,162.7700042725,81.4969558716,23.1630744934
2022-08-24,392.1257629395,56.7064399719,36.1720809937,95.1413803101,88.5956878662,71.8606796265,163.2500000000,81.9634017944,23.4067115784
2022-08-25,397.6616516113,57.3295898438,36.9546661377,96.4673233032,89.1633605957,71.9043121338,163.7500000000,83.1845703125,23.0760593414
2022-08-26,384.2012023926,55.8251266479,36.4086723328,97.1944198608,89.0585632324,71.8868331909,161.7599945068,81.0899047852,23.1717739105
2022-08-29,381.6607971191,55.7005004883,36.1811790466,96.3903198242,88.5519790649,71.8344802856,161.8600006104,80.3605651855,23.5111293793
2022-08-30,377.4710083008,55.2999038696,35.7534866333,96.6298217773,88.5258102417,71.7996063232,160.5099945068,79.2496490479,22.8585243225
2022-08-31,374.5987243652,54.9260177612,35.8808860779,95.7059783936,88.1589736938,71.7908782959,159.2700042725,78.8765106201,22.3799476624
2022-09-01,375.7741699219,54.1871414185,35.5987854004,93.9537734985,87.4581527710,71.7384567261,157.8699951172,79.0206756592,21.9013729095
2022-09-02,371.8118896484,53.8310546875,35.2711906433,94.4852447510,87.9481353760,71.8956985474,159.2599945068,77.9182128906,22.0492954254
2022-09-06,370.4089965820,53.6975250244,34.8525924683,92.1449661255,86.9681930542,71.7384567261,158.3300018311,78.6221008301,21.9187755585
2022-09-07,377.0633239746,54.1693420410,35.1619949341,93.6022720337,87.5368957520,71.8432846069,159.9400024414,80.1570510864,21.3966922760
2022-09-08,379.5278930664,54.2049446106,34.9708900452,92.6421737671,87.2131958008,71.7559280396,158.9799957275,80.3775329590,21.4837055206
2022-09-09,385.4239807129,55.5847740173,35.4895858765,92.8479309082,87.2219238281,71.6948242188,159.8200073242,81.2510375977,22.0928039551
2022-09-12,389.5664062500,56.3592567444,36.0173797607,92.0849380493,87.0119400024,71.6860580444,160.6300048828,82.0397109985,22.3973522186
2022-09-13,372.6271057129,54.4007911682,34.9071960449,92.2992858887,86.5219802856,71.4414901733,158.5399932861,78.9019546509,22.2842330933
2022-09-14,374.0490112305,54.5788383484,35.0800895691,92.6164779663,86.5657348633,71.3803253174,157.9299926758,78.0030136108,22.3799476624
2022-09-15,369.8022766113,54.0981178284,34.7070007324,92.5564804077,86.2682418823,71.3017349243,154.9799957275,76.5613250732,21.7273445129
2022-09-16,366.9810791016,53.7687416077,34.3885002136,91.7849349976,86.3382644653,71.3366851807,155.8399963379,76.5698471069,21.6490306854
2022-09-19,369.8269958496,53.9556846619,34.4976959229,91.9992675781,86.0932922363,71.2580566406,155.9600067139,76.4595718384,21.7186431885
2022-09-20,365.5819091797,53.0387687683,34.3066024780,91.0819854736,85.5595703125,71.2231292725,155.0700073242,74.6023635864,21.6925392151
2022-09-21,359.2047729492,52.3444099426,33.7333030701,92.6078948975,85.9007644653,71.1619720459,155.7899932861,73.4235916138,21.5620193481
2022-09-22,356.1875000000,52.1930732727,33.5695075989,90.2418899536,84.6058807373,71.0309600830,155.6999969482,72.4907531738,21.6229286194
2022-09-23,350.2196960449,50.5283737183,32.7414169312,90.6105041504,84.7108688354,70.9436111450,153.0099945068,71.5272216797,20.8920116425
2022-09-26,346.7550048828,49.7805976868,32.3410301208,88.8788986206,83.3022460938,70.7863769531,151.2299957275,69.5213088989,20.4047336578
2022-09-27,345.8698120117,49.4423217773,32.3046226501,86.5386123657,82.7335281372,70.7863769531,151.5399932861,68.5954818726,20.6222724915
2022-09-28,352.6753540039,50.6352005005,32.5867233276,89.4360961914,84.5971527100,71.0920944214,154.6900024414,70.0184860229,21.1965599060
2022-09-29,345.3083190918,50.0387573242,31.8587303162,88.9732055664,84.2034378052,70.9960250854,154.6600036621,67.9611282349,21.0660381317
2022-09-30,339.9686584473,49.8607177734,31.7404346466,87.8244705200,83.9846954346,70.9348678589,154.6699981689,68.7240753174,20.8050003052
2022-10-03,348.9442138672,50.8488426208,32.2591323853,89.2199783325,84.9814224243,71.0905303955,158.4299926758,69.9499206543,21.2748737335
2022-10-04,359.7568664551,52.8874359131,33.3147125244,88.9707794189,85.1567687988,71.1168060303,160.6999969482,71.3643417358,21.8491649628
2022-10-05,358.9192504883,52.3266067505,33.3329048157,88.1200561523,84.3502273560,71.0468063354,159.8099975586,69.9670715332,22.2407264709
2022-10-06,355.2166748047,51.4096832275,33.1327133179,87.6302871704,83.8856277466,70.9593658447,159.6300048828,68.0211410522,22.3799476624
2022-10-07,345.3083190918,50.5906982422,32.4411277771,86.7795639038,83.4736099243,70.8719329834,157.8800048828,66.3838500977,22.6148853302
2022-10-10,342.6717529297,50.3058204651,31.9861259460,85.4304962158,82.9827041626,70.8456726074,155.4799957275,65.7580642700,22.3625488281
2022-10-11,340.5016479492,49.7538909912,31.4765338898,85.8085861206,83.1930923462,70.8806457520,155.1600036621,66.4266891479,22.0405941010
2022-10-12,339.3785705566,49.5936508179,31.5129318237,86.2296600342,83.4648361206,70.9506149292,155.9900054932,65.7323379517,22.0405941010
2022-10-13,348.3350524902,50.6173973083,31.6039314270,85.4047012329,83.1141738892,70.7406997681,154.9100036621,66.9324798584,22.3451423645
2022-10-14,340.3969726562,49.8607177734,31.1307392120,84.7000808716,82.6495361328,70.7057037354,152.9799957275,65.2694549561,21.9013729095
2022-10-17,349.1440734863,51.0892066956,31.9861259460,84.2876434326,82.7372131348,70.7844314575,153.4199981689,67.7296829224,21.8491649628
2022-10-18,353.2464599609,51.4541931152,31.9952278137,84.4852600098,82.9476242065,70.8194198608,153.7500000000,68.4669036865,21.6142272949
2022-10-19,350.7431945801,50.8221473694,31.4128360748,82.9471435547,82.0797348022,70.6882095337,151.6900024414,66.7610092163,21.6055259705
2022-10-20,347.8020629883,50.7064170837,31.6130409241,81.5293273926,81.4661178589,70.6095046997,151.4499969482,66.4695739746,21.6229286194
2022-10-21,356.2541809082,51.6233406067,32.0953292847,80.0599441528,81.6502075195,70.7932052612,154.1499938965,66.9924774170,21.6490306854
2022-10-24,360.6134643555,51.6322326660,30.8759346008,79.3982772827,81.5449905396,70.7757034302,153.6499938965,66.9838943481,21.7099418640
2022-10-25,366.3719482422,52.7717094421,31.1307392120,81.7097702026,82.5619049072,70.8456726074,154.0000000000,69.6155929565,21.8317604065
2022-10-26,363.6116027832,53.2702217102,31.6403331757,82.8870086670,82.9827041626,70.9068984985,154.9799957275,69.5727310181,22.2407264709
2022-10-27,361.6700134277,52.7717094421,31.3946361542,83.7548904419,83.5700531006,71.0555725098,154.7400054932,69.6756134033,22.2755317688
2022-10-28,370.2743225098,53.2969322205,31.2035388947,83.1791763306,83.1404647827,70.9506149292,153.1600036621,71.2100296021,22.0144901276
2022-10-31,367.5997924805,52.7984161377,31.1125373840,82.5862274170,82.7635116577,70.8456726074,151.9100036621,71.1329040527,21.8578662872
2022-11-01,365.9912414551,53.2168159485,31.6858291626,83.3580703735,82.7485809326,70.7764587402,153.4600067139,71.1071624756,22.1885204315
2022-11-02,356.8061523438,52.4423294067,31.4219303131,82.9962844849,82.6080322266,70.7414016724,152.3899993896,69.1526947021,22.3886489868
2022-11-03,353.1322326660,51.9972190857,31.6039314270,82.5483398438,82.2478332520,70.6099853516,151.8099975586,69.0583953857,22.3712463379
2022-11-04,358.2149353027,54.0803184509,32.9416198730,81.1614990234,82.0721130371,70.6888275146,156.4700012207,70.0013351440,23.1282672882
2022-11-07,361.6414489746,54.2494583130,32.9598197937,80.3517913818,81.7821960449,70.6274871826,155.8500061035,70.0013351440,22.9281349182
2022-11-08,363.5926513672,54.8637008667,33.1964149475,81.2303924561,82.3268890381,70.6976165771,159.4499969482,70.2156600952,22.6496906281
2022-11-09,356.1018981934,54.0981178284,32.6231155396,81.4974136353,82.6080322266,70.8115005493,158.6499938965,69.4955902100,22.1276092529
2022-11-10,375.6711730957,57.1337432861,33.8061027527,84.6329498291,84.4617080688,71.1969909668,163.4799957275,74.5789489746,22.3277397156
2022-11-11,379.3070678711,58.2732048035,34.7251968384,84.3228759766,84.2860183716,71.1794815063,164.5599975586,74.5703735352,22.7541084290
2022-11-14,376.0803833008,57.6589584351,34.5158958435,84.1161422729,84.0839385986,71.1181488037,164.9199981689,72.7530593872,22.4147548676
2022-11-15,379.2880554199,58.0417556763,35.3075904846,85.4771423340,84.7077255249,71.1882400513,165.5000000000,73.5416946411,22.6757946014
2022-11-16,376.3945007324,57.9082298279,34.7433967590,87.3463516235,85.3314590454,71.1969909668,165.1199951172,72.8730773926,22.4234542847
2022-11-17,375.2427978516,57.8815193176,34.8070945740,86.4246673584,84.7516021729,71.1093521118,163.9199981689,72.3758621216,22.0492954254
2022-11-18,376.9465942383,57.9972457886,34.6068916321,85.8302688599,84.4529342651,71.0305404663,162.7899932861,73.2931060791,21.8926715851
2022-11-21,375.5759277344,57.5610466003,34.1701011658,86.1920852661,84.4001922607,71.0129928589,161.8800048828,73.6788482666,21.8143596649
2022-11-22,380.6300659180,58.3622283936,34.2519989014,87.4152832031,84.8834228516,71.0655746460,162.0700073242,74.0817489624,22.0405941010
2022-11-23,383.0286865234,59.0031852722,34.5340957642,88.9399566650,85.3402404785,71.1269226074,163.0800018311,74.1417694092,21.7360477448
2022-11-25,382.9429931641,59.3058586121,34.3702964783,88.6384658813,85.3139266968,71.1356811523,163.2200012207,74.6132354736,21.5446166992
2022-11-28,376.8323669434,58.5402755737,34.2155990601,88.8882751465,85.3490142822,71.1531753540,161.9299926758,72.6158981323,21.4140949249
2022-11-29,376.1851196289,58.7094154358,34.9526901245,87.8459777832,84.9888534546,71.1269226074,162.7299957275,73.8160018921,21.6925392151
2022-11-30,388.0352172852,59.7509613037,35.9627876282,88.4920272827,85.7531585693,71.3372192383,164.8099975586,75.5047683716,22.1798152924
2022-12-01,387.7496948242,60.3295974731,35.8444824219,91.3189926147,86.6897583008,71.4908447266,167.8399963379,75.3418960571,22.0666980743
2022-12-02,387.3022766113,60.2850875854,35.9809799194,92.4673690796,86.8658447266,71.4732513428,167.2599945068,75.1190032959,21.8317604065
2022-12-05,380.3349914551,59.4927978516,35.5714836121,91.1722183228,85.9855346680,71.2713623047,164.3899993896,73.7474441528,21.2661724091
2022-12-06,374.8525695801,59.2257347107,35.5259933472,92.3464736938,86.5137252808,71.3503494263,164.8399963379,73.0530853271,20.9268150330
2022-12-07,374.2149047852,59.2257347107,35.3166923523,94.5223999023,87.2707672119,71.4996185303,166.3300018311,73.1987991333,20.8224010468
2022-12-08,377.1464538574,59.5284118652,35.7443809509,94.2633590698,86.7777938843,71.4293746948,166.4700012207,73.7131423950,20.7875957489
2022-12-09,374.3291320801,59.5640182495,35.5077896118,91.8111572266,86.1351928711,71.3942642212,167.0599975586,73.5759963989,20.8136997223
2022-12-12,379.7258605957,59.7420654297,35.3985939026,92.1047134399,86.0119628906,71.3503494263,165.6799926758,74.1417694092,21.0399360657
2022-12-13,382.6004028320,60.5893630981,35.6517295837,92.9940719604,86.7866210938,71.5610656738,168.5099945068,75.5133361816,21.3879909515
2022-12-14,380.1541748047,60.5357398987,35.6702079773,93.3912658691,87.0242691040,71.5698394775,168.1000061035,74.9989929199,21.5533180237
2022-12-15,370.8549499512,58.9894981384,34.8479690552,93.7556762695,87.1936340332,71.5795135498,165.3500061035,73.9960327148,21.2922744751
2022-12-16,366.4766235352,58.4710960388,34.9495964050,92.7083511353,86.9731369019,71.6499252319,166.7899932861,72.0843963623,21.0225315094
2022-12-19,363.3690185547,58.3281059265,34.9773101807,91.1503906250,86.2675170898,71.5619049072,166.3200073242,71.1671752930,20.9831390381
2022-12-20,363.8662414551,58.5604820251,34.9680671692,89.5318222046,85.6412963867,71.5619049072,169.0800018311,70.9871520996,21.0794334412
2022-12-21,369.3069458008,59.1682472229,35.2821846008,89.7568664551,85.7471694946,71.6323013306,168.8000030518,71.5957870483,21.3508071899
2022-12-22,364.0383605957,58.6856117249,34.9680671692,89.7395401001,85.7207183838,71.5883255005,166.7599945068,71.2950134277,21.0794334412
2022-12-23,366.1324462891,58.8911781311,34.9218750000,88.4239578247,85.3326110840,71.5531311035,167.2599945068,71.9296264648,21.4646053314
2022-12-27,364.6885375977,58.9805488586,35.4392356873,86.6755218506,84.6181793213,71.4563140869,168.6699981689,71.9035339355,21.6571922302
2022-12-28,360.1562194824,58.3549156189,34.9218750000,86.1648635864,84.4153366089,71.4563140869,167.9100036621,70.6777725220,21.4120826721
2022-12-29,366.6391601562,59.2755012512,35.5039062500,87.1429138184,84.8298797607,71.5091247559,168.8500061035,72.2252044678,21.3858203888
2022-12-30,365.6734008789,58.6677322388,35.0142669678,86.1735076904,84.4770889282,71.4211578369,169.6399993896,71.7035903931,21.5784072876
2023-01-03,364.1339111328,59.1861305237,35.3098983765,87.8180465698,85.1385803223,71.4827499390,171.0599975586,71.7731323242,21.0619239807
2023-01-04,366.9451599121,59.9726562500,36.3723335266,89.0211715698,85.7912597656,71.5531311035,172.6699981689,73.3988189697,20.6855068207
2023-01-05,362.7570495605,59.3738212585,36.2614707947,89.3933258057,85.6677856445,71.4563140869,170.5200042725,71.4253997803,20.5804615021
2023-01-06,371.0758361816,60.8932495117,37.0190353394,91.0378799438,86.7702789307,71.7291030884,173.7100067139,73.3466644287,20.6942615509
2023-01-09,370.8655090332,61.1524543762,37.2961921692,91.5225753784,86.9907531738,71.7994995117,174.1000061035,73.3727264404,20.9393692017
2023-01-10,373.4662780762,61.3311996460,37.5641136169,90.0078659058,86.4439392090,71.7378921509,174.7400054932,73.5378952026,20.9393692017
2023-01-11,378.1898803711,61.7959632874,37.7211723328,91.4706268311,86.9995574951,71.7994995117,174.6199951172,76.1720275879,21.3157901764
2023-01-12,379.5667114258,62.7076263428,37.9059410095,93.2710037231,87.7757263184,71.9578704834,176.6399993896,77.1370010376,21.4908657074
2023-01-13,381.0392456055,63.0383186340,38.1553802490,92.3967742920,87.3082885742,71.8347015381,178.7599945068,76.6588592529,21.7009639740
2023-01-17,380.3412475586,63.2349510193,37.9429016113,91.7995300293,87.0348663330,71.8786773682,177.5899963379,76.8761978149,21.8497772217
2023-01-18,374.3363952637,63.0115165710,37.6842155457,94.0239791870,88.2167358398,72.0370635986,177.0800018311,75.7547378540,21.6134223938
2023-01-19,371.6113891602,62.9131927490,37.9706077576,93.4354095459,88.0491485596,72.0194778442,179.8899993896,75.3374633789,21.8322715759
2023-01-20,378.5340576172,63.4673347473,38.5526428223,91.9207153320,87.4670257568,71.9578704834,179.2899932861,76.2328720093,21.9635810852
2023-01-23,383.0759887695,63.7265319824,38.8297996521,91.4879684448,87.1847915649,71.8874969482,179.6300048828,76.5806198120,22.0161018372
2023-01-24,382.6648254395,63.6460876465,38.8575172424,92.8035812378,87.6875381470,71.9138946533,180.2799987793,76.7718734741,21.8935489655
2023-01-25,382.8081970215,64.0661697388,38.8944664001,93.0286026001,87.7845458984,71.9578704834,181.1100006104,76.8066329956,21.8322715759
2023-01-26,387.0154418945,64.1197967529,39.2640113831,92.5958557129,87.4670257568,71.9138946533,179.4700012207,77.6672821045,21.9285640717
2023-01-27,387.9046630859,63.9946708679,39.0792427063,92.3621139526,87.3347015381,71.9138946533,179.2200012207,78.5366439819,21.6834545135
2023-01-30,383.0377502441,63.5835342407,38.2939643860,92.0245895386,87.0613327026,71.8435211182,178.7599945068,77.5368957520,21.4033298492
2023-01-31,388.6696472168,63.9499855042,38.2108192444,92.7603073120,87.5023117065,71.9754638672,179.4100036621,79.1625671387,21.7709941864
2023-02-01,392.8003234863,64.5220031738,38.6819801331,93.8754043579,88.1316146851,72.1006622314,181.6699981689,79.6494293213,21.3595581055
2023-02-02,398.5183105469,64.4326171875,38.4510192871,93.9968719482,88.0962677002,72.1094818115,177.8999938965,81.4576263428,21.2019882202
2023-02-03,394.2824707031,63.8337898254,37.7673645020,92.5910720825,87.1505432129,71.8449935913,173.4600067139,79.9275894165,20.6680011749
2023-02-06,391.8728332520,63.1813354492,37.2130432129,91.9055252075,86.3992385864,71.6422424316,173.8200073242,79.3451385498,20.7292785645
2023-02-07,396.9979553223,63.7176017761,37.3608665466,91.1679458618,86.1870956421,71.6775207520,173.9799957275,79.1712722778,21.1232032776
2023-02-08,392.6569824219,63.3243293762,37.3146667480,91.6018447876,86.5053176880,71.7039566040,174.4100036621,78.7974548340,21.1669712067
2023-02-09,389.2528991699,63.4405174255,37.4902038574,90.7340545654,86.1163864136,71.6510467529,173.0299987793,77.9367980957,21.0006465912
2023-02-10,390.1613159180,63.1634483337,37.1298980713,89.7187805176,85.7009658813,71.6157913208,173.3600006104,78.2062911987,21.2982807159
2023-02-13,394.7413940430,63.7980308533,37.4347724915,90.4737167358,85.9042892456,71.6334304810,172.4799957275,78.9017639160,21.2545127869
2023-02-14,394.5597229004,63.9142265320,37.3701057434,90.2654724121,85.5153579712,71.4835739136,172.6100006104,78.2758483887,21.3245429993
2023-02-15,395.8410644531,63.6282234192,37.0559959412,89.4237365723,85.2590255737,71.4923934937,170.8899993896,78.5888061523,21.0969409943
2023-02-16,390.3907165527,63.3153877258,37.0652313232,88.1567535400,84.9761734009,71.5012054443,170.7500000000,77.8237762451,21.0356636047
2023-02-17,389.4154357910,63.4762763977,36.6587333679,88.8423004150,85.2148284912,71.5629348755,171.2599945068,77.5195007324,20.8780937195
2023-02-21,381.6034851074,62.7791252136,36.1968002319,87.1154479980,84.2867660522,71.4218673706,170.6199951172,75.9633712769,20.9043540955
2023-02-22,381.0775451660,62.4305534363,36.0212707520,87.9137802124,84.4369964600,71.4571304321,169.6600036621,75.2766036987,20.6329841614
2023-02-23,383.1046752930,62.7523117065,36.1968002319,88.7729110718,84.7640380859,71.5012054443,169.5700073242,75.8416671753,20.7905540466
2023-02-24,379.0121765137,61.7065963745,35.3838081360,87.6187515259,84.2514038086,71.3513641357,168.3500061035,74.5115737915,20.7205238342
2023-02-27,380.3030090332,62.4394836426,35.5685806274,87.8617553711,84.5077362061,71.4130706787,169.0099945068,74.6245880127,20.7380294800
2023-02-28,378.8974914551,61.9836578369,35.3191337585,88.2608947754,84.6403350830,71.3954010010,169.7799987793,74.5202636719,20.7993087769
2023-03-01,377.4440307617,62.3143615723,36.0767021179,87.3127136230,83.9636383057,71.2646942139,170.7599945068,73.5813674927,21.1582183838
2023-03-02,380.3795166016,62.4394836426,36.2060394287,86.5384750366,83.6182098389,71.2912063599,170.6600036621,74.4420166016,21.0794334412
2023-03-03,386.4800109863,63.3511314392,36.5293884277,88.6349639893,84.2913742065,71.3353500366,172.4900054932,75.5721817017,21.4120826721
2023-03-06,386.7477722168,63.1902694702,36.4000511169,87.9477539062,84.1407775879,71.3000335693,171.6199951172,75.2766036987,21.3070354462
2023-03-07,380.8193359375,62.1355934143,35.7903099060,88.4870681763,84.1496429443,71.1498489380,168.6199951172,73.5205307007,20.8693389893
2023-03-08,381.4409179688,62.4752502441,35.9381217957,88.5740585327,84.1230621338,71.1145324707,168.5399932861,74.3638000488,20.7555370331
2023-03-09,374.4033508301,62.0194091797,35.1436042786,88.7915496826,84.6456375122,71.3441925049,170.1999969482,72.6598815918,20.5016765594
2023-03-10,369.0009460449,61.3580169678,34.9588356018,91.8536148071,86.2044525146,71.7328491211,173.8699951172,70.2517700195,20.7205238342
2023-03-13,368.4750061035,60.9379463196,35.0142669678,92.0624084473,87.2495727539,72.4483108521,177.8600006104,71.1732940674,20.5892143250
2023-03-14,374.5659179688,61.7512817383,35.0327339172,90.5487594604,86.4258499146,72.1744995117,176.8300018311,71.8600692749,20.3265953064
2023-03-15,372.2232666016,59.8385848999,34.4322280884,92.2972793579,87.6747055054,72.5984802246,178.2100067139,71.8079223633,19.8538856506
2023-03-16,378.7540283203,60.7681236267,34.9588356018,91.5752563477,86.8864440918,72.3070068359,178.5700073242,71.6514282227,19.9151630402
2023-03-17,374.3253479004,60.0441474915,34.7463493347,92.9497222900,87.9138259888,72.6691284180,183.7700042725,70.0257492065,19.8538856506
2023-03-20,377.9246826172,60.9826278687,34.8756828308,92.1320266724,87.5595779419,72.5808029175,183.8399963379,70.8255691528,19.9326705933
2023-03-21,382.8870544434,61.9032173157,35.1898002625,91.3403778076,86.7978439331,72.3070068359,180.3699951172,70.5125885010,20.0027008057
2023-03-22,376.3601684570,61.6887054443,35.3283767700,92.5582504272,87.9404144287,72.6426467896,183.4400024414,67.8784561157,20.0552253723
2023-03-23,377.3776245117,61.6976432800,35.8180160522,92.5582504272,88.4452438354,72.8546371460,185.7400054932,67.4524917603,20.0027008057
2023-03-24,379.8539733887,61.5099563599,35.7256317139,92.9497222900,88.4718475342,72.8899841309,183.6499938965,69.1822662354,20.0989933014
2023-03-27,380.5642700195,62.0909156799,35.5316200256,90.7662582397,87.3824157715,72.5808029175,181.9499969482,69.1032333374,20.4754142761
2023-03-28,379.7100219727,62.1177253723,36.0397453308,90.9315338135,87.3292846680,72.5013275146,183.4400024414,68.9364166260,20.5717067719
2023-03-29,385.2290954590,62.8684997559,36.1413688660,90.7488250732,87.1787109375,72.4748382568,182.5299987793,70.4642410278,20.4403991699
2023-03-30,387.4846801758,63.6014060974,36.5016746521,91.1664123535,87.3115768433,72.4836578369,184.1799926758,71.3862075806,20.5892143250
2023-03-31,392.9461364746,63.9231643677,36.4554862976,92.5321655273,87.7898330688,72.5719909668,183.2200012207,72.9140243530,20.7818012238
2023-04-03,394.4434509277,64.4326171875,36.5293884277,92.9673614502,88.2033843994,72.6605072021,184.5399932861,72.3345031738,21.1232032776
2023-04-04,392.2550659180,64.4415588379,36.5293884277,93.4295654297,88.7713317871,72.8286895752,187.9799957275,72.2378997803,21.0969409943
2023-04-05,391.2279968262,63.9946708679,36.2429924011,94.4063110352,89.1440963745,72.9260711670,187.8300018311,71.8515777588,21.1757278442
2023-04-06,392.7541809082,64.2985458374,36.3908119202,94.6505203247,89.1707229614,72.8995132446,186.4900054932,72.3432769775,21.1144504547
2023-04-10,393.1571960449,64.2538681030,36.4277648926,93.1243362427,88.2920989990,72.6428146362,185.1100006104,72.6769332886,21.1144504547
2023-04-11,393.2628784180,64.4683609009,36.6494979858,93.3162002563,88.2566223145,72.6339721680,186.2799987793,72.9842681885,21.2282505035
2023-04-12,391.6599731445,64.8795089722,36.3908119202,93.2202377319,88.5139846802,72.7136306763,187.1900024414,72.6330413818,21.3945751190
2023-04-13,396.8621520996,65.7107238770,36.8896942139,92.4877014160,88.2211456299,72.7578811646,189.7200012207,72.4135284424,21.3945751190
2023-04-14,395.8928222656,65.4425888062,36.6956863403,91.6417388916,87.7862701416,72.5896682739,186.3600006104,71.2896041870,21.4208354950
2023-04-17,397.3133850098,65.3263854980,36.8527412415,90.5515747070,87.2272033691,72.4834365845,185.5299987793,72.7735214233,21.3332977295
2023-04-18,397.5725708008,65.6838989258,36.8065452576,90.8742675781,87.3692016602,72.4657745361,186.2500000000,72.6067047119,21.3770675659
2023-04-19,397.5052795410,65.4783401489,36.4370079041,90.7870635986,87.1828231812,72.4037933350,185.3600006104,73.0369491577,21.0794334412
2023-04-20,395.3361206055,65.4783401489,36.3815765381,91.5632553101,87.6886596680,72.5808105469,186.0899963379,72.3169479370,20.8956031799
2023-04-21,395.6431884766,65.8090438843,36.0397453308,91.0486907959,87.4756622314,72.5365676880,184.2500000000,72.3257217407,20.8518314362
2023-04-24,396.0560302734,65.9788589478,35.9566001892,91.9295349121,87.9016418457,72.6162414551,184.8099975586,72.0535202026,21.0181560516
2023-04-25,389.7690429688,65.0582656860,35.2821846008,93.2812805176,88.7713317871,72.8995132446,185.7500000000,71.3423004150,20.7205238342
2023-04-26,388.1181640625,65.0135803223,35.4854316711,92.2870864868,88.4252624512,72.8109893799,184.7400054932,70.6574096680,20.4053821564
2023-04-27,395.8448181152,65.8269195557,35.9658393860,91.3713836670,87.8484268188,72.6693496704,184.7500000000,72.2554702759,20.4316444397
2023-04-28,399.2234497070,65.8000946045,36.1506118774,92.8452529907,88.5051116943,72.7490463257,184.8000030518,73.1423187256,20.6242294312
2023-05-01,398.8203430176,65.7017898560,36.0305061340,90.1680908203,87.4634323120,72.5902252197,183.9700012207,72.5979232788,20.4491519928
2023-05-02,394.3378906250,65.0403976440,35.6794395447,92.4150619507,88.6020889282,72.8297882080,187.5200042725,71.3686294556,19.9851932526
2023-05-03,391.6311645508,65.2102050781,35.6240081787,92.9309310913,89.1802978516,73.0072174072,189.1100006104,71.0876617432,19.7313308716
2023-05-04,388.8572387695,65.0761413574,35.9104042053,92.0129318237,89.1625061035,73.1226043701,190.4400024414,71.6759567261,19.8101158142
2023-05-05,396.0560302734,66.0324783325,36.3908119202,91.7069015503,88.6821670532,72.9451293945,187.4600067139,72.8701095581,20.2565650940
2023-05-08,396.1615295410,66.0503616333,36.4092864990,90.4216232300,88.1395111084,72.8297882080,187.6900024414,72.4486465454,20.3528575897
2023-05-09,394.4241943359,65.7822341919,36.1875648499,90.0981597900,88.0327529907,72.8120269775,189.0200042725,72.1413269043,20.4141349792
2023-05-10,396.2671508789,65.6481475830,36.1690940857,90.9724655151,88.6910476685,72.9894790649,188.7500000000,72.8349838257,20.3528575897
2023-05-11,395.5760498047,65.4872741699,36.0397453308,91.9342041016,89.0201950073,73.0338668823,187.1300048828,72.0359649658,20.0027008057
2023-05-12,395.0577697754,65.3710861206,35.6147689819,91.1648254395,88.4864425659,72.9096527100,186.8099975586,72.0271911621,19.8451328278
2023-05-15,396.4206848145,65.8716125488,36.2707099915,90.2205581665,88.2907257080,72.9185104370,187.2100067139,71.9042358398,20.0727348328
2023-05-16,393.7716064453,65.2459487915,36.0120239258,89.9495391846,88.0060653687,72.8297882080,184.8699951172,70.1042251587,19.8538856506
2023-05-17,398.5515441895,65.5498504639,36.1783256531,89.6872482300,87.7214050293,72.7499237061,184.2299957275,71.0525436401,20.0902423859
2023-05-18,402.3908691406,65.4515228271,35.9843177795,89.0227432251,87.1787414551,72.6168136597,181.8399963379,70.7100906372,19.9064102173
2023-05-19,401.8053283691,65.8358459473,36.0120239258,88.3932266235,86.8496093750,72.5635681152,183.6399993896,70.5959396362,19.8801460266
2023-05-22,401.9685363770,65.8537292480,36.3076667786,88.0784835815,86.6894836426,72.5369491577,183.2100067139,71.0261917114,19.8976535797
2023-05-23,397.4573059082,64.8884429932,35.7441101074,88.3320617676,86.8318176270,72.5280838013,183.4299926758,70.3588562012,19.9764404297
2023-05-24,394.5778198242,63.9410438538,35.4762001038,87.8948822021,86.6094284058,72.4393844604,181.9499969482,68.8486099243,19.9851932526
2023-05-25,397.9948425293,63.8516540527,35.4022865295,87.6762924194,86.0667724609,72.2796478271,180.1999969482,68.8398361206,19.6700515747
2023-05-26,403.1491394043,64.4773025513,36.0305061340,88.3844909668,86.2269058228,72.2618789673,180.9199981689,69.6300735474,19.9851932526
2023-05-30,403.3027343750,63.8248405457,35.6147689819,89.2675704956,86.9029846191,72.4038696289,182.0399932861,69.8934860229,19.5212364197
2023-05-31,401.0663146973,63.1634483337,35.2821846008,90.0456848145,87.2321472168,72.4748611450,182.3200073242,70.2447204590,19.3023891449
2023-06-01,404.8768310547,64.1019287109,35.9104042053,90.3989868164,87.4746704102,72.5878372192,183.7599945068,70.2534942627,19.6175289154
2023-06-02,410.7318420410,64.9331359863,36.5293884277,89.4083786011,86.7791595459,72.3832473755,181.0500030518,71.9657058716,19.8713932037
2023-06-05,409.9447326660,64.5577468872,36.5201530457,89.2418212891,86.7524261475,72.4010314941,182.1399993896,71.4652252197,19.8188686371
2023-06-06,410.8374023438,65.0940093994,36.8435096741,89.7677993774,86.8059310913,72.3654556274,182.3399963379,72.1500930786,19.8451328278
2023-06-07,409.4168090820,64.5215225220,36.6852149963,88.4352951050,86.1728057861,72.3120956421,180.1499938965,73.4759674072,19.9239177704
2023-06-08,411.8932189941,65.2041549683,36.9459266663,89.4697418213,86.7524261475,72.4277267456,182.5299987793,73.0193862915,19.9589309692
2023-06-09,412.6322937012,65.0949249268,37.1135253906,89.3470001221,86.4403152466,72.2943038940,182.0399932861,72.5979232788,19.8363761902
2023-06-12,416.3757019043,65.3770751953,37.1880073547,89.6100158691,86.5829696655,72.3565673828,181.8800048828,72.6154708862,19.5650081635
2023-06-13,419.1207580566,65.9959945679,37.5604515076,88.7245864868,85.9677124023,72.2231369019,180.5399932861,73.0808639526,19.8276233673
2023-06-14,419.6199035645,66.2417373657,37.8397789001,89.4346923828,86.0836181641,72.1786651611,180.6399993896,73.3530502319,19.8713932037
2023-06-15,424.8221740723,66.9425659180,38.1935920715,90.2937927246,86.7524261475,72.3298645020,181.9100036621,73.7394027710,20.2915802002
2023-06-16,423.3750610352,66.7969436646,38.0632438660,89.9431457520,86.3778762817,72.2320327759,181.6300048828,73.6867141724,20.5454444885
2023-06-20,421.1785888672,65.9140777588,37.3183631897,90.5655517578,86.6364898682,72.2587127686,179.7500000000,72.8174209595,20.3616123199
2023-06-21,419.0205688477,66.0141906738,37.1414566040,90.7846984863,86.7167358398,72.2587127686,179.4900054932,72.3783950806,20.6592464447
2023-06-22,420.5331420898,65.6046218872,37.0110969543,89.6888961792,86.2263107300,72.1786651611,177.7100067139,71.3423004150,20.2740745544
2023-06-23,417.3538818359,64.5852355957,36.4710655212,90.5830688477,86.5829696655,72.2409286499,178.1999969482,70.3588562012,20.0552253723
2023-06-26,415.6487121582,64.6671600342,36.5921096802,90.6795120239,86.7969741821,72.2943038940,178.5099945068,71.9832839966,20.0814876556
2023-06-27,420.2055358887,65.2314453125,36.9645462036,90.4428176880,86.4938278198,72.1875686646,177.6900024414,72.8701095581,19.7575912476
2023-06-28,420.4175109863,65.2769622803,36.7410850525,90.8285217285,86.8415756226,72.2676315308,177.2799987793,72.9754943848,19.6963157654
2023-06-29,422.0745849609,65.1859512329,36.5455513000,89.1891860962,85.9498672485,72.0897369385,177.0899963379,73.7906570435,19.7050685883
2023-06-30,427.0553588867,65.9868927002,36.8341979980,90.2412033081,86.1371231079,72.1164245605,178.2700042725,74.1990966797,19.8713932037
2023-07-03,427.5466613770,65.9140777588,37.2438774109,89.7295913696,85.7634963989,72.0325851440,178.4700012207,74.9272384644,19.8713932037
2023-07-05,426.9107971191,65.1768493652,37.0204124451,88.8769683838,85.3523635864,72.0147552490,177.8399963379,75.0959777832,19.9939479828
2023-07-06,423.5678100586,64.0482406616,36.2662239075,87.6199798584,84.6551666260,71.9701614380,177.3099975586,74.5187835693,19.9501800537
2023-07-07,422.4984436035,64.5306320190,36.6759033203,87.0925674438,84.5478897095,72.0504150391,178.6399993896,74.3500671387,20.1165027618
2023-07-10,423.5678100586,64.7126541138,36.7038421631,87.2068481445,84.9858779907,72.1574172974,178.7799987793,74.6697235107,20.1602725983
2023-07-11,426.2653808594,65.2951583862,37.0762748718,87.6551284790,85.1646347046,72.1485061646,179.4499969482,75.7353057861,20.3966274261
2023-07-12,429.6950073242,66.5420837402,37.9049530029,88.6308364868,85.9958953857,72.3625106812,181.8800048828,76.1437683105,20.5454444885
2023-07-13,433.1054382324,67.6069793701,38.3984375000,89.5626068115,86.7109832764,72.5676345825,182.0099945068,76.6321640015,20.8343219757
2023-07-14,432.8357543945,67.2247161865,38.1842803955,89.0351791382,86.2819442749,72.3803710938,181.4299926758,76.4812011719,20.6942615509
2023-07-17,434.3386535645,67.1427917480,38.2308425903,89.0791397095,86.4249420166,72.4071121216,181.5599975586,75.9839401245,20.5279369354
2023-07-18,437.5660095215,67.5796890259,37.9515113831,89.4834976196,86.5232696533,72.4071121216,183.6399993896,75.5665969849,20.7993087769
2023-07-19,438.5390625000,67.5432662964,37.8770179749,90.4943466187,86.8182525635,72.4338760376,183.6699981689,76.4190444946,20.9131088257
2023-07-20,435.6295776367,67.1974029541,37.5976905823,89.3955688477,86.1300048828,72.3447113037,182.7400054932,76.1704101562,20.9743862152
2023-07-21,435.6295776367,67.3339233398,37.5418281555,89.4219512939,86.2015075684,72.3536071777,182.1799926758,76.5255889893,21.0881900787
2023-07-24,437.5756835938,67.1701049805,38.0539283752,89.0967254639,85.9958953857,72.2644195557,181.3999938965,77.1560592651,21.4646053314
2023-07-25,438.7702331543,67.2429122925,38.3705024719,88.9297332764,85.8349990845,72.2555160522,182.4100036621,76.6055221558,21.5433921814
2023-07-26,438.8377075195,67.4249496460,38.5939674377,89.0175933838,86.1300048828,72.3268661499,183.3000030518,76.9518280029,21.4383449554
2023-07-27,435.9282226562,67.2702255249,38.1191024780,87.2859725952,85.1914443970,72.2198486328,180.4199981689,75.2824478149,21.3858203888
2023-07-28,440.1961364746,67.7526092529,39.0408935547,87.7342529297,85.4685440063,72.3179397583,181.8600006104,75.2202682495,21.5171298981
2023-07-31,441.0343017578,67.7708129883,39.0595169067,87.9451980591,85.5757980347,72.3357543945,182.3500061035,75.7086715698,21.6046695709
2023-08-01,439.7721862793,66.9243545532,38.5660362244,86.5040512085,85.0757980347,72.2749710083,180.4600067139,75.5843505859,21.4908657074
2023-08-02,433.6546325684,65.6774444580,37.6442489624,85.5785369873,84.9055404663,72.3107223511,179.6000061035,75.1492385864,21.1669712067
2023-08-03,432.4118347168,65.4953918457,37.7932205200,83.6041336060,84.2782592773,72.3375625610,179.5399932861,74.3323059082,21.3683128357
2023-08-04,430.4561157227,65.6774444580,37.7466735840,85.0849609375,85.1743698120,72.4805831909,180.1900024414,73.7284774780,21.4033298492
2023-08-07,434.2133789062,66.2326354980,37.6908035278,84.2476043701,84.9682464600,72.5074310303,179.7799987793,74.6519775391,21.4120826721
2023-08-08,432.3251037598,65.8321609497,37.2345695496,85.2259902954,85.3983764648,72.5431900024,178.6399993896,74.1724700928,21.3858203888
2023-08-09,429.4349670410,65.8139495850,37.3276824951,85.6667175293,85.4521331787,72.4984512329,177.7899932861,74.1635818481,21.5346393585
2023-08-10,429.5890808105,66.0961074829,37.3835449219,84.2563934326,84.7980041504,72.4627532959,177.6000061035,73.8794403076,21.4208354950
2023-08-11,429.3385925293,65.6501235962,36.8341979980,84.0624923706,84.3499374390,72.3911743164,177.6000061035,73.9948806763,21.3858203888
2023-08-14,431.7085571289,65.3588714600,36.6572799683,83.8773880005,84.2155151367,72.3286209106,177.0599975586,73.5064849854,21.2807731628
2023-08-15,426.6795654297,64.5488281250,36.2382926941,83.3661499023,84.0542373657,72.3554306030,176.5899963379,72.6806640625,21.0269126892
2023-08-16,423.5485534668,64.0209274292,35.9124031067,82.7138824463,83.7316207886,72.3196716309,175.5700073242,71.7838211060,20.9393692017
2023-08-17,420.3211669922,63.5658493042,35.9962043762,82.3613281250,83.6241149902,72.4001617432,175.3000030518,71.2066345215,20.9918956757
2023-08-18,420.5234985352,63.5658493042,35.7541236877,82.6521759033,83.8750076294,72.4269638062,175.3300018311,71.4286270142,21.1407108307
2023-08-21,423.2595825195,63.8024940491,35.8379249573,81.5504074097,83.3552856445,72.3464889526,175.8099975586,70.7715301514,21.0881900787
2023-08-22,422.1130981445,63.6841697693,35.7634315491,82.1762161255,83.3911209106,72.3107223511,176.1000061035,70.9757461548,21.0969409943
2023-08-23,426.8144836426,64.3759078979,36.3314056396,84.2123107910,84.2961883545,72.4448547363,177.8899993896,72.0946044922,21.1407108307
2023-08-24,420.8991699219,63.4930381775,36.1917343140,83.6570281982,83.9825210571,72.4001617432,177.8500061035,71.8193359375,21.1582183838
2023-08-25,423.8665161133,63.9208183289,36.2289848328,83.9302673340,83.9556579590,72.3554306030,177.6199951172,71.8726196289,21.3683128357
2023-08-28,426.5544128418,64.5943450928,36.5827980042,84.0184326172,84.1886444092,72.4001617432,178.1300048828,72.5474624634,21.3332977295
2023-08-29,432.7200927734,65.3952789307,37.0483512878,84.8910446167,84.7890625000,72.5610885620,179.8699951172,73.4265823364,21.4120826721
2023-08-30,434.5024108887,65.3588714600,36.9273071289,84.8029022217,84.7800674438,72.5610885620,180.3200073242,73.6929626465,21.4383449554
2023-08-31,433.8666076660,65.1040191650,36.4710655212,85.1819000244,84.9503326416,72.6325988770,180.0200042725,73.1513061523,21.5258827209
2023-09-01,434.6757812500,65.0676193237,36.8993682861,83.8549041748,84.4310531616,72.5931549072,180.1100006104,73.2756118774,21.7797470093
2023-09-05,432.7971801758,64.5033187866,36.6014175415,82.6791152954,83.9189758301,72.5035171509,178.6399993896,72.4231567383,21.8847942352
2023-09-06,429.8876953125,64.3667984009,36.3965797424,82.8824081421,83.7033538818,72.4228591919,177.8300018311,72.2722091675,21.9373168945
2023-09-07,428.5678405762,64.1574630737,35.9682693481,83.1122894287,83.9908523560,72.5573043823,178.0200042725,72.7250823975,21.8935489655
2023-09-08,429.2133178711,64.0664443970,36.0427627563,83.4305419922,84.0088119507,72.5214538574,178.0800018311,72.4409179688,21.9373168945
2023-09-11,432.0361022949,64.7308654785,36.4896812439,82.8293762207,83.8650741577,72.5393676758,178.4100036621,72.4498138428,22.0686244965
2023-09-12,429.6661987305,64.4669189453,36.3779525757,83.3067703247,83.9818649292,72.5035171509,177.4900054932,72.4142837524,22.1474113464
2023-09-13,430.1671447754,64.2666702271,36.3314056396,83.2890777588,84.0806808472,72.5662841797,177.0800018311,71.6239852905,22.2174415588
2023-09-14,433.8761901855,65.1131362915,36.5734825134,82.6879425049,83.8920288086,72.5483551025,177.1699981689,72.9204406738,22.4012756348
2023-09-15,428.6487121582,64.9675064087,36.4338226318,82.1839828491,83.6314697266,72.5124969482,178.3399963379,72.6451416016,22.3487529755
2023-09-18,428.9000549316,64.7399597168,36.3872680664,82.6525650024,83.7123413086,72.5035171509,179.3899993896,71.9969329834,22.3399982452
2023-09-19,428.0106201172,64.7945709229,36.1731147766,82.0425415039,83.4068908691,72.4497528076,179.2200012207,71.6683807373,22.3575077057
2023-09-20,424.0758056641,64.6398468018,36.0241355896,82.2989196777,83.3439941406,72.4049453735,179.3500061035,71.7305374146,22.1736736298
2023-09-21,417.0664978027,63.5658493042,35.4003028870,80.1859893799,82.7241210938,72.4407882690,178.0500030518,69.2886047363,22.1036415100
2023-09-22,416.1287536621,63.6204681396,35.8193054199,80.8313598633,83.0475234985,72.5124969482,178.6199951172,68.7647171021,22.1211490631
2023-09-25,417.8786315918,63.3383178711,35.6610107422,78.8421630859,82.4366226196,72.4856033325,177.6999969482,68.7025680542,22.0161018372
2023-09-26,411.7394714355,62.5191612244,35.1582183838,78.5681228638,82.4096755981,72.4945526123,176.2799987793,67.4505004883,21.9898414612
2023-09-27,411.9037780762,62.4008407593,35.2140846252,78.1614456177,82.0413208008,72.4407882690,174.1000061035,66.9976501465,22.1123962402
2023-09-28,414.2917785645,62.9105300903,35.3071899414,78.4001235962,82.2659149170,72.5662841797,173.2299957275,67.6405105591,22.0861339569
2023-09-29,413.2863159180,62.7285041809,35.3351287842,78.4089813232,82.2839126587,72.5752029419,171.4499969482,67.8377761841,21.8497772217
2023-10-02,413.1219787598,61.8092384338,35.1582183838,77.0963897705,81.6164321899,72.5024261475,169.6499938965,66.5914764404,21.6834545135
2023-10-03,407.5918579102,61.0355949402,34.6926689148,75.4379196167,80.9408721924,72.4485244751,169.1600036621,65.2913742065,21.5871601105
2023-10-04,410.5599365234,61.1448135376,34.5902481079,76.5021972656,81.4542846680,72.6102828979,169.1399993896,66.0893554688,20.9831390381
2023-10-05,410.4053039551,61.6818084717,34.7206077576,76.1208190918,81.6074295044,72.6821823120,168.8300018311,66.4569702148,20.8605861664
2023-10-06,415.2779235840,62.3644294739,35.2234001160,75.1984558105,81.1300430298,72.6192703247,169.6999969482,66.6363143921,20.9393692017
2023-10-09,417.9365844727,62.2734222412,35.0557975769,76.9633407593,82.1659240723,72.8349456787,172.8200073242,67.3625717163,21.3770675659
2023-10-10,420.1118774414,63.1289710999,35.5585899353,76.8569564819,82.0037612915,72.7900238037,172.5299987793,67.6853408813,21.3245429993
2023-10-11,421.8327941895,63.3929176331,35.7820549011,78.4621963501,82.4541549683,72.7720565796,173.7899932861,68.8599166870,21.2019882202
2023-10-12,419.2611694336,62.8650169373,35.3816795349,76.3336715698,81.6615066528,72.6821823120,173.2599945068,67.8557052612,21.1932334900
2023-10-13,417.1728210449,62.2825202942,35.2513275146,77.6994934082,82.1839065552,72.7271041870,178.8300018311,67.6853408813,21.7534847260
2023-10-16,421.5621032715,62.7376022339,35.5120353699,76.4489822388,81.6975097656,72.6821823120,177.9600067139,68.4922866821,21.6834545135
2023-10-17,421.5427246094,62.7740211487,35.4189300537,75.6064605713,80.8958358765,72.5204086304,178.2899932861,68.3936767578,21.7447319031
2023-10-18,415.9256286621,61.6818084717,34.8788909912,74.9412841797,80.5175399780,72.5204086304,180.8699951172,66.9411621094,21.9373168945
2023-10-19,412.2711791992,61.1357116699,34.6740493774,73.4069747925,80.1212005615,72.6192703247,183.0899963379,65.3541641235,22.1649188995
2023-10-20,407.2051086426,60.5896148682,34.2550544739,73.8238067627,80.5895690918,72.7361068726,183.5899963379,64.9148101807,21.9985942841
2023-10-23,406.4993591309,60.6351280212,34.2271232605,74.7106781006,80.9679031372,72.7810134888,182.9700012207,64.2782058716,21.8585319519
2023-10-24,409.5641479492,60.9809837341,34.6647377014,75.6951293945,81.1120452881,72.7630233765,182.9499969482,65.1031112671,21.6221771240
2023-10-25,403.6859741211,60.5441017151,34.2085037231,74.0100555420,80.4004211426,72.6821823120,183.7200012207,63.7043762207,21.7797470093
2023-10-26,398.8519897461,60.1072273254,34.0409011841,75.1452713013,81.0129470825,72.8259429932,184.0099945068,64.9237823486,21.5959148407
2023-10-27,397.0441284180,59.9251937866,34.0129661560,74.8259735107,81.1390380859,72.8708877563,186.1499938965,63.8837013245,21.8847942352
2023-10-30,401.7911071777,60.6897277832,34.3667869568,74.4889755249,80.8688354492,72.8439102173,185.1000061035,64.2871704102,21.5346393585
2023-10-31,404.3144531250,60.9081687927,34.1712570190,74.1253585815,80.6976776123,72.8169555664,184.0899963379,65.3810424805,21.4558525085
2023-11-01,408.6264038086,61.4815788269,34.4878311157,75.7325363159,81.6271209717,72.9791870117,183.5099945068,65.7845306396,21.4908657074
2023-11-02,416.4574279785,62.7376022339,35.0930404663,77.4590072632,82.1329803467,72.9881820679,184.1199951172,67.9453582764,21.7184696198
2023-11-03,420.2569274902,63.4020309448,35.8099861145,77.9840698242,82.7652435303,73.1864395142,184.7899932861,69.5682296753,21.6046695709
2023-11-06,421.2237243652,63.0834617615,36.0986251831,77.2276077271,82.2865142822,73.0512619019,183.3500061035,68.5640106201,21.6922073364
2023-11-07,422.4225158691,62.7011985779,36.0334510803,78.3667221069,82.7562026978,73.1053390503,182.5899963379,67.9991455078,21.2282505035
2023-11-08,422.7319335938,62.6192893982,35.7913627625,79.7016143799,83.0904159546,73.0873260498,180.7700042725,68.2233123779,20.9918956757
2023-11-09,419.4351196289,62.6101837158,35.4561729431,77.8683700562,82.2684249878,72.9791870117,181.4900054932,67.1473693848,20.9393692017
2023-11-10,425.9803466797,62.8923225403,35.7075653076,78.3044281006,82.3587799072,72.9971847534,179.5099945068,67.7749938965,21.0444183350
2023-11-13,425.5742797852,63.0561637878,35.6982536316,78.1264495850,82.3135986328,73.0242385864,180.5099945068,67.2101364136,21.3508071899
2023-11-14,433.8307495117,64.6671600342,36.6479797363,79.8974151611,83.5510711670,73.3126296997,182.1199951172,70.9400482178,21.3157901764
2023-11-15,434.7491760254,64.5670394897,36.9552345276,78.7760848999,82.9007186890,73.1774444580,181.6399993896,71.1462783813,21.1757278442
2023-11-16,435.2809143066,64.5215225220,36.6014175415,79.7550125122,83.5239791870,73.3035964966,183.6900024414,70.9938507080,20.6680011749
2023-11-17,435.8223266602,65.3952789307,36.6479797363,80.1287918091,83.5781784058,73.2495346069,183.6699981689,70.9400482178,20.9656333923
2023-11-20,439.1770629883,65.6410369873,37.1042098999,80.6182556152,83.6955871582,73.2585678101,183.3699951172,71.4600906372,21.2282505035
2023-11-21,438.2199707031,65.3861770630,36.8714370728,80.5826568604,83.8039627075,73.3035964966,185.3500061035,70.9579772949,21.3508071899
2023-11-22,439.9118957520,65.5409011841,36.7969512939,80.8674163818,83.7768707275,73.3126296997,184.5599975586,71.3076553345,21.1669712067
2023-11-24,440.1826171875,66.0414886475,36.8155708313,79.9151763916,83.3433227539,73.2585678101,185.5200042725,71.5138778687,21.0269126892
2023-11-27,439.3898620605,65.8139495850,36.6665954590,81.2500762939,83.9755859375,73.3486557007,186.7700042725,71.7738952637,20.8868484497
2023-11-28,439.8248901367,65.8321609497,36.9738578796,81.4102859497,84.3459320068,73.4838867188,189.2599945068,72.2491149902,21.1407108307
2023-11-29,439.5155029297,65.9686965942,36.7597045898,82.4336776733,84.7885208130,73.6280364990,189.5399932861,72.7512054443,21.2895278931
2023-11-30,441.2460937500,65.9140777588,36.8341979980,81.4814682007,84.3730316162,73.5830001831,188.7500000000,73.2802200317,20.9306163788
2023-12-01,443.8564453125,66.6057968140,36.9924812317,83.0160980225,85.1690826416,73.7972183228,192.0099945068,75.0823974609,20.8343219757
2023-12-04,441.5264587402,66.0869979858,36.5734825134,82.6857757568,84.8158874512,73.6887512207,187.8600006104,75.6293258667,20.6942615509
2023-12-05,441.4394531250,65.8503646851,36.3500251770,84.4623336792,85.4136428833,73.7791595459,187.1499938965,75.1272277832,20.5104274750
2023-12-06,439.6605224609,66.0505981445,36.3034706116,85.5871734619,85.7668457031,73.7610549927,187.8399963379,74.9030838013,20.0114574432
2023-12-07,443.0153503418,66.3691558838,36.4803733826,85.0961608887,85.6400604248,73.8152999878,188.1499938965,75.1182708740,20.0464706421
2023-12-08,444.9199523926,66.5693817139,36.3220901489,84.3998336792,85.0875854492,73.6525878906,185.6399993896,74.9927368164,20.1340103149
2023-12-11,446.6504821777,66.7332229614,36.5362472534,84.2212905884,85.0966262817,73.6706619263,183.5899963379,75.1989669800,20.0639781952
2023-12-12,448.6904296875,66.8515396118,36.5455513000,84.4712448120,85.2778091431,73.6796951294,183.4900054932,75.1541290283,19.7575912476
2023-12-13,454.8778991699,67.8254089355,36.9086799622,86.4531478882,86.5457229614,74.0503158569,187.6300048828,78.0322570801,19.9851932526
2023-12-14,456.3377990723,68.3260040283,37.4487228394,88.7020645142,87.2651138306,74.1772613525,188.7299957275,80.2827606201,20.3178424835
2023-12-15,455.5864257812,67.6615905762,37.2252578735,88.8005523682,87.1924514771,74.0956726074,187.0000000000,79.1530303955,20.3528575897
2023-12-18,458.1491699219,67.8254089355,37.2066268921,88.0930557251,87.0017242432,74.0865859985,187.8500061035,78.9737091064,20.4988842010
2023-12-19,460.9350891113,68.3988189697,37.5232124329,88.5677108765,87.1652221680,74.1137847900,189.1300048828,79.5744400024,20.6550140381
2023-12-20,454.5477600098,67.7085494995,36.8477249146,89.1677627563,87.5921554565,74.2135467529,188.1000061035,78.6060867310,20.4162292480
2023-12-21,458.8577270508,68.8052444458,37.5402832031,88.6035232544,87.4558715820,74.2860717773,189.4299926758,79.3031845093,20.4529647827
2023-12-22,459.7798767090,68.8697586060,37.3600273132,88.2005310059,87.3741455078,74.3133010864,190.2700042725,79.6117858887,20.4162292480
2023-12-26,461.7213745117,69.1830825806,37.6541252136,88.4512786865,87.4286346436,74.2770233154,191.7200012207,80.2017822266,20.6182785034
2023-12-27,462.5561828613,69.5517196655,37.8723258972,90.0186080933,88.1098937988,74.3676910400,192.5899963379,80.5920791626,20.5264377594
2023-12-28,462.7309265137,69.3674011230,38.1664314270,89.3648071289,87.7737960815,74.3586273193,191.4700012207,81.1639099121,20.3519401550
2023-12-29,461.3912963867,69.4411239624,38.1474571228,88.5587539673,87.5557861328,74.3949127197,191.1699981689,80.2017822266,20.2417316437
2024-01-02,458.8092346191,68.6669998169,37.7015647888,88.0482559204,87.2287750244,74.3042449951,190.7200012207,80.8916168213,20.0764179230
2024-01-03,455.0622253418,68.1509094238,37.4928474426,88.4154434204,87.4377365112,74.3223648071,189.1300048828,78.9582748413,20.3335704803
2024-01-04,453.5964660645,68.3075866699,37.3695106506,87.0720291138,86.9108810425,74.2770233154,189.3200073242,78.8130493164,20.2233638763
2024-01-05,454.2177429199,68.3536605835,37.4169540405,86.2390899658,86.5929412842,74.2588882446,189.3500061035,78.6133575439,20.3243865967
2024-01-08,460.7021484375,69.0817108154,37.5213088989,87.0899200439,86.8836364746,74.3223648071,187.8699951172,79.7388687134,20.0304965973
2024-01-09,460.0031738281,68.4642562866,36.9900321960,86.5346527100,86.8473052979,74.3405227661,187.9299926758,79.2033462524,20.1774406433
2024-01-10,462.6047058105,68.9066085815,36.9046478271,86.1316299438,86.7110366821,74.3405227661,187.5000000000,79.2941055298,20.0396804810
2024-01-11,462.4008483887,68.8973999023,37.0564422607,86.6152572632,87.1743087769,74.5127868652,187.8699951172,78.5588912964,20.1866264343
2024-01-12,462.7211914062,69.1830825806,37.1892585754,86.4450836182,87.4104766846,74.6669616699,189.7100067139,79.0308837891,20.2600994110
2024-01-16,461.0224304199,68.0218963623,36.2879905701,84.9225234985,86.7019653320,74.5490493774,187.9100036621,78.4499816895,20.0856037140
2024-01-17,458.4597473145,67.3767776489,35.7472267151,84.7881851196,86.4203643799,74.4039840698,185.8399963379,77.0158615112,20.0580501556
2024-01-18,462.5367431641,67.9758148193,36.0413246155,84.0000610352,86.2295913696,74.4402160645,187.3699951172,76.5983276367,20.1866264343
2024-01-19,468.3028259277,68.1324844360,36.4208106995,84.2687301636,86.2386856079,74.3858337402,187.9299926758,77.5150756836,20.1498908997
2024-01-22,469.2929687500,68.3444519043,36.0982513428,84.7702713013,86.5021133423,74.4221191406,187.2200012207,77.9779891968,20.2325477600
2024-01-23,470.6616210938,68.1509094238,36.4113273621,84.0985565186,86.2841033936,74.4130630493,187.9499969482,77.4424591064,20.3427562714
2024-01-24,471.1761474609,68.6669998169,36.8192710876,83.6059875488,86.0388412476,74.3767623901,186.3999938965,76.3351135254,20.5172538757
2024-01-25,473.7388305664,68.8605270386,36.8666992188,84.1523056030,86.4112930298,74.5127868652,187.1399993896,77.3153991699,20.6733837128
2024-01-26,473.1370544434,69.1646575928,36.8951606750,83.9910812378,86.2568588257,74.4674530029,187.0099945068,77.0975494385,20.7652244568
2024-01-29,476.8839416504,69.5701522827,36.9141387939,84.9583663940,86.7746276855,74.5399932861,188.3300018311,77.6058502197,20.5907249451
2024-01-30,476.5151367188,69.4779891968,36.6200370789,85.7285995483,86.8927001953,74.4946823120,188.5899963379,76.8797073364,20.7284889221
2024-01-31,468.7397155762,69.1277999878,36.4208106995,86.5704650879,87.6193618774,74.6307067871,188.4499969482,76.1444931030,20.5080699921
2024-02-01,474.8745727539,69.8097686768,36.7718276978,88.2686538696,88.1620712280,74.7416381836,190.4100036621,77.5241470337,20.2600994110
2024-02-02,479.8737487793,69.2568130493,36.6674728394,86.3189010620,87.0147552490,74.5051574707,188.6100006104,76.5620117188,20.0304965973
2024-02-05,478.1264648438,68.8881835938,36.7149085999,84.5758056641,86.1679534912,74.3596649170,187.5700073242,74.9554367065,20.1131515503
2024-02-06,479.5146179199,69.3121109009,37.5497741699,85.4024276733,86.6323013306,74.4778900146,188.5500030518,75.9629745483,20.1866264343
2024-02-07,483.5140075684,69.2752380371,37.5972023010,84.9891204834,86.4775161743,74.4506149292,188.5000000000,75.8540267944,20.2784671783
2024-02-08,483.7275085449,69.1554412842,37.3884849548,84.4949493408,86.1952514648,74.4324111938,188.3300018311,76.4712371826,20.3886775970
2024-02-09,486.5232238770,69.3950500488,37.5497741699,84.3242340088,86.0404510498,74.4051055908,187.6000061035,76.5892562866,20.4437808990
2024-02-12,486.3096313477,69.5148544312,37.8438682556,84.4230651855,86.1223983765,74.4142303467,187.1100006104,76.6074066162,20.4529647827
2024-02-13,479.6116333008,68.4458160400,37.1323394775,82.9764633179,85.1753921509,74.1777267456,184.5299987793,75.0280532837,20.3335704803
2024-02-14,483.9702148438,69.2107315063,37.6636123657,83.3987884521,85.4940948486,74.2868957520,184.4199981689,75.6180343628,20.1407051086
2024-02-15,487.3094787598,69.9940795898,37.8438682556,83.8300476074,85.7308425903,74.3596649170,185.6600036621,77.3789215088,20.1866264343
2024-02-16,484.8826904297,70.1046752930,38.0241203308,83.3448562622,85.3575057983,74.2687149048,186.3399963379,76.5801696777,20.2325477600
2024-02-20,482.2131958008,70.3903579712,38.0810432434,83.4167404175,85.5031890869,74.3141860962,187.4700012207,76.4440231323,20.1223373413
2024-02-21,482.6500244141,70.4456558228,38.1474571228,82.8237457275,85.2300491333,74.2505187988,187.4799957275,76.8706283569,20.2049942017
2024-02-22,492.6386718750,71.2382049561,38.5364227295,83.2280426025,85.2391357422,74.2414093018,187.5599975586,77.0158615112,20.2600994110
2024-02-23,492.9783935547,71.3303680420,38.5174446106,84.3421859741,85.6306838989,74.2777938843,188.6199951172,76.9795379639,19.9662075043
2024-02-26,491.1728515625,71.2289886475,38.3466835022,84.0906066895,85.5031890869,74.2232208252,188.1999969482,76.1354141235,20.1498908997
2024-02-27,492.0853881836,71.4225234985,38.4225769043,83.4976119995,85.3119812012,74.2232208252,188.0000000000,76.2261962891,20.3060188293
2024-02-28,491.4349670410,71.0078201294,37.9197616577,84.0277404785,85.6215820312,74.2959899902,188.3399963379,76.9976959229,20.2233638763
2024-02-29,493.2016906738,71.1921386719,37.9387397766,84.6207580566,85.7945938110,74.3414688110,189.3099975586,77.6512222290,20.1958103180
2024-03-01,497.8320312500,71.8833236694,38.4036026001,85.1480102539,86.1862792969,74.4874114990,192.8899993896,78.5770492554,20.2968349457
2024-03-04,497.2981262207,71.6990051270,38.3182182312,84.8054885864,85.9944992065,74.4144363403,196.0099945068,79.3122558594,20.3611240387
2024-03-05,492.3280334473,71.5699844360,37.9766807556,86.0132827759,86.5240478516,74.4691467285,197.1900024414,78.3501281738,20.2049942017
2024-03-06,494.8227844238,72.4178466797,38.5269317627,86.5180358887,86.7340621948,74.4874114990,198.8099975586,78.7404327393,20.3703079224
2024-03-07,499.7345886230,73.2749099731,38.7641181946,86.4369201660,86.8801345825,74.5786437988,199.9400024414,78.7222747803,20.4254131317
2024-03-08,496.7351074219,73.0353012085,38.7261619568,86.2836761475,86.9440536499,74.6151046753,201.6300048828,79.6299514771,20.3611240387
2024-03-11,496.3080444336,72.6205825806,38.8115463257,86.2386169434,86.8344650269,74.5512619019,202.0000000000,79.2487258911,20.5356235504
2024-03-12,501.6469421387,73.2011871338,39.2384643555,85.5175476074,86.4784088135,74.4782867432,199.7899932861,79.0762634277,20.4805164337
2024-03-13,500.8606567383,73.2104034424,39.1151275635,85.1029281616,86.2866973877,74.4418106079,201.1900024414,78.6768875122,20.7652244568
2024-03-14,499.8705139160,72.6758804321,38.9159011841,83.7960357666,85.6475982666,74.3779602051,200.3500061035,77.4969100952,20.8295135498
2024-03-15,496.4381713867,72.7035293579,38.6787338257,83.7690048218,85.5015258789,74.3323211670,199.7100067139,77.3244628906,20.9029865265
2024-03-18,499.3885498047,72.6850967407,38.7451400757,83.5166168213,85.4010925293,74.3414688110,200.0299987793,77.3607711792,21.0958499908
2024-03-19,502.1637268066,72.8141174316,38.5553970337,83.7509384155,85.6475982666,74.4052963257,199.8000030518,77.3335342407,21.0866661072
2024-03-20,506.8083190918,73.5882339478,38.9917984009,83.7239074707,85.8484649658,74.5238647461,202.1799926758,77.8418502808,21.0315628052
2024-03-21,508.4831542969,73.5513839722,39.0392341614,83.9041900635,85.8575897217,74.5238647461,201.9700012207,78.4045791626,21.0040111542
2024-03-22,507.5191955566,73.3947067261,38.7641181946,84.7063598633,86.2775650024,74.5786437988,200.3500061035,77.4177551270,20.8570652008
2024-03-25,506.1170959473,73.2380371094,38.7925720215,84.2827301025,86.0493164062,74.5421371460,200.9900054932,76.9417343140,21.0315628052
2024-03-26,505.1822509766,73.3209838867,38.7641181946,84.5170669556,86.1771469116,74.5603866577,201.6399993896,76.6304931641,20.8662490845
2024-03-27,509.4277038574,73.7633514404,38.8305206299,85.3553009033,86.5058135986,74.6424713135,203.1000061035,78.6078338623,20.8478813171
2024-03-28,509.3303833008,73.5974655151,38.9728279114,85.2832031250,86.4236373901,74.5968627930,205.7200012207,79.1662292480,21.0958499908
2024-04-01,508.4442138672,73.2841186523,39.0392341614,83.6934432983,85.6416702271,74.4412841797,207.8200073242,77.8388519287,21.1968765259
2024-04-02,505.2114868164,72.7680435181,39.1625709534,83.2322235107,85.4585342407,74.4778900146,210.8899993896,76.8593444824,21.3897418976
2024-04-03,505.7664794922,73.1735382080,39.1910324097,83.2141189575,85.5592422485,74.5328140259,212.7400054932,76.9417343140,21.6468963623
2024-04-04,499.5930480957,72.5468597412,39.0487251282,83.8109893799,85.8522644043,74.6060333252,211.5200042725,76.4474105835,21.7020015717
2024-04-05,504.8122253418,72.7772521973,39.1341056824,82.6444702148,85.2845458984,74.4870605469,215.1399993896,76.8410339355,21.8122100830
2024-04-08,505.0945739746,73.1366653442,39.3902587891,82.6353988647,85.0922622681,74.4138336182,216.4799957275,77.6649246216,21.8030261993
2024-04-09,505.6789245605,73.1274414062,39.6558914185,83.4040374756,85.4310607910,74.4870605469,217.6699981689,78.6993560791,21.6836338043
2024-04-10,500.6153564453,72.1597976685,39.1151275635,81.5864181519,84.2956466675,74.1850585938,215.6100006104,75.4404296875,21.7938423157
2024-04-11,504.3935241699,72.3533172607,39.3523101807,81.2156448364,84.1766204834,74.2765502930,219.8000030518,75.6967468262,21.7571048737
2024-04-12,497.4313659668,71.1829147339,38.4510383606,81.6497039795,84.5245590210,74.3223037720,216.8899993896,74.7996292114,21.7846565247
2024-04-15,491.1994323730,70.9709548950,38.2043762207,80.3836746216,83.9843368530,74.2948684692,220.9499969482,73.5271835327,21.8122100830
2024-04-16,490.3035888672,70.2705535889,37.7015647888,79.8501358032,83.6546707153,74.2491073608,221.2200012207,72.4927597046,21.7754726410
2024-04-17,487.4018859863,70.3166351318,37.6730995178,80.7363510132,84.1857833862,74.3040084839,219.5899963379,71.9618148804,21.4356613159
2024-04-18,486.3989257812,70.1231002808,37.8248939514,80.3294296265,83.8927612305,74.2673950195,220.3399963379,71.9709701538,21.4264774323
2024-04-19,482.1535034180,70.1507492065,37.6730995178,80.6187973022,84.0026168823,74.2857055664,221.0299987793,72.3188247681,21.5275039673
2024-04-22,486.5937194824,70.9709548950,38.0810432434,80.4831542969,84.0117721558,74.3223037720,215.5700073242,72.9596328735,21.5275039673
2024-04-23,492.3678894043,71.7450790405,38.3941154480,80.5102996826,84.1216812134,74.3863677979,215.0399932861,73.6278839111,21.6193447113
2024-04-24,492.1342163086,71.6068344116,38.5269317627,79.9405746460,83.8652877808,74.3589172363,214.6399993896,73.7652053833,21.5917911530
2024-04-25,490.2646789551,71.2750701904,38.6123161316,79.3798980713,83.5448074341,74.3040084839,215.9199981689,73.3440933228,21.7111835480
2024-04-26,494.9094238281,71.8464508057,39.0582084656,79.7958831787,83.7737197876,74.3223037720,216.6199951172,73.3807144165,21.7295532227
2024-04-29,496.6620788574,72.1229324341,39.4376945496,80.4650726318,84.1125106812,74.3589172363,216.1799926758,74.1313705444,21.7111835480
2024-04-30,488.7943420410,71.2105560303,38.8874435425,79.7777938843,83.7187881470,74.2673950195,211.8699951172,72.8772277832,21.4356613159
2024-05-01,487.2071533203,71.0538864136,38.9253883362,80.3658370972,84.0503158569,74.4161682129,213.7899932861,72.9046936035,21.1234035492
2024-05-02,491.7642211914,72.0123367310,39.9310150146,80.7106857300,84.4452133179,74.5263214111,213.1300048828,73.9299926758,21.1968765259
2024-05-03,497.8598327637,72.7311630249,40.2915306091,81.5274047852,84.9136199951,74.6456832886,212.9600067139,74.4243087769,21.2244300842
2024-05-06,503.0011291504,73.2288284302,40.3294715881,81.8450241089,84.9870681763,74.6364898682,215.1999969482,74.4883804321,21.4632148743
2024-05-07,503.5561828613,73.4223632812,40.1017913818,82.3441238403,85.2074813843,74.6456832886,214.2100067139,75.1932678223,21.4448471069
2024-05-08,503.6047363281,73.3394165039,40.1112747192,81.8450241089,84.9686965942,74.6273040771,213.5800018311,74.5616149902,21.3346366882
2024-05-09,506.5064697266,73.9015808105,40.2346038818,82.2443084717,85.2258377075,74.6916046143,216.9499969482,76.0903930664,21.4172935486
2024-05-10,507.1589050293,74.0398178101,40.3199882507,81.7815017700,84.9503326416,74.6273040771,218.7100067139,75.8798370361,21.3805599213
2024-05-13,507.2270812988,74.0398178101,40.6235771179,81.9902114868,85.0513763428,74.6456832886,216.2599945068,76.1270065308,21.5183200836
2024-05-14,509.5543823242,74.5927658081,40.8417778015,82.4530181885,85.2993240356,74.7191238403,218.0899963379,76.7128753662,21.4264774323
2024-05-15,515.8641357422,75.3853302002,41.2781791687,83.5783157349,85.9421997070,74.8568572998,220.8899993896,77.7747802734,21.4999504089
2024-05-16,514.8026733398,74.9798278809,41.3635635376,83.4966049194,85.7768783569,74.8017654419,220.0299987793,77.7198562622,21.5550537109
2024-05-17,515.5427856445,75.2378768921,41.5438232422,82.9339828491,85.5105438232,74.7558593750,223.6600036621,77.7107086182,21.7754726410
2024-05-20,516.1367187500,75.2931594849,41.3920249939,82.6889877319,85.3819732666,74.7375030518,224.5599975586,77.2529907227,21.9683399200
2024-05-21,517.4025878906,75.1733627319,41.1358757019,83.1154632568,85.6023864746,74.7742309570,224.2299957275,77.2255096436,21.8764972687
2024-05-22,515.9128417969,74.4637451172,41.0030593872,83.2153091431,85.4921646118,74.7191238403,220.1100006104,76.5297851562,21.5642375946
2024-05-23,512.1444091797,74.0858917236,40.6994781494,82.6798934937,85.1891326904,74.6823959351,215.7200012207,74.8820419312,21.4540309906
2024-05-24,515.5330810547,74.6941452026,40.8133201599,82.9249343872,85.2993240356,74.7099533081,215.9199981689,74.9369430542,21.6009769440
2024-05-28,515.8933715820,74.6664886475,40.7563934326,81.7361221313,84.8217468262,74.6456832886,218.1900024414,74.4426193237,21.9867095947
2024-05-29,512.2808227539,73.4868698120,40.1492195129,80.7469940186,84.4084777832,74.6181335449,216.1600036621,73.7194213867,21.7571048737
2024-05-30,508.8824462891,74.1043395996,40.0353775024,81.5274047852,84.8309478760,74.7007980347,216.5700073242,74.7996292114,21.4723987579
2024-05-31,513.5173339844,74.8139495850,39.6464042664,82.0809478760,85.2258377075,74.8017654419,215.3000030518,76.2002258301,21.3713741302
2024-06-03,513.9361572266,75.0259094238,40.0638351440,83.4085693359,85.7840347290,74.8865127563,217.2200012207,76.0263061523,21.0682983398
2024-06-04,514.5106201172,74.9337539673,39.5041007996,84.3828887939,86.2538146973,74.9601898193,215.2700042725,76.6121749878,20.8570652008
2024-06-05,520.6256713867,75.4590454102,40.1397361755,85.0020828247,86.5669708252,75.0338592529,217.8200073242,76.5206298828,20.9305381775
2024-06-06,520.6159057617,75.7171020508,40.3389625549,84.8746109009,86.5301513672,75.0431060791,219.4299926758,76.6671066284,21.2060604095
2024-06-07,519.9830322266,74.8968887329,39.8835868835,83.3175201416,85.6182250977,74.8496627808,211.6000061035,75.9439239502,20.9029865265
2024-06-10,521.5896606445,74.8415985107,40.1207580566,82.7620697021,85.4340362549,74.8588714600,213.5399932861,76.2002258301,21.2060604095
2024-06-11,522.8457031250,73.9911422729,39.9870223999,83.6180191040,85.8853607178,74.9417953491,214.1499938965,75.9256134033,21.1785087585
2024-06-12,527.1400146484,74.8631591797,40.3882293701,84.2462997437,86.3643569946,75.0431060791,214.7200012207,76.6030273438,21.2519798279
2024-06-13,528.2012329102,73.7942276001,40.2927093506,85.4846725464,86.9354553223,75.1628417969,212.9700012207,76.9142761230,21.2703475952
2024-06-14,528.5225219727,72.9784622192,40.3404693604,86.2040405273,87.1380844116,75.1720581055,215.7299957275,76.8959732056,21.1876926422
2024-06-17,532.7291870117,73.2691345215,40.5983886719,85.3481140137,86.7328186035,75.0983657837,214.6100006104,76.5938720703,21.2611637115
2024-06-18,534.0825805664,73.5597991943,40.9709396362,86.1312026978,87.1104660034,75.1996841431,215.4700012207,76.8959732056,21.4356613159
2024-06-20,532.6317749023,73.6066970825,40.9040718079,85.5575485229,86.8893966675,75.1720581055,218.1600036621,76.6762619019,21.4815826416
2024-06-21,531.9177246094,73.0909805298,40.7607803345,85.5575485229,86.9078216553,75.1996841431,214.7799987793,76.8685073853,21.3070850372
2024-06-24,530.1885986328,73.6723251343,40.7607803345,85.9035415649,86.9814987183,75.2088851929,215.6300048828,77.4635314941,21.4815826416
2024-06-25,532.2302246094,73.8504867554,40.6652565002,86.0492477417,87.0551986694,75.2181015015,214.5599975586,76.5114822388,21.2795333862
2024-06-26,532.8945312500,73.3066406250,40.5792846680,84.8199768066,86.5301513672,75.1444320679,212.5800018311,76.2734680176,21.3162689209
2024-06-27,533.7346801758,73.3628997803,40.6079368591,85.1568984985,86.7235794067,75.1996841431,214.9900054932,77.0149688721,21.4264774323
2024-06-28,531.6343383789,73.4472961426,40.6843605042,83.5724945068,86.2630386353,75.2088851929,215.0099945068,77.6294403076,21.3346366882
2024-07-01,532.7285156250,73.5785675049,40.7798881531,82.1301269531,85.6208953857,75.1442108154,215.5700073242,76.8972702026,21.6101608276
2024-07-02,536.3135986328,73.7567214966,40.9040718079,82.7695465088,85.9442825317,75.2088851929,215.5599975586,77.2587203979,21.6377124786
2024-07-03,538.7070312500,74.6006164551,41.5058822632,83.8565597534,86.5171127319,75.3198013306,217.9900054932,77.1845703125,21.7571048737
2024-07-05,541.8134155273,75.0975723267,41.6778259277,84.5508193970,86.9975662231,75.4584121704,220.9299926758,77.3977432251,21.8397636414
2024-07-08,542.4387207031,74.7225189209,41.6873817444,84.7334899902,87.0252380371,75.4491729736,218.1900024414,77.6479797363,21.5458717346
2024-07-09,542.9661254883,74.4224548340,41.8593254089,84.3589859009,86.9051437378,75.4306945801,218.5599975586,77.6294403076,21.3989238739
2024-07-10,548.3389282227,75.4726409912,42.0981407166,84.6239013672,86.9883041382,75.4584121704,219.3600006104,78.2040634155,21.3989238739
2024-07-11,543.6109008789,75.6883087158,42.3465080261,85.4459991455,87.5426712036,75.6340026855,223.2500000000,80.4469451904,21.4723987579
2024-07-12,547.0397338867,76.4946975708,42.5184516907,85.8114089966,87.7274627686,75.7449264526,223.1100006104,81.0586318970,21.3897418976
2024-07-15,548.5440063477,75.8195800781,42.0694808960,84.8248519897,87.4502716064,75.7449264526,223.8300018311,81.6054611206,21.2336120605
2024-07-16,551.7969970703,76.1852722168,42.3083000183,86.0214920044,87.8383483887,75.7726287842,228.2899932861,82.6064071655,21.1785087585
2024-07-17,544.0603027344,75.7820739746,41.6205139160,86.0397796631,87.9122238159,75.7818832397,227.2299957275,83.1717529297,21.1785087585
2024-07-18,539.8792114258,75.0319366455,41.2288551331,85.3820343018,87.6627883911,75.7449264526,225.7799987793,82.4395751953,21.0223789215
2024-07-19,536.2940673828,74.5724868774,40.8276481628,84.8796539307,87.3856201172,75.7079467773,221.7299957275,82.2912750244,20.7376728058
2024-07-22,541.8233032227,75.3601226807,41.1715431213,84.6330337524,87.3024444580,75.7172012329,221.8000030518,83.1439361572,20.7927761078
2024-07-23,540.9733276367,74.9381790161,40.8085441589,84.5142745972,87.3671340942,75.7541503906,222.5800018311,83.0790710449,20.5999107361
2024-07-24,528.7135009766,73.9911422729,40.2162818909,83.6007919312,87.1731033325,75.7911529541,221.8000030518,81.8556900024,20.5907249451
2024-07-25,525.9586791992,73.5223083496,40.0538902283,84.2858886719,87.3671340942,75.8003692627,218.3300018311,81.5869140625,20.6366462708
2024-07-26,531.8493041992,74.4599685669,40.4646530151,84.9436111450,87.7828826904,75.9020233154,220.6300048828,83.0141983032,20.4254131317
2024-07-29,532.1619262695,74.1317749023,40.3309173584,85.4003448486,87.9307479858,75.9112548828,220.3200073242,83.4405441284,20.3335704803
2024-07-30,529.4656982422,74.3005599976,40.1494178772,85.7291793823,88.1155166626,75.9389877319,222.5200042725,84.0893020630,20.2692813873
2024-07-31,538.0720214844,75.3507537842,41.0282554626,86.6060943604,88.7622833252,76.0961074829,226.5500030518,83.7927246094,20.7376728058
2024-08-01,530.4524536133,73.3535232544,40.3118133545,87.3530731201,89.1413040161,76.2277603149,225.7700042725,84.6361083984,20.4897003174
2024-08-02,520.5762329102,72.2001876831,39.7386589050,90.0751266479,90.5221099854,76.6542968750,225.3399963379,84.5897674561,20.1131515503
2024-08-05,505.4151000977,70.6249160767,38.6114540100,90.5517272949,90.6147842407,76.6357498169,222.4799957275,82.1708068848,20.0764179230
2024-08-06,510.0748291016,70.7468032837,38.8311653137,88.5262145996,89.8085403442,76.5430374146,220.6999969482,83.7927246094,19.9111042023
2024-08-07,506.6655273438,71.0843734741,39.0699806213,87.9029998779,89.4841613770,76.4966583252,220.5500030518,83.2180938721,20.0947856903
2024-08-08,518.3782348633,72.2752075195,39.9583702087,87.3622436523,89.2154388428,76.4595794678,224.0099945068,84.0336837769,20.2784671783
2024-08-09,520.6640625000,72.5565032959,40.1780776978,88.2237548828,89.5768508911,76.4781188965,224.5599975586,84.4229507446,20.3978595734
2024-08-12,520.9376831055,72.4908676147,40.3118133545,88.5445404053,89.8270721436,76.5244598389,228.4100036621,83.8019790649,20.6825675964
2024-08-13,529.5048217773,73.7379608154,40.7607803345,89.1586151123,90.2255325317,76.6450271606,228.0599975586,84.5341567993,20.4897003174
2024-08-14,531.1752929688,74.0098876953,40.5410690308,89.7177124023,90.3460388184,76.6357498169,226.1999969482,84.7565994263,20.3611240387
2024-08-15,540.2797241211,74.9100494385,40.9900436401,88.9936294556,89.7807464600,76.4502944946,226.9100036621,84.6917114258,20.5264377594
2024-08-16,541.4910888672,75.3226165771,41.4676666260,89.3052520752,89.9568176270,76.5337448120,231.9900054932,84.6453781128,20.3978595734
2024-08-19,546.6685180664,76.2415237427,41.8688774109,89.7177124023,90.0772933960,76.5152130127,231.6100006104,85.3497543335,20.2876510620
2024-08-20,545.7795410156,76.0071105957,41.5440940857,90.4325714111,90.4387054443,76.6264648438,232.4600067139,85.2478179932,20.2049942017
2024-08-21,547.6551513672,76.7103500366,41.7064857483,90.4875564575,90.6240463257,76.7099227905,232.1499938965,85.7019500732,20.1039695740
2024-08-22,543.3568725586,76.2602767944,41.1906471252,89.5893707275,90.2070236206,76.6079330444,229.3699951172,85.9521713257,20.0856037140
2024-08-23,549.1301879883,77.6574020386,41.8784294128,90.1759414673,90.6240463257,76.7840957642,232.0200042725,87.8428649902,20.4437808990
2024-08-26,547.8212280273,77.3104629517,41.5249900818,89.9468154907,90.5128555298,76.7470169067,232.7599945068,87.8057861328,20.6550140381
2024-08-27,548.5734252930,77.6667861938,41.5823059082,89.7909927368,90.4757766724,76.7933731079,233.3899993896,87.9355545044,20.5539894104
2024-08-28,545.3886718750,77.3948593140,41.3243827820,89.6810150146,90.4294586182,76.7840957642,231.7500000000,87.5926437378,20.3060188293
2024-08-29,545.4375610352,77.6855316162,41.3434829712,89.3877334595,90.2719116211,76.7748413086,232.9499969482,87.3238601685,20.5356235504
2024-08-30,550.6444091797,77.8074264526,41.4294586182,88.4345550537,89.9568176270,76.7748413086,231.2899932861,88.1672439575,20.3060188293
2024-09-03,539.3125610352,76.5790786743,40.6079368591,89.8809509277,90.5498275757,76.8567199707,230.2899932861,88.1209106445,19.9019203186
2024-09-04,538.2087402344,76.2415237427,40.5983886719,91.0395050049,91.0796203613,77.0241928101,230.4299926758,88.3711547852,19.7549743652
2024-09-05,536.8997802734,76.2602767944,40.6557044983,91.5544204712,91.2934036255,77.0521087646,232.3500061035,88.0838470459,19.8008937836
2024-09-06,527.8637695312,74.8256607056,39.9106025696,91.5452117920,91.4235382080,77.1916885376,230.6300048828,88.0004196167,19.5345573425
2024-09-09,533.7737426758,75.5757827759,40.2449493408,91.9405899048,91.5536651611,77.2009811401,231.6000061035,88.9828338623,19.5896606445
2024-09-10,536.0986938477,75.2007217407,40.0921020508,92.5842742920,91.9440231323,77.3126296997,232.6199951172,90.2711105347,19.3049545288
2024-09-11,541.5985107422,75.6508026123,40.3882293701,92.5106887817,91.8789749146,77.2475128174,232.2500000000,90.0950164795,19.4794502258
2024-09-12,546.1605224609,76.2696533203,40.7225685120,92.0785446167,91.7302474976,77.2568054199,236.3300018311,90.4750061035,19.8559989929
2024-09-13,549.0129394531,76.4478149414,40.9136276245,92.3268127441,91.9068756104,77.3684768677,238.6799926758,91.4203491211,19.8927364349
2024-09-16,549.8238525391,77.0666656494,41.0473594666,93.1727447510,92.1485137939,77.4149856567,238.6600036621,91.7262039185,20.0396804810
2024-09-17,550.0484619141,76.6353530884,41.0951232910,92.7221603394,91.9812316895,77.3591766357,237.3399963379,91.0867004395,20.1774406433
2024-09-18,548.4171142578,76.3915634155,40.9518318176,91.5727844238,91.5815353394,77.3312530518,235.5099945068,90.9754943848,20.0488643646
2024-09-19,557.7753906250,77.9011993408,41.8211135864,91.2693862915,91.5071868896,77.3963851929,239.1699981689,90.9940185547,20.4070453644
2024-09-20,556.8112792969,77.1323165894,41.7351417542,90.9199676514,91.4792938232,77.4243087769,242.2100067139,90.6325683594,20.4070453644
2024-09-23,558.2026977539,77.4229888916,42.0599288940,90.7268676758,91.4235382080,77.4243087769,242.6799926758,91.5315628052,20.4162292480
2024-09-24,559.7999267578,77.8824386597,43.4928131104,90.7084732056,91.5257644653,77.4987258911,246.0700073242,91.6613159180,20.7560386658
2024-09-25,558.5652465820,77.4604949951,43.0342903137,89.9544830322,91.1539840698,77.4336166382,245.7299957275,91.0496215820,20.5815429688
2024-09-26,560.7797851562,79.1670455933,44.6104660034,90.1659774780,91.0889282227,77.3591766357,246.9799957275,90.2247543335,20.3978595734
2024-09-27,559.9665527344,78.6888275146,44.5244903564,90.6349258423,91.4514083862,77.4801406860,245.0200042725,90.3397293091,20.4988842010
2024-09-30,562.2104492188,78.4169082642,43.8080482483,90.2027511597,91.2004699707,77.3684768677,243.0599975586,91.0500335693,20.4529647827
2024-10-01,557.1739501953,77.8355560303,44.1232833862,90.8540191650,91.5323257446,77.4179534912,245.6100006104,90.4612197876,20.8111438751
2024-10-02,557.4089965820,77.6761550903,44.9925651550,90.0883712769,91.2713165283,77.3992843628,245.6600036621,90.1434555054,20.9856433868
2024-10-03,556.3899536133,76.9541473389,44.4576263428,89.2397003174,90.8052139282,77.2965850830,245.4900054932,89.3209991455,21.2887172699
2024-10-04,561.4460449219,77.4042282104,44.8683853149,88.1419830322,89.9289474487,77.0352096558,245.0000000000,88.8910751343,21.3438224792
2024-10-07,556.3703613281,76.9729080200,45.2409324646,87.4777908325,89.6026611328,76.9325256348,244.1699981689,88.1059951782,21.6377124786
2024-10-08,561.6323242188,76.8510055542,44.1232833862,87.6253814697,89.6772308350,76.9978713989,242.3699951172,88.2835845947,21.1325874329
2024-10-09,565.5223999023,76.8697662354,43.8844642639,87.1272506714,89.3416595459,76.9231719971,241.0500030518,88.3770446777,20.9489040375
2024-10-10,564.5327758789,76.7759933472,43.9704399109,86.7859344482,89.3323364258,76.9885330200,242.8200073242,87.5919647217,21.3621902466
2024-10-11,567.9132690430,77.1698226929,44.2856788635,86.4353942871,89.3603134155,77.0538711548,245.4700012207,88.5826492310,21.3805599213
2024-10-14,572.5579223633,77.3948593140,44.1041755676,86.4999618530,89.2018432617,77.0165328979,245.0700073242,89.1153717041,21.0499324799
2024-10-15,568.1092529297,76.1102600098,43.1680259705,87.5515975952,89.6585998535,77.0538711548,245.9199981689,90.1901931763,20.6458301544
2024-10-16,570.5785522461,76.3071594238,43.5023689270,87.9205627441,89.7984390259,77.1005554199,247.1499938965,91.1808776855,20.5907249451
2024-10-17,570.6274414062,76.3165435791,43.4355010986,86.5276489258,89.3323364258,77.0352096558,248.6300048828,90.4612197876,20.6182785034
2024-10-18,572.8223876953,76.8322601318,43.8653640747,86.5922012329,89.4348907471,77.1005554199,251.2700042725,91.1341476440,20.5080699921
2024-10-21,571.8817749023,75.9227218628,43.5596809387,85.0793533325,88.7450408936,76.9885330200,251.2200012207,89.3490295410,20.5723590851
2024-10-22,571.5780029297,75.4914016724,43.4641609192,85.1623916626,88.6611404419,76.9791946411,253.9299926758,89.4798812866,20.9305381775
2024-10-23,566.3552246094,74.7318801880,43.2062377930,84.9317855835,88.4560775757,76.9325256348,250.8699951172,90.1341171265,20.8111438751
2024-10-24,567.5801391602,75.1538391113,43.1393737793,85.4760284424,88.6518325806,76.9698333740,252.8000030518,90.3303756714,20.8019599915
2024-10-25,567.3841552734,74.9006652832,43.1011581421,84.9963226318,88.4560775757,76.9418334961,253.3200073242,89.4798812866,20.9489040375
2024-10-28,569.1381225586,75.5007629395,43.2922058105,84.7657318115,88.2509765625,76.9044952393,253.3300018311,89.7602615356,20.3886775970
2024-10-29,570.0591430664,75.2288513184,43.1584739685,84.8948593140,88.2882843018,76.9325256348,256.0899963379,89.1153717041,20.3519401550
2024-10-30,568.3345947266,74.7412643433,42.7381629944,85.1439361572,88.1577606201,76.8671798706,257.5000000000,89.5079193115,20.6090946198
2024-10-31,557.1935424805,74.2818069458,42.4611396790,85.2822952271,88.1111450195,76.8858337402,253.5099945068,87.9938354492,20.7468547821
2024-11-01,559.5451660156,74.4318313599,42.4993476868,84.0799713135,87.5893936157,76.8605499268,252.4700012207,87.0218429565,20.5264377594
2024-11-04,558.3399658203,74.4880981445,42.7381629944,85.3850555420,88.0569305420,76.9167709351,252.8300018311,87.9751510620,20.8754329681
2024-11-05,565.0912475586,75.2288513184,43.3208656311,85.8385620117,88.1036682129,76.8980026245,253.3999938965,89.1434173584,21.0040111542
2024-11-06,579.1425170898,74.1411590576,42.7859230042,83.4876098633,87.1966476440,76.8043289185,245.6999969482,87.2461471558,20.7744083405
2024-11-07,583.6205444336,75.2663574219,43.7316284180,84.5334930420,87.8979568481,76.9354934692,249.6499938965,88.2929229736,20.9856433868
2024-11-08,586.1486816406,74.2255477905,42.6521911621,85.6071701050,88.0849838257,76.8792724609,247.9600067139,89.6107177734,20.6641998291
2024-11-11,586.7072143555,74.2443008423,42.3274078369,85.1906814575,87.8418502808,76.8230895996,242.1399993896,89.1621170044,20.3335704803
2024-11-12,584.8846435547,72.8659362793,41.5249900818,83.9133911133,87.2901611328,76.7481307983,240.0500030518,87.9284286499,20.2233638763
2024-11-13,585.1688232422,72.4346084595,41.2575149536,83.1173706055,87.2340469360,76.8605499268,237.6300048828,88.4144210815,20.1590747833
2024-11-14,581.4061279297,72.5846328735,41.0282554626,83.5986938477,87.2247009277,76.7481307983,237.0099945068,87.6199951172,20.1407051086
2024-11-15,573.9590454102,72.3220825195,41.0282554626,83.3765258789,87.2620925903,76.8324356079,236.5899963379,87.6667327881,20.0396804810
2024-11-18,576.3108520508,72.7159118652,41.4963264465,83.5246200562,87.4584655762,76.8886413574,241.0899963379,88.3022689819,20.4988842010
2024-11-19,578.4174804688,72.6221389771,41.4676666260,83.9503860474,87.6454772949,76.8886413574,243.2500000000,88.7321929932,20.5631732941
2024-11-20,578.6135253906,72.4252319336,41.4199066162,83.6819839478,87.5145797729,76.8511734009,244.6199951172,88.6200332642,20.5539894104
2024-11-21,581.7196655273,72.4439926147,41.3339347839,83.6171798706,87.4678115845,76.8324356079,246.6600036621,89.2742614746,20.7009372711
2024-11-22,583.5226440430,72.7252807617,41.3434829712,83.6634674072,87.5239105225,76.8230895996,249.8399963379,89.9471969604,20.7193031311
2024-11-25,585.5019531250,73.1003494263,41.3721466064,85.8293304443,88.4683685303,76.9729537964,242.4799957275,91.1995773315,20.4254131317
2024-11-26,588.5591430664,72.6784057617,41.2001991272,85.4961242676,88.2813568115,76.9729537964,242.9499969482,91.5640792847,20.4254131317
2024-11-27,586.7756958008,73.0722198486,41.2575149536,86.0884933472,88.6366806030,77.0197906494,243.4900054932,92.1528778076,20.3152046204
2024-11-29,590.4208984375,74.0473861694,41.3243827820,86.9770660400,89.0107040405,77.1134567261,245.5899963379,91.7416458130,20.3335704803
2024-12-02,591.4791259766,74.2536773682,41.4867744446,87.1860351562,89.0032043457,77.1087722778,243.4400024414,90.4051437378,20.1866264343
2024-12-03,591.7535400391,74.6756210327,41.5727500916,86.4337081909,88.7499542236,77.1181716919,243.9299926758,89.9471969604,20.4162292480
2024-12-04,595.4279785156,74.7318801880,41.6778259277,87.3625106812,89.0876159668,77.2027587891,244.6699981689,89.7041931152,20.3060188293
2024-12-05,594.4481201172,75.0975723267,41.9548492432,87.5389709473,89.0782699585,77.2027587891,242.8600006104,89.4892272949,20.2784671783
2024-12-06,595.5750732422,75.0882034302,41.8879852295,87.6689834595,89.3596267700,77.2779464722,242.9499969482,89.3583755493,20.1223373413
2024-12-09,592.5079956055,75.0413208008,42.7477111816,86.8609466553,89.0501098633,77.2497253418,245.3600006104,89.6107177734,20.3152046204
2024-12-10,590.6658935547,74.3661956787,42.0599288940,86.4522857666,88.8906784058,77.2403335571,248.5899963379,88.3116149902,20.3611240387
2024-12-11,595.2320556641,74.8350372314,42.2318763733,85.6349105835,88.6280288696,77.2215423584,250.9600067139,88.1059951782,20.6182785034
2024-12-12,592.1650390625,74.1786651611,42.0217208862,84.5946960449,88.2903442383,77.1839523315,247.2799987793,87.9657974243,20.5356235504
2024-12-13,592.0476074219,73.9723815918,42.0599288940,83.7309112549,87.8776397705,77.1463546753,244.2899932861,87.7134552002,20.5264377594
2024-12-16,594.5755004883,73.7285766602,41.8306694031,83.9816894531,87.9057998657,77.1557617188,244.8800048828,87.4050292969,20.4162292480
2024-12-17,592.1258544922,73.6116790771,41.7306175232,84.1860122681,87.9057998657,77.1651535034,243.9400024414,86.9844741821,20.2784671783
2024-12-18,574.4785156250,71.8058471680,40.7592315674,83.1333389282,87.2263488770,77.0237045288,239.2599945068,83.3955459595,20.0947856903
2024-12-19,574.3020019531,71.5777359009,40.8952255249,81.8745803833,86.8311080933,77.1085662842,239.6000061035,82.1057891846,20.0947856903
2024-12-20,581.1999511719,71.3781433105,41.0603637695,82.3408050537,87.1510848999,77.1180038452,242.1000061035,83.4890136719,20.2233638763
2024-12-23,584.6804199219,71.8438644409,41.2934913635,81.5855484009,86.7652282715,77.0708465576,240.9600067139,83.8155212402,20.2388420105
2024-12-24,591.1790771484,72.1004791260,41.4197731018,81.9305267334,86.8122940063,77.1085662842,241.4400024414,84.3722763062,20.3549346924
2024-12-26,591.2185058594,72.4426422119,41.2740707397,81.8839111328,86.8781585693,77.1274414062,243.0700073242,84.5987548828,20.2968864441
2024-12-27,584.9949951172,72.3380966187,41.0895042419,81.2125854492,86.6523208618,77.1462936401,241.3999938965,83.7494583130,20.3936309814
2024-12-30,578.3193359375,71.8628768921,40.7592315674,81.8652572632,87.1604919434,77.2594375610,240.6300048828,83.3342514038,20.5774459839
2024-12-31,576.2152709961,71.8628768921,40.6232376099,81.4270248413,87.0004959106,77.3066101074,242.1300048828,84.0608673096,20.6838626862
